Full Name,Firm,Title,Email,Website,City,Country,Timezone,Investment Stages,Sectors,Check Size Min,Check Size Max,Thesis,Portfolio Companies,Recent Investments,Recent Writing,Recent Activity Date,LinkedIn
Peter Berger,Alder Venture Partners,Principal,peter.berger@alder.vc,https://alder.vc,Boston,United States,America/New_York,Seed; Series A,Vertical SaaS; Marketplaces; Fintech,$100k,$500k,"Fintech infrastructure at pre-seed and seed, with a preference for embedded payments.",Fathom Social; Terrace; Cohort Systems; Bluewire; Paylode Health,Bluewire; Fathom Social,"Wrote a piece on why regulated industries adopt software through the CFO, not the end user.",2025-04-16,https://www.linkedin.com/in/peterberger
Ruth Dubois,Copper Beach Capital Partners,Partner,,https://copperbeach.vc,New York,United States,America/New_York,Growth,Enterprise Software; Data Infrastructure; AI,$100k,$500k,Seed-stage B2B software with a payments component. We like businesses where the software earns the right to touch the transaction.,Ember Grid; Orbital Freight; SiteLedger; Pathway Bio,SiteLedger; Ember Grid,Wrote about validator economics and where the fees really go.,2025-08-21,https://www.linkedin.com/in/ruthdubois
Hugo Dubois,Halcyon Partners,Founding Partner,hugo.dubois@halcyon.vc,https://halcyon.vc,Seattle,United States,America/Los_Angeles,Pre-Seed; Seed,Consumer Retail; DTC; Food,$2M,$10M,We invest in crypto protocols and the tooling around them.,Terrace; Ember Grid; Fathom Social; Cartwheel,Fathom Social; Terrace,Published notes on the consumer subscription shakeout.,2026-04-20,https://www.linkedin.com/in/hugodubois
Ivan Larsen,Tidewater Ventures,Venture Partner,submissions@tidewater.vc,https://tidewater.vc,San Francisco,United States,America/Los_Angeles,Pre-Seed; Seed,B2B SaaS; Fintech; Payments,250000,1500000,We fund vertical SaaS in industries that still run on spreadsheets and PDFs.,Bluewire; CareLoop; Cohort Systems; Verity Clinical,Cohort Systems; CareLoop,Wrote about why site-level cost data never reaches the sponsor's finance team in time.,2026-05-02,https://www.linkedin.com/in/ivanlarsen
Ana Tanaka,Granite Row Labs,General Partner,ana.tanaka@graniterow.vc,https://graniterow.vc,San Francisco,United States,America/Los_Angeles,Early Stage,Fintech; Insurtech; Payments,250000,1500000,We fund vertical SaaS in industries that still run on spreadsheets and PDFs.,Ember Grid; Bluewire; Ninefold; Cohort Systems,Ember Grid; Bluewire,"Blog post arguing that vertical software wins when it takes over the payment, not the record.",2026-05-06,https://www.linkedin.com/in/anatanaka
Priya Farrell,Longshore Partners,GP,priya.farrell@longshore.vc,https://longshore.vc,New York,United States,America/New_York,Pre-seed/Seed,Vertical SaaS; Marketplaces; Fintech,250000,1500000,Seed-stage B2B software with a payments component. We like businesses where the software earns the right to touch the transaction.,Pixelforge; Northstar Rx; Ember Grid; Loomstack,Loomstack; Pixelforge,Published notes on the consumer subscription shakeout.,2026-06-01,https://www.linkedin.com/in/priyafarrell
Ruth Ramirez,Ironwood Ventures,General Partner,ruth.ramirez@ironwood.vc,https://ironwood.vc,New York,United States,America/New_York,Early Stage,Fintech; Insurtech; Payments,500k,2M,"Fintech infrastructure at pre-seed and seed, with a preference for embedded payments.",Ninefold; Protocol IO; SiteLedger; Pixelforge,Protocol IO; Ninefold,Published notes on the consumer subscription shakeout.,2026-03-09,https://www.linkedin.com/in/ruthramirez
Clara Mbeki,Longshore Ventures,Partner,clara.mbeki@longshore.vc,https://longshore.vc,Austin,United States,America/Chicago,Seed,Vertical SaaS; Marketplaces; Fintech,250000,1500000,We fund vertical SaaS in industries that still run on spreadsheets and PDFs.,Protocol IO; Cartwheel; Ember Grid; Cohort Systems,Protocol IO; Ember Grid,"Blog post arguing that vertical software wins when it takes over the payment, not the record.",2026-03-31,https://www.linkedin.com/in/clarambeki
Elena Silva,Compass Rose Capital,Managing Partner,elena.silva@compassrose.vc,https://compassrose.vc,Stockholm,Sweden,Europe/Stockholm,Growth,Health IT; Clinical Trials; B2B SaaS,$1M,$5M,"Our thesis is vertical software for regulated industries: healthcare, clinical research and pharma services, where workflow and payments converge.",Corvus Health; Trialbase; CareLoop; Pathway Bio,Trialbase; Pathway Bio,"Wrote a piece on why regulated industries adopt software through the CFO, not the end user.",2026-03-01,https://www.linkedin.com/in/elenasilva
Ruth Iqbal,Longshore Capital,General Partner,ruth.iqbal@longshore.vc,https://longshore.vc,Austin,United States,America/Chicago,Series A; Series B,Crypto; Web3; DeFi,$1M,$5M,"Climate infrastructure, with a focus on grid-scale storage and industrial decarbonisation.",Ninefold; Bluewire; Pixelforge; Terrace; Greenphire,Bluewire; Terrace,Wrote about validator economics and where the fees really go.,2026-07-15,https://www.linkedin.com/in/ruthiqbal
Rosa Moreau,Blue Meridian Capital,Managing Partner,rosa.moreau@bluemeridian.vc,https://bluemeridian.vc,Boston,United States,America/New_York,Pre-seed/Seed,B2B SaaS; Fintech; Payments,250000,1500000,We fund vertical SaaS in industries that still run on spreadsheets and PDFs.,CareLoop; Loomstack; Protocol IO; Terrace,Protocol IO; Loomstack,"Blog post arguing that vertical software wins when it takes over the payment, not the record.",2026-05-28,https://www.linkedin.com/in/rosamoreau
Grace Silva,Cedar Point Labs,Managing Director,grace.silva@cedarpoint.vc,https://cedarpoint.vc,San Francisco,United States,America/Los_Angeles,Early Stage,Consumer Gaming; Social; Creator Economy,500k,2M,"Hard tech at seed: space, defense and advanced manufacturing.",Cartwheel; Bluewire; Loomstack; Ember Grid,Bluewire; Loomstack,Published notes on the consumer subscription shakeout.,2025-03-29,https://www.linkedin.com/in/gracesilva
Wei Nguyen,Northaven Ventures,Managing Partner,wei.nguyen@northaven.vc,https://northaven.vc,Boston,United States,America/New_York,Seed; Series A,Space; Defense; Advanced Manufacturing,250000,1500000,Consumer social and gaming at seed. We look for products with organic distribution.,Loomstack; Orbital Freight; Basalt; Pixelforge,Basalt; Pixelforge,Published notes on the consumer subscription shakeout.,2026-07-10,https://www.linkedin.com/in/weinguyen
Lucas Baumann,Halcyon Capital Partners,Managing Director,lucas.baumann@halcyon.vc,https://halcyon.vc,Seattle,United States,America/Los_Angeles,"seed, series a",Consumer Retail; DTC; Food,$100k,$500k,"Hard tech at seed: space, defense and advanced manufacturing.",Ember Grid; Bluewire; Terrace; Cartwheel; Mural Health,Mural Health; Ember Grid,Wrote about validator economics and where the fees really go.,2025-12-04,https://www.linkedin.com/in/lucasbaumann
Hana Farrell,Solstice Capital Partners,Founding Partner,hana.farrell@solstice.vc,https://solstice.vc,Boston,United States,America/New_York,Pre-Seed; Seed,Climate; Energy Storage; Industrial,250000,1500000,"Climate infrastructure, with a focus on grid-scale storage and industrial decarbonisation.",Pixelforge; Loomstack; Basalt; Terrace,Basalt; Terrace,Published notes on the consumer subscription shakeout.,2026-03-29,https://www.linkedin.com/in/hanafarrell
Priya Kaur,Quarry Partners,Venture Partner,priya.kaur@quarry.vc,https://quarry.vc,New York,United States,America/New_York,"seed, series a",Crypto; Web3; DeFi,$2M,$10M,"Climate infrastructure, with a focus on grid-scale storage and industrial decarbonisation.",Pixelforge; Loomstack; Bluewire; Orbital Freight,Pixelforge; Orbital Freight,Published notes on the consumer subscription shakeout.,2026-02-18,https://www.linkedin.com/in/priyakaur
Arjun Berger,Ashford Labs,General Partner,arjun.berger@ashford.vc,https://ashford.vc,Chicago,United States,America/Chicago,Pre-seed/Seed,Consumer Retail; DTC; Food,250000,1500000,We invest in crypto protocols and the tooling around them.,Cartwheel; Basalt; Orbital Freight; Terrace,Basalt; Terrace,Posted on why grid interconnection queues are the real climate bottleneck.,2025-05-22,https://www.linkedin.com/in/arjunberger
Arjun Andersen,Alder Capital,Venture Partner,arjun.andersen@alder.vc,https://alder.vc,San Francisco,United States,America/Los_Angeles,Seed,Vertical SaaS; Marketplaces; Fintech,$2M,$10M,Seed-stage B2B software with a payments component. We like businesses where the software earns the right to touch the transaction.,Orbital Freight; Radial Health; Bluewire; Pixelforge,Radial Health; Bluewire,"Blog post arguing that vertical software wins when it takes over the payment, not the record.",2025-07-23,https://www.linkedin.com/in/arjunandersen
Noah Tanaka,Ironwood Venture Partners,Managing Director,noah.tanaka@ironwood.vc,https://ironwood.vc,Austin,United States,America/Chicago,Early Stage,Consumer Retail; DTC; Food,$250k,$1M,We invest in crypto protocols and the tooling around them.,Terrace; Ninefold; Cartwheel; Pixelforge,Cartwheel; Pixelforge,Published notes on the consumer subscription shakeout.,2026-07-10,https://www.linkedin.com/in/noahtanaka
Noah Vasquez,Silverline Capital,Partner,noah.vasquez@silverline.vc,https://silverline.vc,Chicago,United States,America/Chicago,Seed; Series A,B2B SaaS; Fintech; Payments,$2M,$10M,"Fintech infrastructure at pre-seed and seed, with a preference for embedded payments.",Radial Health; Cohort Systems; Bluewire; Loomstack,Loomstack; Bluewire,"Wrote a piece on why regulated industries adopt software through the CFO, not the end user.",2026-04-20,https://www.linkedin.com/in/noahvasquez
Mateo Okafor,Cedar Point Partners,Managing Director,mateo.okafor@cedarpoint.vc,https://cedarpoint.vc,San Francisco,United States,America/Los_Angeles,Growth,Health IT; Clinical Trials; B2B SaaS,250000,1500000,"We back seed-stage companies rebuilding the financial plumbing of healthcare delivery, with a bias toward clinical operations and life sciences infrastructure.",Cohort Systems; CareLoop; Verity Clinical; Trialbase,CareLoop; Cohort Systems,"Blog post arguing that vertical software wins when it takes over the payment, not the record.",2026-04-26,https://www.linkedin.com/in/mateookafor
Mei Haddad,Granite Row Capital,Founding Partner,mei.haddad@graniterow.vc,https://graniterow.vc,San Francisco,United States,America/Los_Angeles,Pre-Seed; Seed,Healthtech; Digital Health; Life Sciences,$100k,$500k,"Digital health infrastructure at seed. We look for companies that move money or data between sponsors, sites and patients.",Corvus Health; Radial Health; Trialbase; SiteLedger,Radial Health; Trialbase,Wrote about why site-level cost data never reaches the sponsor's finance team in time.,2026-05-04,https://www.linkedin.com/in/meihaddad
Lucas Fontaine,Ashford Labs,Founding Partner,lucas.fontaine@ashford.vc,https://ashford.vc,Chicago,United States,America/Chicago,Pre-seed/Seed,Consumer Retail; DTC; Food,250000,1500000,We invest in crypto protocols and the tooling around them.,Cartwheel; Basalt; Orbital Freight; Terrace,Cartwheel; Terrace,Published notes on the consumer subscription shakeout.,2026-05-10,https://www.linkedin.com/in/lucasfontaine
Leah Kaur,Kestrel Capital Partners,Managing Partner,leah.kaur@kestrel.vc,https://kestrel.vc,Boston,United States,America/New_York,Seed,Health IT; Clinical Trials; B2B SaaS,$1M,$5M,"Digital health infrastructure at seed. We look for companies that move money or data between sponsors, sites and patients.",CareLoop; Radial Health; Northstar Rx; Verity Clinical,Verity Clinical; Northstar Rx,Podcast appearance on how clinical research became a working-capital business.,2025-04-06,https://www.linkedin.com/in/leahkaur
Daniel Brenner,Kestrel Ventures,Principal,daniel.brenner@kestrel.vc,https://kestrel.vc,Chicago,United States,America/Chicago,Series A; Series B,Fintech; Insurtech; Payments,$100k,$500k,Seed-stage B2B software with a payments component. We like businesses where the software earns the right to touch the transaction.,Cartwheel; Pathway Bio; Corvus Health; Protocol IO,Corvus Health; Protocol IO,"Wrote a piece on why regulated industries adopt software through the CFO, not the end user.",2026-05-01,https://www.linkedin.com/in/danielbrenner
Grace Fontaine,Pinemark Capital,General Partner,grace.fontaine@pinemark.vc,https://pinemark.vc,San Francisco,United States,America/Los_Angeles,"seed, series a",Consumer Gaming; Social; Creator Economy,500k,2M,We invest in crypto protocols and the tooling around them.,Bluewire; Orbital Freight; Basalt; Fathom Social; Greenphire,Fathom Social; Bluewire,Wrote about validator economics and where the fees really go.,2025-12-20,https://www.linkedin.com/in/gracefontaine
Lucas Brenner,Solstice Venture Partners,Principal,lucas.brenner@solstice.vc,https://solstice.vc,Boston,United States,America/New_York,Seed; Series A,Crypto; Web3; DeFi,$1M,$5M,"Hard tech at seed: space, defense and advanced manufacturing.",Pixelforge; Orbital Freight; Ninefold; Bluewire,Pixelforge; Ninefold,Wrote about validator economics and where the fees really go.,2025-07-16,https://www.linkedin.com/in/lucasbrenner
Tomas Tanaka,Fifth Harbor Labs,Founding Partner,tomas.tanaka@fifthharbor.vc,https://fifthharbor.vc,Austin,United States,America/Chicago,Growth,Digital Health; Fintech; Healthcare Services,250000,1500000,"We back seed-stage companies rebuilding the financial plumbing of healthcare delivery, with a bias toward clinical operations and life sciences infrastructure.",SiteLedger; Radial Health; Verity Clinical; Protocol IO,SiteLedger; Verity Clinical,Podcast appearance on how clinical research became a working-capital business.,2026-02-28,https://www.linkedin.com/in/tomastanaka
Peter Dubois,Lantern Ventures,Principal,peter.dubois@lantern.vc,https://lantern.vc,Boston,United States,America/New_York,Early Stage,Fintech; Insurtech; Payments,$250k,$1M,"Fintech infrastructure at pre-seed and seed, with a preference for embedded payments.",Terrace; Radial Health; Basalt; Ninefold,Terrace; Ninefold,Podcast appearance on how clinical research became a working-capital business.,2026-03-09,https://www.linkedin.com/in/peterdubois
Omar Alvarez,Kestrel Capital,Managing Partner,omar.alvarez@kestrel.vc,https://kestrel.vc,Austin,United States,America/Chicago,Seed; Series A,Healthcare; Payments; Vertical SaaS,500k,2M,"Our thesis is vertical software for regulated industries: healthcare, clinical research and pharma services, where workflow and payments converge.",SiteLedger; Cohort Systems; Verity Clinical; Pathway Bio,SiteLedger; Verity Clinical,Posted a breakdown of where trial budgets actually leak between sponsor and site.,2026-02-17,https://www.linkedin.com/in/omaralvarez
Nadia Andersen,Fifth Harbor Partners,Founding Partner,nadia.andersen@fifthharbor.vc,https://fifthharbor.vc,New York,United States,America/New_York,Seed,Digital Health; Fintech; Healthcare Services,500k,2M,"We back seed-stage companies rebuilding the financial plumbing of healthcare delivery, with a bias toward clinical operations and life sciences infrastructure.",Northstar Rx; Corvus Health; Protocol IO; SiteLedger,SiteLedger; Northstar Rx,"Wrote a piece on why regulated industries adopt software through the CFO, not the end user.",2026-06-02,https://www.linkedin.com/in/nadiaandersen
Nils Tanaka,Northaven Ventures,General Partner,nils.tanaka@northaven.vc,https://northaven.vc,Boston,United States,America/New_York,Seed; Series A,Space; Defense; Advanced Manufacturing,250000,1500000,Consumer social and gaming at seed. We look for products with organic distribution.,Loomstack; Orbital Freight; Basalt; Pixelforge,Orbital Freight; Pixelforge,Published notes on the consumer subscription shakeout.,2025-12-06,https://www.linkedin.com/in/nilstanaka
Lucas Moreau,Northaven Capital,Managing Director,lucas.moreau@northaven.vc,https://northaven.vc,Boston,United States,America/New_York,Seed; Series A,Space; Defense; Advanced Manufacturing,$250k,$1M,Consumer social and gaming at seed. We look for products with organic distribution.,Pixelforge; Cartwheel; Ember Grid; Fathom Social,Fathom Social; Pixelforge,Posted on why grid interconnection queues are the real climate bottleneck.,2026-03-22,https://www.linkedin.com/in/lucasmoreau
Wei Weber,Two Bridges Labs,Partner,wei.weber@twobridges.vc,https://twobridges.vc,New York,United States,America/New_York,Series A; Series B,Enterprise Software; Data Infrastructure; AI,$250k,$1M,Seed-stage B2B software with a payments component. We like businesses where the software earns the right to touch the transaction.,Basalt; Ember Grid; CareLoop; Terrace,CareLoop; Terrace,"Blog post arguing that vertical software wins when it takes over the payment, not the record.",2026-04-06,https://www.linkedin.com/in/weiweber
Ana Moreau,Lantern Capital Partners,Venture Partner,ana.moreau@lantern.vc,https://lantern.vc,Boston,United States,America/New_York,Pre-Seed; Seed,Healthcare; Payments; Vertical SaaS,$100k,$500k,"Digital health infrastructure at seed. We look for companies that move money or data between sponsors, sites and patients.",Pathway Bio; Cohort Systems; Corvus Health; Verity Clinical,Pathway Bio; Corvus Health,Wrote about why site-level cost data never reaches the sponsor's finance team in time.,2025-03-05,https://www.linkedin.com/in/anamoreau
Ivan Nguyen,Solstice Capital,Managing Director,ivan.nguyen@solstice.vc,https://solstice.vc,Seattle,United States,America/Los_Angeles,Growth,Life Sciences Tools; Healthtech; Data Infrastructure,$250k,$1M,"Digital health infrastructure at seed. We look for companies that move money or data between sponsors, sites and patients.",Verity Clinical; Trialbase; SiteLedger; Pathway Bio; TrialPay Sciences,TrialPay Sciences; SiteLedger,Posted a breakdown of where trial budgets actually leak between sponsor and site.,2025-10-10,https://www.linkedin.com/in/ivannguyen
Ana Silva,Grove Lane Labs,Managing Partner,ana.silva@grovelane.vc,https://grovelane.vc,Chicago,United States,America/Chicago,Seed; Series A,Enterprise Software; Data Infrastructure; AI,500k,2M,We fund vertical SaaS in industries that still run on spreadsheets and PDFs.,Protocol IO; Radial Health; Bluewire; Verity Clinical,Verity Clinical; Bluewire,Posted on why grid interconnection queues are the real climate bottleneck.,2026-05-26,https://www.linkedin.com/in/anasilva
Priya Fontaine,Tidewater Partners,GP,priya.fontaine@tidewater.vc,https://tidewater.vc,Berlin,Germany,Europe/Berlin,Growth,Digital Health; Fintech; Healthcare Services,$250k,$1M,"Digital health infrastructure at seed. We look for companies that move money or data between sponsors, sites and patients.",Trialbase; Protocol IO; CareLoop; Verity Clinical,CareLoop; Protocol IO,Posted a breakdown of where trial budgets actually leak between sponsor and site.,2025-06-08,https://www.linkedin.com/in/priyafontaine
Leah Haddad,Larkspur Labs,Partner,leah.haddad@larkspur.vc,https://larkspur.vc,Berlin,Germany,Europe/Berlin,Seed,Consumer Gaming; Social; Creator Economy,$1M,$5M,Consumer social and gaming at seed. We look for products with organic distribution.,Bluewire; Loomstack; Ember Grid; Fathom Social,Ember Grid; Bluewire,Published notes on the consumer subscription shakeout.,2026-02-23,https://www.linkedin.com/in/leahhaddad
Diego Petrov,Compass Rose Labs,Principal,diego.petrov@compassrose.vc,https://compassrose.vc,Chicago,United States,America/Chicago,Growth,Consumer Retail; DTC; Food,$100k,$500k,Consumer social and gaming at seed. We look for products with organic distribution.,Cartwheel; Ninefold; Pixelforge; Fathom Social,Fathom Social; Ninefold,Posted on why grid interconnection queues are the real climate bottleneck.,2026-07-09,https://www.linkedin.com/in/diegopetrov
Nils Dubois,Northaven Venture Partners,General Partner,nils.dubois@northaven.vc,https://northaven.vc,London,United Kingdom,Europe/London,"seed, series a",B2B SaaS; Fintech; Payments,$100k,$500k,"Fintech infrastructure at pre-seed and seed, with a preference for embedded payments.",Protocol IO; CareLoop; Northstar Rx; Ninefold,Ninefold; Northstar Rx,Posted on why grid interconnection queues are the real climate bottleneck.,2026-04-09,https://www.linkedin.com/in/nilsdubois
Ruth Sharma,Lantern Partners,General Partner,ruth.sharma@lantern.vc,https://lantern.vc,Chicago,United States,America/Chicago,Seed,Life Sciences Tools; Healthtech; Data Infrastructure,$1M,$5M,"We back seed-stage companies rebuilding the financial plumbing of healthcare delivery, with a bias toward clinical operations and life sciences infrastructure.",Cohort Systems; Radial Health; Corvus Health; CareLoop,Radial Health; CareLoop,"Blog post arguing that vertical software wins when it takes over the payment, not the record.",2026-03-17,https://www.linkedin.com/in/ruthsharma
Marcus Chen,Two Bridges Ventures,Venture Partner,marcus.chen@twobridges.vc,https://twobridges.vc,New York,United States,America/New_York,Pre-Seed; Seed,Consumer Gaming; Social; Creator Economy,$100k,$500k,"Climate infrastructure, with a focus on grid-scale storage and industrial decarbonisation.",Terrace; Fathom Social; Basalt; Orbital Freight,Orbital Freight; Fathom Social,Published notes on the consumer subscription shakeout.,2026-03-23,https://www.linkedin.com/in/marcuschen
Clara Andersen,Hollow Creek Venture Partners,Venture Partner,clara.andersen@hollowcreek.vc,https://hollowcreek.vc,London,United Kingdom,Europe/London,Growth,Consumer Gaming; Social; Creator Economy,$100k,$500k,"Hard tech at seed: space, defense and advanced manufacturing.",Cartwheel; Pixelforge; Bluewire; Loomstack,Bluewire; Cartwheel,Posted on why grid interconnection queues are the real climate bottleneck.,2026-04-14,https://www.linkedin.com/in/claraandersen
Elena Costa,Tidewater Capital,Venture Partner,submissions@tidewater.vc,https://tidewater.vc,London,United Kingdom,Europe/London,Pre-Seed; Seed,Digital Health; Fintech; Healthcare Services,$250k,$1M,"We invest in health IT founders selling into providers, CROs and sponsors, especially where the buyer has a measurable cost of delay.",Northstar Rx; Trialbase; Corvus Health; Pathway Bio,Corvus Health; Pathway Bio,"Wrote a piece on why regulated industries adopt software through the CFO, not the end user.",2026-04-29,https://www.linkedin.com/in/elenacosta
Sofia Kowalski,Ashford Ventures,Partner,sofia.kowalski@ashford.vc,https://ashford.vc,Singapore,Singapore,Asia/Singapore,Growth,Climate; Energy Storage; Industrial,500k,2M,"Hard tech at seed: space, defense and advanced manufacturing.",Loomstack; Pixelforge; Orbital Freight; Ninefold,Loomstack; Ninefold,Posted on why grid interconnection queues are the real climate bottleneck.,2025-09-18,https://www.linkedin.com/in/sofiakowalski
Ana Fontaine,Silverline Capital Partners,Founding Partner,ana.fontaine@silverline.vc,https://silverline.vc,New York,United States,America/New_York,Growth,Crypto; Web3; DeFi,$250k,$1M,"Hard tech at seed: space, defense and advanced manufacturing.",Bluewire; Basalt; Ninefold; Cartwheel,Basalt; Cartwheel,Wrote about validator economics and where the fees really go.,2026-06-17,https://www.linkedin.com/in/anafontaine
Amara Chen,Ashford Venture Partners,Venture Partner,amara.chen@ashford.vc,https://ashford.vc,New York,United States,America/New_York,Early Stage,Healthtech; Digital Health; Life Sciences,$2M,$10M,"Digital health infrastructure at seed. We look for companies that move money or data between sponsors, sites and patients.",Verity Clinical; Radial Health; Corvus Health; Protocol IO,Radial Health; Protocol IO,Podcast appearance on how clinical research became a working-capital business.,2025-04-23,https://www.linkedin.com/in/amarachen
Ivan Kowalski,Copper Beach Partners,GP,ivan.kowalski@copperbeach.vc,https://copperbeach.vc,Seattle,United States,America/Los_Angeles,Early Stage,Life Sciences Tools; Healthtech; Data Infrastructure,$100k,$500k,"We back seed-stage companies rebuilding the financial plumbing of healthcare delivery, with a bias toward clinical operations and life sciences infrastructure.",Trialbase; Radial Health; Pathway Bio; Verity Clinical,Pathway Bio; Radial Health,"Blog post arguing that vertical software wins when it takes over the payment, not the record.",2026-06-23,https://www.linkedin.com/in/ivankowalski
Peter Tanaka,Kestrel Labs,Partner,peter.tanaka@kestrel.vc,https://kestrel.vc,New York,United States,America/New_York,"seed, series a",Fintech; Insurtech; Payments,500k,2M,"Fintech infrastructure at pre-seed and seed, with a preference for embedded payments.",Fathom Social; Radial Health; SiteLedger; CareLoop,Radial Health; SiteLedger,Posted on why grid interconnection queues are the real climate bottleneck.,2026-07-02,https://www.linkedin.com/in/petertanaka
Amara Vasquez,Northaven Ventures,Managing Director,amara.vasquez@northaven.vc,https://northaven.vc,Boston,United States,America/New_York,Seed; Series A,Space; Defense; Advanced Manufacturing,250000,1500000,Consumer social and gaming at seed. We look for products with organic distribution.,Loomstack; Orbital Freight; Basalt; Pixelforge,Basalt; Loomstack,Posted on why grid interconnection queues are the real climate bottleneck.,2026-07-02,https://www.linkedin.com/in/amaravasquez
Peter Baumann,Tidewater Capital Partners,Principal,submissions@tidewater.vc,https://tidewater.vc,Stockholm,Sweden,Europe/Stockholm,Growth,Health IT; Clinical Trials; B2B SaaS,500k,2M,"We invest in health IT founders selling into providers, CROs and sponsors, especially where the buyer has a measurable cost of delay.",Cohort Systems; CareLoop; Corvus Health; Northstar Rx,Cohort Systems; Northstar Rx,"Wrote a piece on why regulated industries adopt software through the CFO, not the end user.",2026-04-28,https://www.linkedin.com/in/peterbaumann
Ruth Berger,Marlow Capital Partners,Managing Director,ruth.berger@marlow.vc,https://marlow.vc,New York,United States,America/New_York,Seed,Fintech; Insurtech; Payments,$250k,$1M,We fund vertical SaaS in industries that still run on spreadsheets and PDFs.,Ninefold; Protocol IO; Bluewire; Verity Clinical,Bluewire; Ninefold,Wrote about why site-level cost data never reaches the sponsor's finance team in time.,2026-04-11,https://www.linkedin.com/in/ruthberger
Priya Nguyen,Foundry Row Capital Partners,GP,priya.nguyen@foundryrow.vc,https://foundryrow.vc,San Francisco,United States,America/Los_Angeles,Seed; Series A,Consumer Retail; DTC; Food,500k,2M,We invest in crypto protocols and the tooling around them.,Ember Grid; Orbital Freight; Pixelforge; Fathom Social,Pixelforge; Orbital Freight,Posted on why grid interconnection queues are the real climate bottleneck.,2026-05-29,https://www.linkedin.com/in/priyanguyen
Grace Rossi,Ashford Capital Partners,Managing Partner,grace.rossi@ashford.vc,https://ashford.vc,Singapore,Singapore,Asia/Singapore,"seed, series a",Climate; Energy Storage; Industrial,500k,2M,"Climate infrastructure, with a focus on grid-scale storage and industrial decarbonisation.",Loomstack; Ninefold; Basalt; Bluewire,Loomstack; Basalt,Wrote about validator economics and where the fees really go.,2026-04-11,https://www.linkedin.com/in/gracerossi
Daniel Mbeki,Two Bridges Capital,Partner,daniel.mbeki@twobridges.vc,https://twobridges.vc,New York,United States,America/New_York,Seed; Series A,Life Sciences Tools; Healthtech; Data Infrastructure,$2M,$10M,"Digital health infrastructure at seed. We look for companies that move money or data between sponsors, sites and patients.",Verity Clinical; Radial Health; Trialbase; Corvus Health,Verity Clinical; Corvus Health,"Wrote a piece on why regulated industries adopt software through the CFO, not the end user.",2026-07-15,https://www.linkedin.com/in/danielmbeki
Jonas Haddad,Beacon Ridge Venture Partners,GP,jonas.haddad@beaconridge.vc,https://beaconridge.vc,Toronto,Canada,America/Toronto,Pre-seed/Seed,Health IT; Clinical Trials; B2B SaaS,250000,1500000,"Our thesis is vertical software for regulated industries: healthcare, clinical research and pharma services, where workflow and payments converge.",Protocol IO; Corvus Health; Radial Health; CareLoop,Radial Health; Corvus Health,"Blog post arguing that vertical software wins when it takes over the payment, not the record.",2026-03-31,https://www.linkedin.com/in/jonashaddad
Mateo Baumann,Vantage Hill Labs,Senior Associate,mateo.baumann@vantagehill.vc,https://vantagehill.vc,London,United Kingdom,Europe/London,"seed, series a",Enterprise Software; Data Infrastructure; AI,250000,1500000,Seed-stage B2B software with a payments component. We like businesses where the software earns the right to touch the transaction.,Orbital Freight; Radial Health; Basalt; CareLoop,Orbital Freight; CareLoop,Posted a breakdown of where trial budgets actually leak between sponsor and site.,2025-11-14,https://www.linkedin.com/in/mateobaumann
Samir Vasquez,Marlow Partners,Managing Director,samir.vasquez@marlow.vc,https://marlow.vc,San Francisco,United States,America/Los_Angeles,Early Stage,Consumer Retail; DTC; Food,$100k,$500k,Consumer social and gaming at seed. We look for products with organic distribution.,Ember Grid; Fathom Social; Ninefold; Terrace,Terrace; Ember Grid,Wrote about validator economics and where the fees really go.,2025-04-01,https://www.linkedin.com/in/samirvasquez
Omar Mbeki,Longshore Capital Partners,Founding Partner,omar.mbeki@longshore.vc,https://longshore.vc,Toronto,Canada,America/Toronto,Seed; Series A,Enterprise Software; Data Infrastructure; AI,$1M,$5M,"Fintech infrastructure at pre-seed and seed, with a preference for embedded payments.",Basalt; CareLoop; Fathom Social; Radial Health,Basalt; Fathom Social,Wrote about why site-level cost data never reaches the sponsor's finance team in time.,2026-05-06,https://www.linkedin.com/in/omarmbeki
Hugo Vasquez,Cedar Point Capital,Founding Partner,hugo.vasquez@cedarpoint.vc,https://cedarpoint.vc,Stockholm,Sweden,Europe/Stockholm,Seed,Climate; Energy Storage; Industrial,$1M,$5M,"Climate infrastructure, with a focus on grid-scale storage and industrial decarbonisation.",Orbital Freight; Loomstack; Pixelforge; Ember Grid,Orbital Freight; Pixelforge,Posted on why grid interconnection queues are the real climate bottleneck.,2026-06-16,https://www.linkedin.com/in/hugovasquez
Wei Berger,Beacon Ridge Venture Partners,Founding Partner,wei.berger@beaconridge.vc,https://beaconridge.vc,Toronto,Canada,America/Toronto,Pre-seed/Seed,Health IT; Clinical Trials; B2B SaaS,250000,1500000,"Our thesis is vertical software for regulated industries: healthcare, clinical research and pharma services, where workflow and payments converge.",Protocol IO; Corvus Health; Radial Health; CareLoop,CareLoop; Radial Health,"Blog post arguing that vertical software wins when it takes over the payment, not the record.",2026-06-14,https://www.linkedin.com/in/weiberger
Diego Vasquez,Grove Lane Ventures,Principal,diego.vasquez@grovelane.vc,https://grovelane.vc,Austin,United States,America/Chicago,Seed; Series A,Consumer Gaming; Social; Creator Economy,$250k,$1M,"Climate infrastructure, with a focus on grid-scale storage and industrial decarbonisation.",Pixelforge; Ninefold; Cartwheel; Ember Grid; Greenphire,Ember Grid; Ninefold,Posted on why grid interconnection queues are the real climate bottleneck.,2026-05-14,https://www.linkedin.com/in/diegovasquez
Elena Moreau,Rivermark Capital,Managing Director,elena.moreau@rivermark.vc,https://rivermark.vc,London,United Kingdom,Europe/London,Seed; Series A,Life Sciences Tools; Healthtech; Data Infrastructure,$250k,$1M,"We invest in health IT founders selling into providers, CROs and sponsors, especially where the buyer has a measurable cost of delay.",CareLoop; SiteLedger; Trialbase; Radial Health,Radial Health; SiteLedger,"Blog post arguing that vertical software wins when it takes over the payment, not the record.",2025-04-04,https://www.linkedin.com/in/elenamoreau
Nils Baumann,Longshore Capital Partners,Managing Partner,nils.baumann@longshore.vc,https://longshore.vc,Toronto,Canada,America/Toronto,Seed; Series A,Enterprise Software; Data Infrastructure; AI,$1M,$5M,"Fintech infrastructure at pre-seed and seed, with a preference for embedded payments.",Basalt; CareLoop; Fathom Social; Radial Health,Basalt; Fathom Social,Posted on why grid interconnection queues are the real climate bottleneck.,2025-03-16,https://www.linkedin.com/in/nilsbaumann
Lucas Ramirez,Copper Beach Venture Partners,Managing Partner,lucas.ramirez@copperbeach.vc,https://copperbeach.vc,New York,United States,America/New_York,Pre-Seed; Seed,Consumer Retail; DTC; Food,$2M,$10M,Consumer social and gaming at seed. We look for products with organic distribution.,Basalt; Loomstack; Fathom Social; Ninefold,Basalt; Fathom Social,Published notes on the consumer subscription shakeout.,2026-02-08,https://www.linkedin.com/in/lucasramirez
Marcus Osei,Longshore Capital,GP,marcus.osei@longshore.vc,https://longshore.vc,Austin,United States,America/Chicago,Series A; Series B,Crypto; Web3; DeFi,$1M,$5M,"Climate infrastructure, with a focus on grid-scale storage and industrial decarbonisation.",Ninefold; Bluewire; Pixelforge; Terrace; Greenphire,Terrace; Bluewire,Wrote about validator economics and where the fees really go.,2026-05-25,https://www.linkedin.com/in/marcusosei
Talia Baumann,Rivermark Capital Partners,GP,talia.baumann@rivermark.vc,https://rivermark.vc,Seattle,United States,America/Los_Angeles,Growth,Life Sciences Tools; Healthtech; Data Infrastructure,500k,2M,"We invest in health IT founders selling into providers, CROs and sponsors, especially where the buyer has a measurable cost of delay.",Corvus Health; Pathway Bio; Verity Clinical; Trialbase,Corvus Health; Pathway Bio,Wrote about why site-level cost data never reaches the sponsor's finance team in time.,2025-08-05,https://www.linkedin.com/in/taliabaumann
Hugo Rossi,Pinemark Labs,Partner,hugo.rossi@pinemark.vc,https://pinemark.vc,San Francisco,United States,America/Los_Angeles,"seed, series a",Consumer Retail; DTC; Food,500k,2M,Consumer social and gaming at seed. We look for products with organic distribution.,Cartwheel; Basalt; Fathom Social; Loomstack,Cartwheel; Fathom Social,Wrote about validator economics and where the fees really go.,2026-02-22,https://www.linkedin.com/in/hugorossi
Nadia Brenner,Marlow Capital Partners,GP,nadia.brenner@marlow.vc,https://marlow.vc,New York,United States,America/New_York,Seed,Fintech; Insurtech; Payments,$250k,$1M,We fund vertical SaaS in industries that still run on spreadsheets and PDFs.,Ninefold; Protocol IO; Bluewire; Verity Clinical,Bluewire; Ninefold,Wrote about why site-level cost data never reaches the sponsor's finance team in time.,2025-04-28,https://www.linkedin.com/in/nadiabrenner
Fatima Chen,Granite Row Labs,General Partner,,https://graniterow.vc,San Francisco,United States,America/Los_Angeles,Early Stage,Fintech; Insurtech; Payments,250000,1500000,We fund vertical SaaS in industries that still run on spreadsheets and PDFs.,Ember Grid; Bluewire; Ninefold; Cohort Systems,Cohort Systems; Ember Grid,Posted a breakdown of where trial budgets actually leak between sponsor and site.,2026-03-30,https://www.linkedin.com/in/fatimachen
Freya Lindqvist,Silverline Labs,Founding Partner,freya.lindqvist@silverline.vc,https://silverline.vc,San Francisco,United States,America/Los_Angeles,Seed,Health IT; Clinical Trials; B2B SaaS,$100k,$500k,"Digital health infrastructure at seed. We look for companies that move money or data between sponsors, sites and patients.",CareLoop; Verity Clinical; Trialbase; Cohort Systems,Cohort Systems; CareLoop,Podcast appearance on how clinical research became a working-capital business.,2025-05-16,https://www.linkedin.com/in/freyalindqvist
Felix Moreau,Silverline Partners,General Partner,felix.moreau@silverline.vc,https://silverline.vc,Austin,United States,America/Chicago,Pre-seed/Seed,Crypto; Web3; DeFi,$1M,$5M,"Hard tech at seed: space, defense and advanced manufacturing.",Ember Grid; Orbital Freight; Loomstack; Ninefold,Orbital Freight; Loomstack,Posted on why grid interconnection queues are the real climate bottleneck.,2026-04-03,https://www.linkedin.com/in/felixmoreau
Marcus Ramirez,Granite Row Partners,General Partner,marcus.ramirez@graniterow.vc,https://graniterow.vc,Boston,United States,America/New_York,Pre-seed/Seed,Digital Health; Fintech; Healthcare Services,500k,2M,"Digital health infrastructure at seed. We look for companies that move money or data between sponsors, sites and patients.",SiteLedger; Protocol IO; Corvus Health; Cohort Systems,Cohort Systems; Corvus Health,Posted a breakdown of where trial budgets actually leak between sponsor and site.,2026-02-22,https://www.linkedin.com/in/marcusramirez
Kenji Berger,Lantern Venture Partners,Partner,kenji.berger@lantern.vc,https://lantern.vc,San Francisco,United States,America/Los_Angeles,Early Stage,Crypto; Web3; DeFi,$1M,$5M,Consumer social and gaming at seed. We look for products with organic distribution.,Ember Grid; Bluewire; Terrace; Orbital Freight,Ember Grid; Terrace,Wrote about validator economics and where the fees really go.,2026-07-16,https://www.linkedin.com/in/kenjiberger
Marcus Mbeki,Kestrel Capital,General Partner,marcus.mbeki@kestrel.vc,https://kestrel.vc,Austin,United States,America/Chicago,Seed; Series A,Healthcare; Payments; Vertical SaaS,500k,2M,"Our thesis is vertical software for regulated industries: healthcare, clinical research and pharma services, where workflow and payments converge.",SiteLedger; Cohort Systems; Verity Clinical; Pathway Bio,Pathway Bio; Cohort Systems,Posted a breakdown of where trial budgets actually leak between sponsor and site.,2025-11-04,https://www.linkedin.com/in/marcusmbeki
Felix Ramirez,Ashford Capital,Founding Partner,felix.ramirez@ashford.vc,https://ashford.vc,New York,United States,America/New_York,Pre-Seed; Seed,Fintech; Insurtech; Payments,$250k,$1M,We fund vertical SaaS in industries that still run on spreadsheets and PDFs.,Loomstack; Pathway Bio; Ember Grid; Protocol IO,Ember Grid; Loomstack,Wrote about validator economics and where the fees really go.,2025-07-02,https://www.linkedin.com/in/felixramirez
Hana Petrov,Rivermark Capital Partners,Partner,hana.petrov@rivermark.vc,https://rivermark.vc,Seattle,United States,America/Los_Angeles,Growth,Life Sciences Tools; Healthtech; Data Infrastructure,500k,2M,"We invest in health IT founders selling into providers, CROs and sponsors, especially where the buyer has a measurable cost of delay.",Corvus Health; Pathway Bio; Verity Clinical; Trialbase,Verity Clinical; Pathway Bio,Podcast appearance on how clinical research became a working-capital business.,2025-12-22,https://www.linkedin.com/in/hanapetrov
Nadia Berger,Compass Rose Partners,Managing Director,nadia.berger@compassrose.vc,https://compassrose.vc,Seattle,United States,America/Los_Angeles,Growth,Healthcare; Payments; Vertical SaaS,$250k,$1M,"Digital health infrastructure at seed. We look for companies that move money or data between sponsors, sites and patients.",Cohort Systems; Protocol IO; Trialbase; Verity Clinical,Cohort Systems; Verity Clinical,"Wrote a piece on why regulated industries adopt software through the CFO, not the end user.",2026-06-12,https://www.linkedin.com/in/nadiaberger
Ade Okafor,Beacon Ridge Capital Partners,Venture Partner,ade.okafor@beaconridge.vc,https://beaconridge.vc,Seattle,United States,America/Los_Angeles,"seed, series a",Healthcare; Payments; Vertical SaaS,500k,2M,"Digital health infrastructure at seed. We look for companies that move money or data between sponsors, sites and patients.",Protocol IO; Cohort Systems; Radial Health; Northstar Rx,Northstar Rx; Protocol IO,Wrote about why site-level cost data never reaches the sponsor's finance team in time.,2025-07-10,https://www.linkedin.com/in/adeokafor
Iris Silva,Foundry Row Capital Partners,General Partner,iris.silva@foundryrow.vc,https://foundryrow.vc,San Francisco,United States,America/Los_Angeles,Seed; Series A,Consumer Retail; DTC; Food,500k,2M,We invest in crypto protocols and the tooling around them.,Ember Grid; Orbital Freight; Pixelforge; Fathom Social,Ember Grid; Fathom Social,Posted on why grid interconnection queues are the real climate bottleneck.,2026-04-05,https://www.linkedin.com/in/irissilva
Ravi Novak,Beacon Ridge Partners,Partner,ravi.novak@beaconridge.vc,https://beaconridge.vc,Austin,United States,America/Chicago,Series A; Series B,Enterprise Software; Data Infrastructure; AI,250000,1500000,"Fintech infrastructure at pre-seed and seed, with a preference for embedded payments.",Corvus Health; Basalt; Orbital Freight; Verity Clinical,Basalt; Orbital Freight,Published notes on the consumer subscription shakeout.,2026-02-28,https://www.linkedin.com/in/ravinovak
Nadia Okafor,Kestrel Capital,Managing Director,nadia.okafor@kestrel.vc,https://kestrel.vc,Austin,United States,America/Chicago,Seed; Series A,Healthcare; Payments; Vertical SaaS,500k,2M,"Our thesis is vertical software for regulated industries: healthcare, clinical research and pharma services, where workflow and payments converge.",SiteLedger; Cohort Systems; Verity Clinical; Pathway Bio,SiteLedger; Cohort Systems,Posted a breakdown of where trial budgets actually leak between sponsor and site.,2026-05-06,https://www.linkedin.com/in/nadiaokafor
Ravi Iqbal,Solstice Ventures,Principal,ravi.iqbal@solstice.vc,https://solstice.vc,London,United Kingdom,Europe/London,Pre-Seed; Seed,Digital Health; Fintech; Healthcare Services,$2M,$10M,"We invest in health IT founders selling into providers, CROs and sponsors, especially where the buyer has a measurable cost of delay.",CareLoop; Protocol IO; Cohort Systems; Verity Clinical,CareLoop; Protocol IO,Podcast appearance on how clinical research became a working-capital business.,2025-12-06,https://www.linkedin.com/in/raviiqbal
Yara Osei,Longshore Labs,General Partner,deals@longshore.vc,https://longshore.vc,Boston,United States,America/New_York,Pre-Seed; Seed,B2B SaaS; Fintech; Payments,$2M,$10M,"Fintech infrastructure at pre-seed and seed, with a preference for embedded payments.",Orbital Freight; Radial Health; Cartwheel; Bluewire,Radial Health; Bluewire,Wrote about validator economics and where the fees really go.,2025-06-01,https://www.linkedin.com/in/yaraosei
Talia Rossi,Marlow Ventures,Venture Partner,talia.rossi@marlow.vc,https://marlow.vc,San Francisco,United States,America/Los_Angeles,"seed, series a",Healthtech; Digital Health; Life Sciences,500k,2M,"We back seed-stage companies rebuilding the financial plumbing of healthcare delivery, with a bias toward clinical operations and life sciences infrastructure.",Trialbase; Pathway Bio; Verity Clinical; Corvus Health,Pathway Bio; Trialbase,Podcast appearance on how clinical research became a working-capital business.,2026-05-29,https://www.linkedin.com/in/taliarossi
Nils Haddad,Vantage Hill Partners,Managing Director,nils.haddad@vantagehill.vc,https://vantagehill.vc,Chicago,United States,America/Chicago,Growth,Consumer Retail; DTC; Food,250000,1500000,"Hard tech at seed: space, defense and advanced manufacturing.",Loomstack; Basalt; Fathom Social; Ember Grid,Fathom Social; Basalt,Wrote about validator economics and where the fees really go.,2026-05-18,https://www.linkedin.com/in/nilshaddad
Fatima Novak,Rivermark Venture Partners,GP,fatima.novak@rivermark.vc,https://rivermark.vc,Stockholm,Sweden,Europe/Stockholm,Pre-seed/Seed,B2B SaaS; Fintech; Payments,250000,1500000,Seed-stage B2B software with a payments component. We like businesses where the software earns the right to touch the transaction.,Cartwheel; Corvus Health; Fathom Social; Basalt,Basalt; Fathom Social,Wrote about why site-level cost data never reaches the sponsor's finance team in time.,2026-02-20,https://www.linkedin.com/in/fatimanovak
Priya Costa,Copper Beach Partners,Principal,priya.costa@copperbeach.vc,https://copperbeach.vc,Seattle,United States,America/Los_Angeles,Early Stage,Life Sciences Tools; Healthtech; Data Infrastructure,$100k,$500k,"We back seed-stage companies rebuilding the financial plumbing of healthcare delivery, with a bias toward clinical operations and life sciences infrastructure.",Trialbase; Radial Health; Pathway Bio; Verity Clinical,Verity Clinical; Pathway Bio,"Wrote a piece on why regulated industries adopt software through the CFO, not the end user.",2026-05-11,https://www.linkedin.com/in/priyacosta
Felix Silva,Kestrel Partners,Managing Director,felix.silva@kestrel.vc,https://kestrel.vc,New York,United States,America/New_York,"seed, series a",Healthcare; Payments; Vertical SaaS,500k,2M,"Our thesis is vertical software for regulated industries: healthcare, clinical research and pharma services, where workflow and payments converge.",Northstar Rx; SiteLedger; Cohort Systems; CareLoop,CareLoop; SiteLedger,Wrote about why site-level cost data never reaches the sponsor's finance team in time.,2025-04-03,https://www.linkedin.com/in/felixsilva
Elena Fontaine,Pinemark Venture Partners,Partner,elena.fontaine@pinemark.vc,https://pinemark.vc,Boston,United States,America/New_York,"seed, series a",Healthtech; Digital Health; Life Sciences,$1M,$5M,"We invest in health IT founders selling into providers, CROs and sponsors, especially where the buyer has a measurable cost of delay.",CareLoop; Radial Health; Northstar Rx; Cohort Systems,CareLoop; Radial Health,Posted a breakdown of where trial budgets actually leak between sponsor and site.,2026-06-07,https://www.linkedin.com/in/elenafontaine
Noah Kowalski,Halcyon Ventures,Managing Partner,noah.kowalski@halcyon.vc,https://halcyon.vc,Austin,United States,America/Chicago,Series A; Series B,Crypto; Web3; DeFi,500k,2M,Consumer social and gaming at seed. We look for products with organic distribution.,Cartwheel; Loomstack; Bluewire; Orbital Freight,Orbital Freight; Bluewire,Published notes on the consumer subscription shakeout.,2025-12-02,https://www.linkedin.com/in/noahkowalski
Sofia Vasquez,Ironwood Venture Partners,Managing Director,sofia.vasquez@ironwood.vc,https://ironwood.vc,Austin,United States,America/Chicago,Early Stage,Consumer Retail; DTC; Food,$250k,$1M,We invest in crypto protocols and the tooling around them.,Terrace; Ninefold; Cartwheel; Pixelforge,Terrace; Pixelforge,Posted on why grid interconnection queues are the real climate bottleneck.,2025-05-26,https://www.linkedin.com/in/sofiavasquez
Daniel Kaur,Alder Partners,Principal,daniel.kaur@alder.vc,https://alder.vc,Austin,United States,America/Chicago,Early Stage,Healthtech; Digital Health; Life Sciences,$250k,$1M,"We invest in health IT founders selling into providers, CROs and sponsors, especially where the buyer has a measurable cost of delay.",Radial Health; Pathway Bio; Cohort Systems; Protocol IO,Protocol IO; Cohort Systems,Posted a breakdown of where trial budgets actually leak between sponsor and site.,2026-04-06,https://www.linkedin.com/in/danielkaur
Clara Haddad,Ashford Partners,Venture Partner,clara.haddad@ashford.vc,https://ashford.vc,Stockholm,Sweden,Europe/Stockholm,"seed, series a",Health IT; Clinical Trials; B2B SaaS,$100k,$500k,"Our thesis is vertical software for regulated industries: healthcare, clinical research and pharma services, where workflow and payments converge.",Radial Health; Trialbase; Northstar Rx; Corvus Health,Radial Health; Northstar Rx,Posted a breakdown of where trial budgets actually leak between sponsor and site.,2026-02-18,https://www.linkedin.com/in/clarahaddad
Ruth Fontaine,Northaven Venture Partners,Managing Partner,ruth.fontaine@northaven.vc,https://northaven.vc,London,United Kingdom,Europe/London,"seed, series a",B2B SaaS; Fintech; Payments,$100k,$500k,"Fintech infrastructure at pre-seed and seed, with a preference for embedded payments.",Protocol IO; CareLoop; Northstar Rx; Ninefold,Protocol IO; CareLoop,Published notes on the consumer subscription shakeout.,2026-03-22,https://www.linkedin.com/in/ruthfontaine
Priya Berger,Pinemark Labs,Venture Partner,priya.berger@pinemark.vc,https://pinemark.vc,San Francisco,United States,America/Los_Angeles,"seed, series a",Consumer Retail; DTC; Food,500k,2M,Consumer social and gaming at seed. We look for products with organic distribution.,Cartwheel; Basalt; Fathom Social; Loomstack,Cartwheel; Fathom Social,Published notes on the consumer subscription shakeout.,2026-07-13,https://www.linkedin.com/in/priyaberger
Amara Costa,Lantern Ventures,Founding Partner,amara.costa@lantern.vc,https://lantern.vc,Boston,United States,America/New_York,Early Stage,Fintech; Insurtech; Payments,$250k,$1M,"Fintech infrastructure at pre-seed and seed, with a preference for embedded payments.",Terrace; Radial Health; Basalt; Ninefold,Radial Health; Ninefold,Published notes on the consumer subscription shakeout.,2025-05-16,https://www.linkedin.com/in/amaracosta
Rosa Nguyen,Tidewater Capital Partners,Partner,rosa.nguyen@tidewater.vc,https://tidewater.vc,Stockholm,Sweden,Europe/Stockholm,Growth,Health IT; Clinical Trials; B2B SaaS,500k,2M,"We invest in health IT founders selling into providers, CROs and sponsors, especially where the buyer has a measurable cost of delay.",Cohort Systems; CareLoop; Corvus Health; Northstar Rx,CareLoop; Cohort Systems,Posted a breakdown of where trial budgets actually leak between sponsor and site.,2025-12-04,https://www.linkedin.com/in/rosanguyen
Omar Weber,Hollow Creek Venture Partners,Founding Partner,omar.weber@hollowcreek.vc,https://hollowcreek.vc,London,United Kingdom,Europe/London,Growth,Consumer Gaming; Social; Creator Economy,$100k,$500k,"Hard tech at seed: space, defense and advanced manufacturing.",Cartwheel; Pixelforge; Bluewire; Loomstack,Pixelforge; Bluewire,Posted on why grid interconnection queues are the real climate bottleneck.,2026-03-20,https://www.linkedin.com/in/omarweber
Felix Lindqvist,Ashford Partners,Founding Partner,deals@ashford.vc,https://ashford.vc,Stockholm,Sweden,Europe/Stockholm,"seed, series a",Health IT; Clinical Trials; B2B SaaS,$100k,$500k,"Our thesis is vertical software for regulated industries: healthcare, clinical research and pharma services, where workflow and payments converge.",Radial Health; Trialbase; Northstar Rx; Corvus Health,Trialbase; Corvus Health,Wrote about why site-level cost data never reaches the sponsor's finance team in time.,2026-04-18,https://www.linkedin.com/in/felixlindqvist
Fatima Rossi,Two Bridges Labs,General Partner,fatima.rossi@twobridges.vc,https://twobridges.vc,New York,United States,America/New_York,Series A; Series B,Enterprise Software; Data Infrastructure; AI,$250k,$1M,Seed-stage B2B software with a payments component. We like businesses where the software earns the right to touch the transaction.,Basalt; Ember Grid; CareLoop; Terrace,Basalt; Terrace,Wrote about why site-level cost data never reaches the sponsor's finance team in time.,2025-03-10,https://www.linkedin.com/in/fatimarossi
Felix Chen,Foundry Row Capital,Principal,felix.chen@foundryrow.vc,https://foundryrow.vc,New York,United States,America/New_York,Series A; Series B,Health IT; Clinical Trials; B2B SaaS,500k,2M,"We back seed-stage companies rebuilding the financial plumbing of healthcare delivery, with a bias toward clinical operations and life sciences infrastructure.",Protocol IO; Verity Clinical; Northstar Rx; Cohort Systems,Cohort Systems; Verity Clinical,"Blog post arguing that vertical software wins when it takes over the payment, not the record.",2026-07-09,https://www.linkedin.com/in/felixchen
Hana Sharma,Ironwood Partners,Managing Director,hana.sharma@ironwood.vc,https://ironwood.vc,New York,United States,America/New_York,Growth,Consumer Gaming; Social; Creator Economy,250000,1500000,Consumer social and gaming at seed. We look for products with organic distribution.,Pixelforge; Ninefold; Orbital Freight; Terrace,Ninefold; Pixelforge,Published notes on the consumer subscription shakeout.,2026-05-22,https://www.linkedin.com/in/hanasharma
Ruth Rossi,Quarry Ventures,GP,ruth.rossi@quarry.vc,https://quarry.vc,New York,United States,America/New_York,Series A; Series B,Enterprise Software; Data Infrastructure; AI,250000,1500000,Seed-stage B2B software with a payments component. We like businesses where the software earns the right to touch the transaction.,Trialbase; Bluewire; CareLoop; Corvus Health,Trialbase; Corvus Health,Published notes on the consumer subscription shakeout.,2026-07-10,https://www.linkedin.com/in/ruthrossi
Noah Okafor,Hollow Creek Capital,Venture Partner,noah.okafor@hollowcreek.vc,https://hollowcreek.vc,Berlin,Germany,Europe/Berlin,Seed; Series A,Consumer Gaming; Social; Creator Economy,500k,2M,"Climate infrastructure, with a focus on grid-scale storage and industrial decarbonisation.",Pixelforge; Orbital Freight; Ember Grid; Cartwheel,Ember Grid; Orbital Freight,Posted on why grid interconnection queues are the real climate bottleneck.,2026-07-10,https://www.linkedin.com/in/noahokafor
Noah Brenner,Compass Rose Venture Partners,Managing Partner,noah.brenner@compassrose.vc,https://compassrose.vc,Chicago,United States,America/Chicago,Series A; Series B,B2B SaaS; Fintech; Payments,$2M,$10M,Seed-stage B2B software with a payments component. We like businesses where the software earns the right to touch the transaction.,Pixelforge; Protocol IO; Ember Grid; Basalt,Ember Grid; Protocol IO,Published notes on the consumer subscription shakeout.,2025-11-09,https://www.linkedin.com/in/noahbrenner
Zoe Rossi,Marlow Ventures,Chief of Staff,zoe.rossi@marlow.vc,https://marlow.vc,San Francisco,United States,America/Los_Angeles,"seed, series a",Healthtech; Digital Health; Life Sciences,500k,2M,"We back seed-stage companies rebuilding the financial plumbing of healthcare delivery, with a bias toward clinical operations and life sciences infrastructure.",Trialbase; Pathway Bio; Verity Clinical; Corvus Health,Pathway Bio; Verity Clinical,"Wrote a piece on why regulated industries adopt software through the CFO, not the end user.",2026-06-25,https://www.linkedin.com/in/zoerossi
Marcus Sharma,Ironwood Ventures,Managing Director,marcus.sharma@ironwood.vc,https://ironwood.vc,New York,United States,America/New_York,Early Stage,Fintech; Insurtech; Payments,500k,2M,"Fintech infrastructure at pre-seed and seed, with a preference for embedded payments.",Ninefold; Protocol IO; SiteLedger; Pixelforge,Ninefold; SiteLedger,"Wrote a piece on why regulated industries adopt software through the CFO, not the end user.",2026-04-27,https://www.linkedin.com/in/marcussharma
Arjun Novak,Hollow Creek Ventures,Managing Director,arjun.novak@hollowcreek.vc,https://hollowcreek.vc,Singapore,Singapore,Asia/Singapore,Seed,Vertical SaaS; Marketplaces; Fintech,$250k,$1M,"Fintech infrastructure at pre-seed and seed, with a preference for embedded payments.",Pixelforge; Ninefold; Northstar Rx; Orbital Freight,Orbital Freight; Ninefold,"Blog post arguing that vertical software wins when it takes over the payment, not the record.",2026-03-26,https://www.linkedin.com/in/arjunnovak
Wei Ramirez,Quarry Capital Partners,Venture Partner,wei.ramirez@quarry.vc,https://quarry.vc,Chicago,United States,America/Chicago,"seed, series a",Space; Defense; Advanced Manufacturing,$250k,$1M,We invest in crypto protocols and the tooling around them.,Orbital Freight; Ember Grid; Loomstack; Basalt,Ember Grid; Basalt,Wrote about validator economics and where the fees really go.,2026-06-28,https://www.linkedin.com/in/weiramirez
Marcus Iqbal,Marlow Labs,Managing Director,marcus.iqbal@marlow.vc,https://marlow.vc,Seattle,United States,America/Los_Angeles,Seed,Life Sciences Tools; Healthtech; Data Infrastructure,$250k,$1M,"Our thesis is vertical software for regulated industries: healthcare, clinical research and pharma services, where workflow and payments converge.",Cohort Systems; Radial Health; Protocol IO; Northstar Rx,Cohort Systems; Northstar Rx,Wrote about why site-level cost data never reaches the sponsor's finance team in time.,2026-02-13,https://www.linkedin.com/in/marcusiqbal
Leah Lindqvist,Beacon Ridge Partners,Venture Partner,leah.lindqvist@beaconridge.vc,https://beaconridge.vc,Austin,United States,America/Chicago,Series A; Series B,Enterprise Software; Data Infrastructure; AI,250000,1500000,"Fintech infrastructure at pre-seed and seed, with a preference for embedded payments.",Corvus Health; Basalt; Orbital Freight; Verity Clinical,Verity Clinical; Orbital Freight,Wrote about validator economics and where the fees really go.,2026-07-17,https://www.linkedin.com/in/leahlindqvist
Priya Mbeki,Cedar Point Capital,Partner,priya.mbeki@cedarpoint.vc,https://cedarpoint.vc,Stockholm,Sweden,Europe/Stockholm,Seed,Climate; Energy Storage; Industrial,$1M,$5M,"Climate infrastructure, with a focus on grid-scale storage and industrial decarbonisation.",Orbital Freight; Loomstack; Pixelforge; Ember Grid,Orbital Freight; Ember Grid,Wrote about validator economics and where the fees really go.,2025-04-27,https://www.linkedin.com/in/priyambeki
Felix Dubois,Granite Row Capital Partners,Partner,felix.dubois@graniterow.vc,https://graniterow.vc,San Francisco,United States,America/Los_Angeles,"seed, series a",Digital Health; Fintech; Healthcare Services,$1M,$5M,"We back seed-stage companies rebuilding the financial plumbing of healthcare delivery, with a bias toward clinical operations and life sciences infrastructure.",Protocol IO; Verity Clinical; CareLoop; SiteLedger,CareLoop; Protocol IO,"Wrote a piece on why regulated industries adopt software through the CFO, not the end user.",2025-11-05,https://www.linkedin.com/in/felixdubois
Leah Nguyen,Pinemark Labs,Managing Director,deals@pinemark.vc,https://pinemark.vc,San Francisco,United States,America/Los_Angeles,"seed, series a",Consumer Retail; DTC; Food,500k,2M,Consumer social and gaming at seed. We look for products with organic distribution.,Cartwheel; Basalt; Fathom Social; Loomstack,Basalt; Cartwheel,Wrote about validator economics and where the fees really go.,2026-03-30,https://www.linkedin.com/in/leahnguyen
Grace Okafor,Compass Rose Ventures,Partner,grace.okafor@compassrose.vc,https://compassrose.vc,Boston,United States,America/New_York,Seed,Life Sciences Tools; Healthtech; Data Infrastructure,500k,2M,"Digital health infrastructure at seed. We look for companies that move money or data between sponsors, sites and patients.",Corvus Health; SiteLedger; Verity Clinical; Radial Health,Verity Clinical; Radial Health,Wrote about why site-level cost data never reaches the sponsor's finance team in time.,2026-05-27,https://www.linkedin.com/in/graceokafor
Mateo Haddad,Ashford Capital,Venture Partner,mateo.haddad@ashford.vc,https://ashford.vc,New York,United States,America/New_York,Pre-Seed; Seed,Fintech; Insurtech; Payments,$250k,$1M,We fund vertical SaaS in industries that still run on spreadsheets and PDFs.,Loomstack; Pathway Bio; Ember Grid; Protocol IO,Loomstack; Ember Grid,Podcast appearance on how clinical research became a working-capital business.,2026-05-31,https://www.linkedin.com/in/mateohaddad
Ruth Tanaka,Ashford Capital,GP,ruth.tanaka@ashford.vc,https://ashford.vc,New York,United States,America/New_York,Pre-Seed; Seed,Fintech; Insurtech; Payments,$250k,$1M,We fund vertical SaaS in industries that still run on spreadsheets and PDFs.,Loomstack; Pathway Bio; Ember Grid; Protocol IO,Loomstack; Ember Grid,Podcast appearance on how clinical research became a working-capital business.,2026-03-22,https://www.linkedin.com/in/ruthtanaka
Wei Kaur,Solstice Labs,Principal,wei.kaur@solstice.vc,https://solstice.vc,New York,United States,America/New_York,Seed,Healthtech; Digital Health; Life Sciences,$250k,$1M,"Digital health infrastructure at seed. We look for companies that move money or data between sponsors, sites and patients.",Verity Clinical; Northstar Rx; Protocol IO; SiteLedger,SiteLedger; Verity Clinical,Posted a breakdown of where trial budgets actually leak between sponsor and site.,2025-08-27,https://www.linkedin.com/in/weikaur
Daniel Haddad,Quarry Labs,Managing Partner,daniel.haddad@quarry.vc,https://quarry.vc,Boston,United States,America/New_York,Pre-Seed; Seed,Health IT; Clinical Trials; B2B SaaS,250000,1500000,"We invest in health IT founders selling into providers, CROs and sponsors, especially where the buyer has a measurable cost of delay.",Radial Health; Northstar Rx; Trialbase; Cohort Systems,Northstar Rx; Cohort Systems,Wrote about why site-level cost data never reaches the sponsor's finance team in time.,2026-04-28,https://www.linkedin.com/in/danielhaddad
Aisha Lindqvist,Granite Row Venture Partners,Founding Partner,aisha.lindqvist@graniterow.vc,https://graniterow.vc,London,United Kingdom,Europe/London,"seed, series a",Consumer Retail; DTC; Food,$1M,$5M,We invest in crypto protocols and the tooling around them.,Loomstack; Cartwheel; Fathom Social; Ninefold,Fathom Social; Loomstack,Posted on why grid interconnection queues are the real climate bottleneck.,2026-04-03,https://www.linkedin.com/in/aishalindqvist
Talia Kaur,Windward Ventures,GP,talia.kaur@windward.vc,https://windward.vc,Austin,United States,America/Chicago,"seed, series a",Healthcare; Payments; Vertical SaaS,$100k,$500k,"Digital health infrastructure at seed. We look for companies that move money or data between sponsors, sites and patients.",Verity Clinical; Trialbase; Cohort Systems; Pathway Bio,Verity Clinical; Trialbase,Podcast appearance on how clinical research became a working-capital business.,2026-07-21,https://www.linkedin.com/in/taliakaur
Yara Dubois,Pinemark Ventures,Venture Partner,yara.dubois@pinemark.vc,https://pinemark.vc,New York,United States,America/New_York,Pre-Seed; Seed,Climate; Energy Storage; Industrial,$100k,$500k,We invest in crypto protocols and the tooling around them.,Basalt; Orbital Freight; Bluewire; Terrace,Basalt; Orbital Freight,Published notes on the consumer subscription shakeout.,2026-05-04,https://www.linkedin.com/in/yaradubois
Samir Sharma,Copper Beach Ventures,Managing Director,samir.sharma@copperbeach.vc,https://copperbeach.vc,Boston,United States,America/New_York,Series A; Series B,B2B SaaS; Fintech; Payments,250000,1500000,We fund vertical SaaS in industries that still run on spreadsheets and PDFs.,Ember Grid; Radial Health; Corvus Health; Cohort Systems,Radial Health; Corvus Health,Wrote about validator economics and where the fees really go.,2026-03-31,https://www.linkedin.com/in/samirsharma
Leah Kowalski,Cedar Point Capital Partners,Managing Partner,leah.kowalski@cedarpoint.vc,https://cedarpoint.vc,Boston,United States,America/New_York,Pre-Seed; Seed,Fintech; Insurtech; Payments,$1M,$5M,We fund vertical SaaS in industries that still run on spreadsheets and PDFs.,CareLoop; Orbital Freight; Verity Clinical; Bluewire,Verity Clinical; Bluewire,Podcast appearance on how clinical research became a working-capital business.,2026-07-08,https://www.linkedin.com/in/leahkowalski
Tomas Lindqvist,Blue Meridian Partners,Founding Partner,tomas.lindqvist@bluemeridian.vc,https://bluemeridian.vc,San Francisco,United States,America/Los_Angeles,Pre-seed/Seed,Climate; Energy Storage; Industrial,$1M,$5M,We invest in crypto protocols and the tooling around them.,Pixelforge; Cartwheel; Ninefold; Ember Grid,Pixelforge; Ember Grid,Wrote about validator economics and where the fees really go.,2026-06-16,https://www.linkedin.com/in/tomaslindqvist
Diego Farrell,Two Bridges Ventures,Founding Partner,diego.farrell@twobridges.vc,https://twobridges.vc,New York,United States,America/New_York,Pre-Seed; Seed,Consumer Gaming; Social; Creator Economy,$100k,$500k,"Climate infrastructure, with a focus on grid-scale storage and industrial decarbonisation.",Terrace; Fathom Social; Basalt; Orbital Freight,Orbital Freight; Basalt,Wrote about validator economics and where the fees really go.,2026-02-08,https://www.linkedin.com/in/diegofarrell
Talia Silva,Tidewater Labs,Founding Partner,talia.silva@tidewater.vc,https://tidewater.vc,Boston,United States,America/New_York,"seed, series a",Vertical SaaS; Marketplaces; Fintech,$2M,$10M,Seed-stage B2B software with a payments component. We like businesses where the software earns the right to touch the transaction.,Bluewire; Pathway Bio; Cohort Systems; Verity Clinical,Pathway Bio; Verity Clinical,Posted a breakdown of where trial budgets actually leak between sponsor and site.,2026-04-29,https://www.linkedin.com/in/taliasilva
Iris Fontaine,Kestrel Venture Partners,Founding Partner,iris.fontaine@kestrel.vc,https://kestrel.vc,London,United Kingdom,Europe/London,Pre-Seed; Seed,Healthtech; Digital Health; Life Sciences,250000,1500000,"Digital health infrastructure at seed. We look for companies that move money or data between sponsors, sites and patients.",Protocol IO; Northstar Rx; Cohort Systems; Pathway Bio,Pathway Bio; Northstar Rx,Posted a breakdown of where trial budgets actually leak between sponsor and site.,2026-01-04,https://www.linkedin.com/in/irisfontaine
Ade Vasquez,Ashford Labs,Managing Director,ade.vasquez@ashford.vc,https://ashford.vc,Chicago,United States,America/Chicago,Pre-seed/Seed,Consumer Retail; DTC; Food,250000,1500000,We invest in crypto protocols and the tooling around them.,Cartwheel; Basalt; Orbital Freight; Terrace,Orbital Freight; Basalt,Posted on why grid interconnection queues are the real climate bottleneck.,2026-05-26,https://www.linkedin.com/in/adevasquez
Elena Nguyen,Rivermark Partners,Managing Partner,elena.nguyen@rivermark.vc,https://rivermark.vc,Seattle,United States,America/Los_Angeles,Seed,Fintech; Insurtech; Payments,$2M,$10M,"Fintech infrastructure at pre-seed and seed, with a preference for embedded payments.",Cohort Systems; Bluewire; Ember Grid; Trialbase,Bluewire; Trialbase,Podcast appearance on how clinical research became a working-capital business.,2026-05-05,https://www.linkedin.com/in/elenanguyen
Noah Nguyen,Highgate Capital Partners,GP,noah.nguyen@highgate.vc,https://highgate.vc,New York,United States,America/New_York,Seed; Series A,Consumer Gaming; Social; Creator Economy,$100k,$500k,Consumer social and gaming at seed. We look for products with organic distribution.,Basalt; Ninefold; Cartwheel; Bluewire,Bluewire; Cartwheel,Wrote about validator economics and where the fees really go.,2026-05-02,https://www.linkedin.com/in/noahnguyen
Freya Brenner,Kestrel Ventures,Partner,freya.brenner@kestrel.vc,https://kestrel.vc,Chicago,United States,America/Chicago,Series A; Series B,Fintech; Insurtech; Payments,$100k,$500k,Seed-stage B2B software with a payments component. We like businesses where the software earns the right to touch the transaction.,Cartwheel; Pathway Bio; Corvus Health; Protocol IO,Cartwheel; Pathway Bio,Published notes on the consumer subscription shakeout.,2026-06-23,https://www.linkedin.com/in/freyabrenner
Ade Farrell,Granite Row Venture Partners,Investment Analyst,ade.farrell@graniterow.vc,https://graniterow.vc,London,United Kingdom,Europe/London,"seed, series a",Consumer Retail; DTC; Food,$1M,$5M,We invest in crypto protocols and the tooling around them.,Loomstack; Cartwheel; Fathom Social; Ninefold,Loomstack; Cartwheel,Published notes on the consumer subscription shakeout.,2026-01-02,https://www.linkedin.com/in/adefarrell
Mei Alvarez,Compass Rose Partners,Managing Director,mei.alvarez@compassrose.vc,https://compassrose.vc,Seattle,United States,America/Los_Angeles,Growth,Healthcare; Payments; Vertical SaaS,$250k,$1M,"Digital health infrastructure at seed. We look for companies that move money or data between sponsors, sites and patients.",Cohort Systems; Protocol IO; Trialbase; Verity Clinical,Cohort Systems; Protocol IO,Podcast appearance on how clinical research became a working-capital business.,2026-07-08,https://www.linkedin.com/in/meialvarez
Peter Brenner,Foundry Row Ventures,General Partner,peter.brenner@foundryrow.vc,https://foundryrow.vc,Austin,United States,America/Chicago,Seed,Life Sciences Tools; Healthtech; Data Infrastructure,$1M,$5M,"Our thesis is vertical software for regulated industries: healthcare, clinical research and pharma services, where workflow and payments converge.",Verity Clinical; Corvus Health; Northstar Rx; CareLoop,Northstar Rx; CareLoop,Wrote about why site-level cost data never reaches the sponsor's finance team in time.,2026-06-10,https://www.linkedin.com/in/peterbrenner
Hugo Osei,Ironwood Capital Partners,Managing Partner,hugo.osei@ironwood.vc,https://ironwood.vc,San Francisco,United States,America/Los_Angeles,Pre-Seed; Seed,Consumer Gaming; Social; Creator Economy,$2M,$10M,We invest in crypto protocols and the tooling around them.,Ninefold; Loomstack; Basalt; Terrace; Mural Health,Loomstack; Basalt,Published notes on the consumer subscription shakeout.,2026-04-06,https://www.linkedin.com/in/hugoosei
Nadia Kowalski,Alder Ventures,GP,nadia.kowalski@alder.vc,https://alder.vc,Boston,United States,America/New_York,Seed; Series A,Healthcare; Payments; Vertical SaaS,250000,1500000,"Our thesis is vertical software for regulated industries: healthcare, clinical research and pharma services, where workflow and payments converge.",Corvus Health; Trialbase; CareLoop; SiteLedger,SiteLedger; Trialbase,Podcast appearance on how clinical research became a working-capital business.,2026-07-22,https://www.linkedin.com/in/nadiakowalski
Peter Silva,Windward Labs,GP,info@windward.vc,https://windward.vc,Boston,United States,America/New_York,"seed, series a",Vertical SaaS; Marketplaces; Fintech,500k,2M,"Fintech infrastructure at pre-seed and seed, with a preference for embedded payments.",Ember Grid; Pathway Bio; SiteLedger; Verity Clinical,Verity Clinical; Ember Grid,Wrote about why site-level cost data never reaches the sponsor's finance team in time.,2026-05-18,https://www.linkedin.com/in/petersilva
Tomas Fontaine,Solstice Ventures,Principal,tomas.fontaine@solstice.vc,https://solstice.vc,London,United Kingdom,Europe/London,Pre-Seed; Seed,Digital Health; Fintech; Healthcare Services,$2M,$10M,"We invest in health IT founders selling into providers, CROs and sponsors, especially where the buyer has a measurable cost of delay.",CareLoop; Protocol IO; Cohort Systems; Verity Clinical,Verity Clinical; CareLoop,Wrote about why site-level cost data never reaches the sponsor's finance team in time.,2025-12-02,https://www.linkedin.com/in/tomasfontaine
Ade Andersen,Lantern Partners,Managing Partner,ade.andersen@lantern.vc,https://lantern.vc,Chicago,United States,America/Chicago,Seed,Life Sciences Tools; Healthtech; Data Infrastructure,$1M,$5M,"We back seed-stage companies rebuilding the financial plumbing of healthcare delivery, with a bias toward clinical operations and life sciences infrastructure.",Cohort Systems; Radial Health; Corvus Health; CareLoop,Cohort Systems; Corvus Health,Posted a breakdown of where trial budgets actually leak between sponsor and site.,2025-12-26,https://www.linkedin.com/in/adeandersen
Kenji Novak,Copper Beach Labs,General Partner,kenji.novak@copperbeach.vc,https://copperbeach.vc,Chicago,United States,America/Chicago,Pre-seed/Seed,Healthtech; Digital Health; Life Sciences,$100k,$500k,"We back seed-stage companies rebuilding the financial plumbing of healthcare delivery, with a bias toward clinical operations and life sciences infrastructure.",Northstar Rx; CareLoop; Protocol IO; Trialbase,Trialbase; CareLoop,Posted a breakdown of where trial budgets actually leak between sponsor and site.,2025-09-02,https://www.linkedin.com/in/kenjinovak
Clara Rossi,Quarry Partners,Founding Partner,clara.rossi@quarry.vc,https://quarry.vc,New York,United States,America/New_York,"seed, series a",Crypto; Web3; DeFi,$2M,$10M,"Climate infrastructure, with a focus on grid-scale storage and industrial decarbonisation.",Pixelforge; Loomstack; Bluewire; Orbital Freight,Orbital Freight; Loomstack,Published notes on the consumer subscription shakeout.,2026-05-23,https://www.linkedin.com/in/clararossi
Talia Brenner,Longshore Partners,Founding Partner,talia.brenner@longshore.vc,https://longshore.vc,New York,United States,America/New_York,Pre-seed/Seed,Vertical SaaS; Marketplaces; Fintech,250000,1500000,Seed-stage B2B software with a payments component. We like businesses where the software earns the right to touch the transaction.,Pixelforge; Northstar Rx; Ember Grid; Loomstack,Loomstack; Northstar Rx,"Wrote a piece on why regulated industries adopt software through the CFO, not the end user.",2026-03-08,https://www.linkedin.com/in/taliabrenner
Mei Fontaine,Pinemark Venture Partners,Principal,mei.fontaine@pinemark.vc,https://pinemark.vc,Boston,United States,America/New_York,"seed, series a",Healthtech; Digital Health; Life Sciences,$1M,$5M,"We invest in health IT founders selling into providers, CROs and sponsors, especially where the buyer has a measurable cost of delay.",CareLoop; Radial Health; Northstar Rx; Cohort Systems,CareLoop; Northstar Rx,"Blog post arguing that vertical software wins when it takes over the payment, not the record.",2025-07-28,https://www.linkedin.com/in/meifontaine
Ravi Kaur,Hollow Creek Partners,GP,ravi.kaur@hollowcreek.vc,https://hollowcreek.vc,London,United Kingdom,Europe/London,Pre-seed/Seed,Enterprise Software; Data Infrastructure; AI,$100k,$500k,"Fintech infrastructure at pre-seed and seed, with a preference for embedded payments.",Ninefold; Radial Health; Orbital Freight; SiteLedger,Ninefold; Radial Health,Wrote about validator economics and where the fees really go.,2026-06-10,https://www.linkedin.com/in/ravikaur
Felix Farrell,Two Bridges Venture Partners,GP,felix.farrell@twobridges.vc,https://twobridges.vc,Austin,United States,America/Chicago,Seed,Consumer Gaming; Social; Creator Economy,$1M,$5M,We invest in crypto protocols and the tooling around them.,Basalt; Terrace; Orbital Freight; Cartwheel,Basalt; Terrace,Published notes on the consumer subscription shakeout.,2026-03-13,https://www.linkedin.com/in/felixfarrell
Nadia Lindqvist,Blue Meridian Partners,Managing Partner,nadia.lindqvist@bluemeridian.vc,https://bluemeridian.vc,San Francisco,United States,America/Los_Angeles,Pre-seed/Seed,Climate; Energy Storage; Industrial,$1M,$5M,We invest in crypto protocols and the tooling around them.,Pixelforge; Cartwheel; Ninefold; Ember Grid,Ninefold; Ember Grid,Wrote about validator economics and where the fees really go.,2026-03-18,https://www.linkedin.com/in/nadialindqvist
Leah Baumann,Northaven Labs,Venture Partner,,https://northaven.vc,New York,United States,America/New_York,Pre-seed/Seed,Healthcare; Payments; Vertical SaaS,$100k,$500k,"Our thesis is vertical software for regulated industries: healthcare, clinical research and pharma services, where workflow and payments converge.",Verity Clinical; Northstar Rx; Pathway Bio; CareLoop,Verity Clinical; CareLoop,Podcast appearance on how clinical research became a working-capital business.,2026-06-19,https://www.linkedin.com/in/leahbaumann
Jonas Lindqvist,Silverline Venture Partners,General Partner,jonas.lindqvist@silverline.vc,https://silverline.vc,Boston,United States,America/New_York,Growth,Digital Health; Fintech; Healthcare Services,$100k,$500k,"Our thesis is vertical software for regulated industries: healthcare, clinical research and pharma services, where workflow and payments converge.",CareLoop; Northstar Rx; Pathway Bio; Radial Health,Pathway Bio; Radial Health,Posted a breakdown of where trial budgets actually leak between sponsor and site.,2026-07-13,https://www.linkedin.com/in/jonaslindqvist
Zoe Costa,Alder Capital,General Partner,hello@alder.vc,https://alder.vc,San Francisco,United States,America/Los_Angeles,Seed,Vertical SaaS; Marketplaces; Fintech,$2M,$10M,Seed-stage B2B software with a payments component. We like businesses where the software earns the right to touch the transaction.,Orbital Freight; Radial Health; Bluewire; Pixelforge,Pixelforge; Bluewire,Wrote about validator economics and where the fees really go.,2026-03-17,https://www.linkedin.com/in/zoecosta
Tomas Okafor,Ironwood Venture Partners,GP,tomas.okafor@ironwood.vc,https://ironwood.vc,Austin,United States,America/Chicago,Early Stage,Consumer Retail; DTC; Food,$250k,$1M,We invest in crypto protocols and the tooling around them.,Terrace; Ninefold; Cartwheel; Pixelforge,Ninefold; Pixelforge,Published notes on the consumer subscription shakeout.,2026-05-01,https://www.linkedin.com/in/tomasokafor
Sofia Lindqvist,Highgate Labs,Partner,sofia.lindqvist@highgate.vc,https://highgate.vc,Berlin,Germany,Europe/Berlin,"seed, series a",Crypto; Web3; DeFi,$2M,$10M,"Climate infrastructure, with a focus on grid-scale storage and industrial decarbonisation.",Cartwheel; Ember Grid; Pixelforge; Terrace,Cartwheel; Pixelforge,Posted on why grid interconnection queues are the real climate bottleneck.,2026-03-31,https://www.linkedin.com/in/sofialindqvist
Rosa Baumann,Windward Partners,Venture Partner,rosa.baumann@windward.vc,https://windward.vc,Seattle,United States,America/Los_Angeles,Series A; Series B,Consumer Retail; DTC; Food,$2M,$10M,"Hard tech at seed: space, defense and advanced manufacturing.",Pixelforge; Cartwheel; Fathom Social; Bluewire,Cartwheel; Pixelforge,Wrote about validator economics and where the fees really go.,2025-04-25,https://www.linkedin.com/in/rosabaumann
Ade Sharma,Windward Capital Partners,Founding Partner,ade.sharma@windward.vc,https://windward.vc,San Francisco,United States,America/Los_Angeles,"seed, series a",Space; Defense; Advanced Manufacturing,500k,2M,We invest in crypto protocols and the tooling around them.,Loomstack; Ninefold; Orbital Freight; Cartwheel,Ninefold; Cartwheel,Published notes on the consumer subscription shakeout.,2025-09-30,https://www.linkedin.com/in/adesharma
Iris Weber,Two Bridges Capital Partners,Managing Partner,iris.weber@twobridges.vc,https://twobridges.vc,Chicago,United States,America/Chicago,Seed,Climate; Energy Storage; Industrial,$100k,$500k,We invest in crypto protocols and the tooling around them.,Fathom Social; Pixelforge; Bluewire; Ninefold,Fathom Social; Bluewire,Posted on why grid interconnection queues are the real climate bottleneck.,2026-04-05,https://www.linkedin.com/in/irisweber
Fatima Silva,Ironwood Ventures,Managing Director,fatima.silva@ironwood.vc,https://ironwood.vc,New York,United States,America/New_York,Early Stage,Fintech; Insurtech; Payments,500k,2M,"Fintech infrastructure at pre-seed and seed, with a preference for embedded payments.",Ninefold; Protocol IO; SiteLedger; Pixelforge,Pixelforge; SiteLedger,"Blog post arguing that vertical software wins when it takes over the payment, not the record.",2026-05-26,https://www.linkedin.com/in/fatimasilva
Fatima Baumann,Halcyon Ventures,GP,fatima.baumann@halcyon.vc,https://halcyon.vc,Austin,United States,America/Chicago,Series A; Series B,Crypto; Web3; DeFi,500k,2M,Consumer social and gaming at seed. We look for products with organic distribution.,Cartwheel; Loomstack; Bluewire; Orbital Freight,Bluewire; Cartwheel,Posted on why grid interconnection queues are the real climate bottleneck.,2025-04-16,https://www.linkedin.com/in/fatimabaumann
Rosa Sharma,Grove Lane Venture Partners,Partner,rosa.sharma@grovelane.vc,https://grovelane.vc,Chicago,United States,America/Chicago,Growth,Vertical SaaS; Marketplaces; Fintech,$250k,$1M,We fund vertical SaaS in industries that still run on spreadsheets and PDFs.,Loomstack; Pathway Bio; Orbital Freight; SiteLedger,Loomstack; Orbital Freight,Posted a breakdown of where trial budgets actually leak between sponsor and site.,2026-07-10,https://www.linkedin.com/in/rosasharma
Diego Okafor,Pinemark Ventures,GP,diego.okafor@pinemark.vc,https://pinemark.vc,New York,United States,America/New_York,Pre-Seed; Seed,Climate; Energy Storage; Industrial,$100k,$500k,We invest in crypto protocols and the tooling around them.,Basalt; Orbital Freight; Bluewire; Terrace,Orbital Freight; Basalt,Wrote about validator economics and where the fees really go.,2026-05-02,https://www.linkedin.com/in/diegookafor
Peter Larsen,Vantage Hill Capital Partners,Managing Director,peter.larsen@vantagehill.vc,https://vantagehill.vc,New York,United States,America/New_York,Pre-seed/Seed,Health IT; Clinical Trials; B2B SaaS,$100k,$500k,"Our thesis is vertical software for regulated industries: healthcare, clinical research and pharma services, where workflow and payments converge.",Corvus Health; Trialbase; Radial Health; Verity Clinical,Trialbase; Radial Health,"Wrote a piece on why regulated industries adopt software through the CFO, not the end user.",2025-08-19,https://www.linkedin.com/in/peterlarsen
Tomas Kowalski,Alder Venture Partners,Venture Partner,tomas.kowalski@alder.vc,https://alder.vc,Boston,United States,America/New_York,Seed; Series A,Vertical SaaS; Marketplaces; Fintech,$100k,$500k,"Fintech infrastructure at pre-seed and seed, with a preference for embedded payments.",Fathom Social; Terrace; Cohort Systems; Bluewire; Paylode Health,Terrace; Cohort Systems,Published notes on the consumer subscription shakeout.,2026-07-01,https://www.linkedin.com/in/tomaskowalski
Priya Vasquez,Northaven Labs,Founding Partner,priya.vasquez@northaven.vc,https://northaven.vc,New York,United States,America/New_York,Pre-seed/Seed,Healthcare; Payments; Vertical SaaS,$100k,$500k,"Our thesis is vertical software for regulated industries: healthcare, clinical research and pharma services, where workflow and payments converge.",Verity Clinical; Northstar Rx; Pathway Bio; CareLoop,Northstar Rx; Verity Clinical,Wrote about why site-level cost data never reaches the sponsor's finance team in time.,2026-04-15,https://www.linkedin.com/in/priyavasquez
Elena Baumann,Northaven Labs,Managing Partner,elena.baumann@northaven.vc,https://northaven.vc,New York,United States,America/New_York,Pre-seed/Seed,Healthcare; Payments; Vertical SaaS,$100k,$500k,"Our thesis is vertical software for regulated industries: healthcare, clinical research and pharma services, where workflow and payments converge.",Verity Clinical; Northstar Rx; Pathway Bio; CareLoop,Pathway Bio; Verity Clinical,Wrote about why site-level cost data never reaches the sponsor's finance team in time.,2026-07-17,https://www.linkedin.com/in/elenabaumann
Yara Novak,Copper Beach Venture Partners,GP,yara.novak@copperbeach.vc,https://copperbeach.vc,New York,United States,America/New_York,Pre-Seed; Seed,Consumer Retail; DTC; Food,$2M,$10M,Consumer social and gaming at seed. We look for products with organic distribution.,Basalt; Loomstack; Fathom Social; Ninefold,Basalt; Loomstack,Published notes on the consumer subscription shakeout.,2026-07-12,https://www.linkedin.com/in/yaranovak
Priya Brenner,Beacon Ridge Partners,Principal,priya.brenner@beaconridge.vc,https://beaconridge.vc,Austin,United States,America/Chicago,Series A; Series B,Enterprise Software; Data Infrastructure; AI,250000,1500000,"Fintech infrastructure at pre-seed and seed, with a preference for embedded payments.",Corvus Health; Basalt; Orbital Freight; Verity Clinical,Basalt; Orbital Freight,Wrote about validator economics and where the fees really go.,2025-12-10,https://www.linkedin.com/in/priyabrenner
Ade Ramirez,Highgate Labs,General Partner,ade.ramirez@highgate.vc,https://highgate.vc,Berlin,Germany,Europe/Berlin,"seed, series a",Crypto; Web3; DeFi,$2M,$10M,"Climate infrastructure, with a focus on grid-scale storage and industrial decarbonisation.",Cartwheel; Ember Grid; Pixelforge; Terrace,Cartwheel; Ember Grid,Posted on why grid interconnection queues are the real climate bottleneck.,2026-05-21,https://www.linkedin.com/in/aderamirez
Noah Ramirez,Compass Rose Partners,Managing Director,noah.ramirez@compassrose.vc,https://compassrose.vc,Seattle,United States,America/Los_Angeles,Growth,Healthcare; Payments; Vertical SaaS,$250k,$1M,"Digital health infrastructure at seed. We look for companies that move money or data between sponsors, sites and patients.",Cohort Systems; Protocol IO; Trialbase; Verity Clinical,Protocol IO; Trialbase,"Blog post arguing that vertical software wins when it takes over the payment, not the record.",2026-05-10,https://www.linkedin.com/in/noahramirez
Fatima Osei,Rivermark Ventures,Venture Partner,fatima.osei@rivermark.vc,https://rivermark.vc,Chicago,United States,America/Chicago,Seed,Digital Health; Fintech; Healthcare Services,500k,2M,"We invest in health IT founders selling into providers, CROs and sponsors, especially where the buyer has a measurable cost of delay.",Cohort Systems; SiteLedger; Northstar Rx; Verity Clinical,Verity Clinical; SiteLedger,Posted a breakdown of where trial budgets actually leak between sponsor and site.,2026-03-14,https://www.linkedin.com/in/fatimaosei
Freya Larsen,Granite Row Ventures,Partner,freya.larsen@graniterow.vc,https://graniterow.vc,Berlin,Germany,Europe/Berlin,"seed, series a",Space; Defense; Advanced Manufacturing,500k,2M,"Hard tech at seed: space, defense and advanced manufacturing.",Cartwheel; Basalt; Orbital Freight; Loomstack,Cartwheel; Loomstack,Posted on why grid interconnection queues are the real climate bottleneck.,2026-02-08,https://www.linkedin.com/in/freyalarsen
Aisha Dubois,Fifth Harbor Partners,Managing Director,aisha.dubois@fifthharbor.vc,https://fifthharbor.vc,New York,United States,America/New_York,Seed,Digital Health; Fintech; Healthcare Services,500k,2M,"We back seed-stage companies rebuilding the financial plumbing of healthcare delivery, with a bias toward clinical operations and life sciences infrastructure.",Northstar Rx; Corvus Health; Protocol IO; SiteLedger,Northstar Rx; Protocol IO,"Blog post arguing that vertical software wins when it takes over the payment, not the record.",2026-06-11,https://www.linkedin.com/in/aishadubois
Ana Larsen,Foundry Row Venture Partners,General Partner,ana.larsen@foundryrow.vc,https://foundryrow.vc,Austin,United States,America/Chicago,Pre-Seed; Seed,Healthcare; Payments; Vertical SaaS,$250k,$1M,"We back seed-stage companies rebuilding the financial plumbing of healthcare delivery, with a bias toward clinical operations and life sciences infrastructure.",Trialbase; Protocol IO; Cohort Systems; SiteLedger,Protocol IO; SiteLedger,"Wrote a piece on why regulated industries adopt software through the CFO, not the end user.",2025-11-15,https://www.linkedin.com/in/analarsen
Diego Chen,Blue Meridian Ventures,Chief of Staff,diego.chen@bluemeridian.vc,https://bluemeridian.vc,Austin,United States,America/Chicago,Pre-seed/Seed,Enterprise Software; Data Infrastructure; AI,$1M,$5M,We fund vertical SaaS in industries that still run on spreadsheets and PDFs.,Ember Grid; Fathom Social; Verity Clinical; Cartwheel,Ember Grid; Verity Clinical,Wrote about validator economics and where the fees really go.,2026-07-20,https://www.linkedin.com/in/diegochen
Omar Petrov,Lantern Venture Partners,GP,omar.petrov@lantern.vc,https://lantern.vc,San Francisco,United States,America/Los_Angeles,Early Stage,Crypto; Web3; DeFi,$1M,$5M,Consumer social and gaming at seed. We look for products with organic distribution.,Ember Grid; Bluewire; Terrace; Orbital Freight,Ember Grid; Bluewire,Wrote about validator economics and where the fees really go.,2026-04-25,https://www.linkedin.com/in/omarpetrov
Omar Dubois,Grove Lane Venture Partners,GP,omar.dubois@grovelane.vc,https://grovelane.vc,Chicago,United States,America/Chicago,Growth,Vertical SaaS; Marketplaces; Fintech,$250k,$1M,We fund vertical SaaS in industries that still run on spreadsheets and PDFs.,Loomstack; Pathway Bio; Orbital Freight; SiteLedger,SiteLedger; Pathway Bio,"Wrote a piece on why regulated industries adopt software through the CFO, not the end user.",2026-03-07,https://www.linkedin.com/in/omardubois
Elena Berger,Lantern Partners,Chief of Staff,elena.berger@lantern.vc,https://lantern.vc,Chicago,United States,America/Chicago,Seed,Life Sciences Tools; Healthtech; Data Infrastructure,$1M,$5M,"We back seed-stage companies rebuilding the financial plumbing of healthcare delivery, with a bias toward clinical operations and life sciences infrastructure.",Cohort Systems; Radial Health; Corvus Health; CareLoop,Radial Health; CareLoop,Wrote about why site-level cost data never reaches the sponsor's finance team in time.,2026-06-26,https://www.linkedin.com/in/elenaberger
Diego Tanaka,Halcyon Capital,Managing Director,diego.tanaka@halcyon.vc,https://halcyon.vc,Seattle,United States,America/Los_Angeles,Series A; Series B,Life Sciences Tools; Healthtech; Data Infrastructure,$100k,$500k,"Digital health infrastructure at seed. We look for companies that move money or data between sponsors, sites and patients.",Cohort Systems; Verity Clinical; Corvus Health; Northstar Rx,Verity Clinical; Corvus Health,Podcast appearance on how clinical research became a working-capital business.,2026-06-25,https://www.linkedin.com/in/diegotanaka
Ade Costa,Halcyon Venture Partners,Founding Partner,ade.costa@halcyon.vc,https://halcyon.vc,Stockholm,Sweden,Europe/Stockholm,Growth,Consumer Retail; DTC; Food,$2M,$10M,We invest in crypto protocols and the tooling around them.,Terrace; Pixelforge; Cartwheel; Fathom Social,Cartwheel; Pixelforge,Wrote about validator economics and where the fees really go.,2026-04-21,https://www.linkedin.com/in/adecosta
Priya Haddad,Alder Labs,Managing Partner,priya.haddad@alder.vc,https://alder.vc,Austin,United States,America/Chicago,Pre-Seed; Seed,Crypto; Web3; DeFi,$250k,$1M,Consumer social and gaming at seed. We look for products with organic distribution.,Ember Grid; Orbital Freight; Cartwheel; Bluewire,Bluewire; Ember Grid,Published notes on the consumer subscription shakeout.,2026-06-14,https://www.linkedin.com/in/priyahaddad
Hugo Iqbal,Silverline Capital,Managing Partner,hugo.iqbal@silverline.vc,https://silverline.vc,Chicago,United States,America/Chicago,Seed; Series A,B2B SaaS; Fintech; Payments,$2M,$10M,"Fintech infrastructure at pre-seed and seed, with a preference for embedded payments.",Radial Health; Cohort Systems; Bluewire; Loomstack,Cohort Systems; Loomstack,Published notes on the consumer subscription shakeout.,2026-07-20,https://www.linkedin.com/in/hugoiqbal
Wei Fontaine,Silverline Labs,Venture Partner,wei.fontaine@silverline.vc,https://silverline.vc,San Francisco,United States,America/Los_Angeles,Seed,Health IT; Clinical Trials; B2B SaaS,$100k,$500k,"Digital health infrastructure at seed. We look for companies that move money or data between sponsors, sites and patients.",CareLoop; Verity Clinical; Trialbase; Cohort Systems,Cohort Systems; CareLoop,Posted a breakdown of where trial budgets actually leak between sponsor and site.,2026-01-01,https://www.linkedin.com/in/weifontaine
Hana Brenner,Kestrel Venture Partners,Managing Partner,hana.brenner@kestrel.vc,https://kestrel.vc,London,United Kingdom,Europe/London,Pre-Seed; Seed,Healthtech; Digital Health; Life Sciences,250000,1500000,"Digital health infrastructure at seed. We look for companies that move money or data between sponsors, sites and patients.",Protocol IO; Northstar Rx; Cohort Systems; Pathway Bio,Cohort Systems; Pathway Bio,"Wrote a piece on why regulated industries adopt software through the CFO, not the end user.",2026-07-03,https://www.linkedin.com/in/hanabrenner
Tomas Dubois,Granite Row Capital,Venture Partner,tomas.dubois@graniterow.vc,https://graniterow.vc,San Francisco,United States,America/Los_Angeles,Pre-Seed; Seed,Healthtech; Digital Health; Life Sciences,$100k,$500k,"Digital health infrastructure at seed. We look for companies that move money or data between sponsors, sites and patients.",Corvus Health; Radial Health; Trialbase; SiteLedger,Radial Health; Trialbase,Posted a breakdown of where trial budgets actually leak between sponsor and site.,2026-04-13,https://www.linkedin.com/in/tomasdubois
Fatima Brenner,Rivermark Capital,Venture Partner,fatima.brenner@rivermark.vc,https://rivermark.vc,London,United Kingdom,Europe/London,Seed; Series A,Life Sciences Tools; Healthtech; Data Infrastructure,$250k,$1M,"We invest in health IT founders selling into providers, CROs and sponsors, especially where the buyer has a measurable cost of delay.",CareLoop; SiteLedger; Trialbase; Radial Health,Trialbase; Radial Health,Wrote about why site-level cost data never reaches the sponsor's finance team in time.,2026-04-18,https://www.linkedin.com/in/fatimabrenner
Freya Alvarez,Copper Beach Ventures,Partner,hello@copperbeach.vc,https://copperbeach.vc,Boston,United States,America/New_York,Series A; Series B,B2B SaaS; Fintech; Payments,250000,1500000,We fund vertical SaaS in industries that still run on spreadsheets and PDFs.,Ember Grid; Radial Health; Corvus Health; Cohort Systems,Radial Health; Corvus Health,"Wrote a piece on why regulated industries adopt software through the CFO, not the end user.",2026-03-21,https://www.linkedin.com/in/freyaalvarez
Kenji Tanaka,Solstice Capital Partners,General Partner,kenji.tanaka@solstice.vc,https://solstice.vc,Boston,United States,America/New_York,Pre-Seed; Seed,Climate; Energy Storage; Industrial,250000,1500000,"Climate infrastructure, with a focus on grid-scale storage and industrial decarbonisation.",Pixelforge; Loomstack; Basalt; Terrace,Loomstack; Basalt,Wrote about validator economics and where the fees really go.,2026-07-01,https://www.linkedin.com/in/kenjitanaka
Iris Baumann,Rivermark Venture Partners,Managing Director,iris.baumann@rivermark.vc,https://rivermark.vc,Stockholm,Sweden,Europe/Stockholm,Pre-seed/Seed,B2B SaaS; Fintech; Payments,250000,1500000,Seed-stage B2B software with a payments component. We like businesses where the software earns the right to touch the transaction.,Cartwheel; Corvus Health; Fathom Social; Basalt,Basalt; Corvus Health,Posted a breakdown of where trial budgets actually leak between sponsor and site.,2026-02-16,https://www.linkedin.com/in/irisbaumann
Mateo Moreau,Fifth Harbor Venture Partners,Founding Partner,mateo.moreau@fifthharbor.vc,https://fifthharbor.vc,Chicago,United States,America/Chicago,Early Stage,Vertical SaaS; Marketplaces; Fintech,$100k,$500k,"Fintech infrastructure at pre-seed and seed, with a preference for embedded payments.",Basalt; Verity Clinical; Terrace; Ember Grid,Terrace; Ember Grid,Podcast appearance on how clinical research became a working-capital business.,2026-06-22,https://www.linkedin.com/in/mateomoreau
Hugo Ramirez,Lantern Capital,Principal,hugo.ramirez@lantern.vc,https://lantern.vc,Austin,United States,America/Chicago,Pre-Seed; Seed,Healthtech; Digital Health; Life Sciences,500k,2M,"Digital health infrastructure at seed. We look for companies that move money or data between sponsors, sites and patients.",Pathway Bio; Corvus Health; Cohort Systems; SiteLedger,Pathway Bio; SiteLedger,Posted a breakdown of where trial budgets actually leak between sponsor and site.,2026-03-31,https://www.linkedin.com/in/hugoramirez
Mei Petrov,Beacon Ridge Ventures,Founding Partner,mei.petrov@beaconridge.vc,https://beaconridge.vc,Austin,United States,America/Chicago,"seed, series a",Enterprise Software; Data Infrastructure; AI,500k,2M,Seed-stage B2B software with a payments component. We like businesses where the software earns the right to touch the transaction.,Cohort Systems; Northstar Rx; Pixelforge; Terrace,Pixelforge; Terrace,Published notes on the consumer subscription shakeout.,2025-11-17,https://www.linkedin.com/in/meipetrov
Peter Petrov,Lantern Venture Partners,Principal,peter.petrov@lantern.vc,https://lantern.vc,San Francisco,United States,America/Los_Angeles,Early Stage,Crypto; Web3; DeFi,$1M,$5M,Consumer social and gaming at seed. We look for products with organic distribution.,Ember Grid; Bluewire; Terrace; Orbital Freight,Bluewire; Ember Grid,Published notes on the consumer subscription shakeout.,2025-09-09,https://www.linkedin.com/in/peterpetrov
IRIS ALVAREZ,"Fifth Harbor Capital, LLC",Partner,iris.alvarez@fifthharbor.vc,https://fifthharbor.vc,New York,United States,America/New_York,Seed,B2B SaaS; Fintech; Payments,$250k,$1M,We fund vertical SaaS in industries that still run on spreadsheets and PDFs.,Loomstack; Bluewire; Ninefold; Fathom Social,Ninefold; Bluewire,Wrote about validator economics and where the fees really go.,2026-03-01,https://www.linkedin.com/in/irisalvarez
Leah Vasquez,Two Bridges Ventures,Partner,leah.vasquez@twobridges.vc,https://twobridges.vc,New York,United States,America/New_York,Pre-Seed; Seed,Consumer Gaming; Social; Creator Economy,$100k,$500k,"Climate infrastructure, with a focus on grid-scale storage and industrial decarbonisation.",Terrace; Fathom Social; Basalt; Orbital Freight,Basalt; Orbital Freight,Published notes on the consumer subscription shakeout.,2025-08-15,https://www.linkedin.com/in/leahvasquez
Priya Tanaka,Beacon Ridge Labs,General Partner,priya.tanaka@beaconridge.vc,https://beaconridge.vc,San Francisco,United States,America/Los_Angeles,"seed, series a",Healthcare; Payments; Vertical SaaS,$250k,$1M,"Our thesis is vertical software for regulated industries: healthcare, clinical research and pharma services, where workflow and payments converge.",Pathway Bio; SiteLedger; Radial Health; Corvus Health,SiteLedger; Radial Health,Wrote about why site-level cost data never reaches the sponsor's finance team in time.,2026-03-17,https://www.linkedin.com/in/priyatanaka
Talia Farrell,Larkspur Ventures,Managing Partner,talia.farrell@larkspur.vc,https://larkspur.vc,San Francisco,United States,America/Los_Angeles,Series A; Series B,Health IT; Clinical Trials; B2B SaaS,$1M,$5M,"Our thesis is vertical software for regulated industries: healthcare, clinical research and pharma services, where workflow and payments converge.",Cohort Systems; SiteLedger; Verity Clinical; Protocol IO,Verity Clinical; Cohort Systems,Wrote about why site-level cost data never reaches the sponsor's finance team in time.,2026-07-02,https://www.linkedin.com/in/taliafarrell
Priya Chen,Alder Capital Partners,Principal,priya.chen@alder.vc,https://alder.vc,Boston,United States,America/New_York,Growth,Crypto; Web3; DeFi,$250k,$1M,We invest in crypto protocols and the tooling around them.,Orbital Freight; Ninefold; Basalt; Ember Grid,Ninefold; Ember Grid,Wrote about validator economics and where the fees really go.,2026-04-26,https://www.linkedin.com/in/priyachen
Fatima Nguyen,Copper Beach Capital Partners,General Partner,fatima.nguyen@copperbeach.vc,https://copperbeach.vc,New York,United States,America/New_York,Growth,Enterprise Software; Data Infrastructure; AI,$100k,$500k,Seed-stage B2B software with a payments component. We like businesses where the software earns the right to touch the transaction.,Ember Grid; Orbital Freight; SiteLedger; Pathway Bio,SiteLedger; Ember Grid,Published notes on the consumer subscription shakeout.,2026-05-06,https://www.linkedin.com/in/fatimanguyen
Grace Petrov,Larkspur Partners,Founding Partner,grace.petrov@larkspur.vc,https://larkspur.vc,Austin,United States,America/Chicago,"seed, series a",B2B SaaS; Fintech; Payments,$100k,$500k,"Fintech infrastructure at pre-seed and seed, with a preference for embedded payments.",Basalt; Bluewire; Ember Grid; Terrace,Terrace; Basalt,"Wrote a piece on why regulated industries adopt software through the CFO, not the end user.",2026-04-28,https://www.linkedin.com/in/gracepetrov
Daniel Silva,Alder Capital,Managing Director,daniel.silva@alder.vc,https://alder.vc,San Francisco,United States,America/Los_Angeles,Seed,Vertical SaaS; Marketplaces; Fintech,$2M,$10M,Seed-stage B2B software with a payments component. We like businesses where the software earns the right to touch the transaction.,Orbital Freight; Radial Health; Bluewire; Pixelforge,Pixelforge; Bluewire,Posted on why grid interconnection queues are the real climate bottleneck.,2026-04-27,https://www.linkedin.com/in/danielsilva
Elena Brenner,Compass Rose Capital Partners,Managing Director,elena.brenner@compassrose.vc,https://compassrose.vc,San Francisco,United States,America/Los_Angeles,Seed; Series A,Consumer Retail; DTC; Food,$100k,$500k,"Hard tech at seed: space, defense and advanced manufacturing.",Pixelforge; Terrace; Cartwheel; Loomstack,Pixelforge; Terrace,Posted on why grid interconnection queues are the real climate bottleneck.,2026-06-17,https://www.linkedin.com/in/elenabrenner
Grace Osei,Pinemark Ventures,GP,grace.osei@pinemark.vc,https://pinemark.vc,New York,United States,America/New_York,Pre-Seed; Seed,Climate; Energy Storage; Industrial,$100k,$500k,We invest in crypto protocols and the tooling around them.,Basalt; Orbital Freight; Bluewire; Terrace,Basalt; Bluewire,Wrote about validator economics and where the fees really go.,2026-03-28,https://www.linkedin.com/in/graceosei
Kenji Alvarez,Two Bridges Capital Partners,Founding Partner,kenji.alvarez@twobridges.vc,https://twobridges.vc,Chicago,United States,America/Chicago,Seed,Climate; Energy Storage; Industrial,$100k,$500k,We invest in crypto protocols and the tooling around them.,Fathom Social; Pixelforge; Bluewire; Ninefold,Bluewire; Pixelforge,Wrote about validator economics and where the fees really go.,2026-04-15,https://www.linkedin.com/in/kenjialvarez
Nadia Nguyen,Lantern Labs,Managing Partner,nadia.nguyen@lantern.vc,https://lantern.vc,Chicago,United States,America/Chicago,Seed,Consumer Gaming; Social; Creator Economy,$2M,$10M,We invest in crypto protocols and the tooling around them.,Cartwheel; Bluewire; Pixelforge; Ninefold,Pixelforge; Ninefold,Wrote about validator economics and where the fees really go.,2025-04-12,https://www.linkedin.com/in/nadianguyen
Mei Nguyen,Grove Lane Capital Partners,GP,mei.nguyen@grovelane.vc,https://grovelane.vc,Austin,United States,America/Chicago,Series A; Series B,Healthcare; Payments; Vertical SaaS,$2M,$10M,"We invest in health IT founders selling into providers, CROs and sponsors, especially where the buyer has a measurable cost of delay.",Northstar Rx; SiteLedger; Verity Clinical; Corvus Health,SiteLedger; Corvus Health,"Blog post arguing that vertical software wins when it takes over the payment, not the record.",2026-06-30,https://www.linkedin.com/in/meinguyen
Kenji Kaur,Grove Lane Partners,Venture Partner,kenji.kaur@grovelane.vc,https://grovelane.vc,San Francisco,United States,America/Los_Angeles,Pre-seed/Seed,Vertical SaaS; Marketplaces; Fintech,$1M,$5M,"Fintech infrastructure at pre-seed and seed, with a preference for embedded payments.",Pathway Bio; Pixelforge; Verity Clinical; Corvus Health,Pathway Bio; Corvus Health,Posted a breakdown of where trial budgets actually leak between sponsor and site.,2025-05-11,https://www.linkedin.com/in/kenjikaur
Ivan Novak,Quarry Venture Partners,General Partner,ivan.novak@quarry.vc,https://quarry.vc,Austin,United States,America/Chicago,Pre-seed/Seed,B2B SaaS; Fintech; Payments,$1M,$5M,"Fintech infrastructure at pre-seed and seed, with a preference for embedded payments.",Cohort Systems; Bluewire; Pixelforge; Loomstack,Cohort Systems; Pixelforge,Wrote about why site-level cost data never reaches the sponsor's finance team in time.,2025-09-26,https://www.linkedin.com/in/ivannovak
Priya Rossi,Solstice Labs,GP,priya.rossi@solstice.vc,https://solstice.vc,New York,United States,America/New_York,Seed,Healthtech; Digital Health; Life Sciences,$250k,$1M,"Digital health infrastructure at seed. We look for companies that move money or data between sponsors, sites and patients.",Verity Clinical; Northstar Rx; Protocol IO; SiteLedger,Verity Clinical; Protocol IO,"Blog post arguing that vertical software wins when it takes over the payment, not the record.",2025-06-04,https://www.linkedin.com/in/priyarossi
Samir Rossi,Foundry Row Ventures,General Partner,samir.rossi@foundryrow.vc,https://foundryrow.vc,Austin,United States,America/Chicago,Seed,Life Sciences Tools; Healthtech; Data Infrastructure,$1M,$5M,"Our thesis is vertical software for regulated industries: healthcare, clinical research and pharma services, where workflow and payments converge.",Verity Clinical; Corvus Health; Northstar Rx; CareLoop,Verity Clinical; Corvus Health,"Wrote a piece on why regulated industries adopt software through the CFO, not the end user.",2025-04-03,https://www.linkedin.com/in/samirrossi
Tomas Sharma,Halcyon Capital,Partner,tomas.sharma@halcyon.vc,https://halcyon.vc,Seattle,United States,America/Los_Angeles,Series A; Series B,Life Sciences Tools; Healthtech; Data Infrastructure,$100k,$500k,"Digital health infrastructure at seed. We look for companies that move money or data between sponsors, sites and patients.",Cohort Systems; Verity Clinical; Corvus Health; Northstar Rx,Cohort Systems; Verity Clinical,"Blog post arguing that vertical software wins when it takes over the payment, not the record.",2025-11-08,https://www.linkedin.com/in/tomassharma
Samir Novak,Granite Row Ventures,Venture Partner,samir.novak@graniterow.vc,https://graniterow.vc,Berlin,Germany,Europe/Berlin,"seed, series a",Space; Defense; Advanced Manufacturing,500k,2M,"Hard tech at seed: space, defense and advanced manufacturing.",Cartwheel; Basalt; Orbital Freight; Loomstack,Loomstack; Basalt,Published notes on the consumer subscription shakeout.,2026-03-18,https://www.linkedin.com/in/samirnovak
Rosa Vasquez,Granite Row Partners,Managing Director,rosa.vasquez@graniterow.vc,https://graniterow.vc,Boston,United States,America/New_York,Pre-seed/Seed,Digital Health; Fintech; Healthcare Services,500k,2M,"Digital health infrastructure at seed. We look for companies that move money or data between sponsors, sites and patients.",SiteLedger; Protocol IO; Corvus Health; Cohort Systems,SiteLedger; Protocol IO,"Blog post arguing that vertical software wins when it takes over the payment, not the record.",2026-03-01,https://www.linkedin.com/in/rosavasquez
Hana Kowalski,Rivermark Ventures,Venture Partner,hana.kowalski@rivermark.vc,https://rivermark.vc,Chicago,United States,America/Chicago,Seed,Digital Health; Fintech; Healthcare Services,500k,2M,"We invest in health IT founders selling into providers, CROs and sponsors, especially where the buyer has a measurable cost of delay.",Cohort Systems; SiteLedger; Northstar Rx; Verity Clinical,Cohort Systems; Northstar Rx,"Blog post arguing that vertical software wins when it takes over the payment, not the record.",2025-11-28,https://www.linkedin.com/in/hanakowalski
Peter Vasquez,Copper Beach Capital,General Partner,peter.vasquez@copperbeach.vc,https://copperbeach.vc,Singapore,Singapore,Asia/Singapore,"seed, series a",Healthtech; Digital Health; Life Sciences,$250k,$1M,"We invest in health IT founders selling into providers, CROs and sponsors, especially where the buyer has a measurable cost of delay.",Radial Health; Protocol IO; SiteLedger; Pathway Bio,Radial Health; Protocol IO,Podcast appearance on how clinical research became a working-capital business.,2026-05-25,https://www.linkedin.com/in/petervasquez
Ana Okafor,Granite Row Venture Partners,General Partner,ana.okafor@graniterow.vc,https://graniterow.vc,London,United Kingdom,Europe/London,"seed, series a",Consumer Retail; DTC; Food,$1M,$5M,We invest in crypto protocols and the tooling around them.,Loomstack; Cartwheel; Fathom Social; Ninefold,Cartwheel; Loomstack,Posted on why grid interconnection queues are the real climate bottleneck.,2026-06-23,https://www.linkedin.com/in/anaokafor
Ana Mbeki,Solstice Capital,Principal,ana.mbeki@solstice.vc,https://solstice.vc,Seattle,United States,America/Los_Angeles,Growth,Life Sciences Tools; Healthtech; Data Infrastructure,$250k,$1M,"Digital health infrastructure at seed. We look for companies that move money or data between sponsors, sites and patients.",Verity Clinical; Trialbase; SiteLedger; Pathway Bio; TrialPay Sciences,TrialPay Sciences; SiteLedger,Podcast appearance on how clinical research became a working-capital business.,2026-05-18,https://www.linkedin.com/in/anambeki
Mei Larsen,Highgate Capital Partners,Venture Partner,mei.larsen@highgate.vc,https://highgate.vc,New York,United States,America/New_York,Seed; Series A,Consumer Gaming; Social; Creator Economy,$100k,$500k,Consumer social and gaming at seed. We look for products with organic distribution.,Basalt; Ninefold; Cartwheel; Bluewire,Bluewire; Ninefold,Published notes on the consumer subscription shakeout.,2026-07-01,https://www.linkedin.com/in/meilarsen
Mateo Chen,Granite Row Ventures,Venture Partner,mateo.chen@graniterow.vc,https://graniterow.vc,Berlin,Germany,Europe/Berlin,"seed, series a",Space; Defense; Advanced Manufacturing,500k,2M,"Hard tech at seed: space, defense and advanced manufacturing.",Cartwheel; Basalt; Orbital Freight; Loomstack,Cartwheel; Orbital Freight,Wrote about validator economics and where the fees really go.,2026-06-05,https://www.linkedin.com/in/mateochen
Ana Baumann,Rivermark Labs,Chief of Staff,ana.baumann@rivermark.vc,https://rivermark.vc,New York,United States,America/New_York,Series A; Series B,Healthcare; Payments; Vertical SaaS,$100k,$500k,"We back seed-stage companies rebuilding the financial plumbing of healthcare delivery, with a bias toward clinical operations and life sciences infrastructure.",Trialbase; Radial Health; SiteLedger; Verity Clinical,Radial Health; SiteLedger,Posted a breakdown of where trial budgets actually leak between sponsor and site.,2026-07-12,https://www.linkedin.com/in/anabaumann
Sofia Novak,Solstice Venture Partners,Principal,sofia.novak@solstice.vc,https://solstice.vc,Boston,United States,America/New_York,Seed; Series A,Crypto; Web3; DeFi,$1M,$5M,"Hard tech at seed: space, defense and advanced manufacturing.",Pixelforge; Orbital Freight; Ninefold; Bluewire,Pixelforge; Orbital Freight,Wrote about validator economics and where the fees really go.,2026-06-19,https://www.linkedin.com/in/sofianovak
Amara Alvarez,Kestrel Ventures,Chief of Staff,amara.alvarez@kestrel.vc,https://kestrel.vc,Chicago,United States,America/Chicago,Series A; Series B,Fintech; Insurtech; Payments,$100k,$500k,Seed-stage B2B software with a payments component. We like businesses where the software earns the right to touch the transaction.,Cartwheel; Pathway Bio; Corvus Health; Protocol IO,Cartwheel; Corvus Health,Wrote about validator economics and where the fees really go.,2026-03-01,https://www.linkedin.com/in/amaraalvarez
Aisha Ramirez,Compass Rose Venture Partners,GP,aisha.ramirez@compassrose.vc,https://compassrose.vc,Chicago,United States,America/Chicago,Series A; Series B,B2B SaaS; Fintech; Payments,$2M,$10M,Seed-stage B2B software with a payments component. We like businesses where the software earns the right to touch the transaction.,Pixelforge; Protocol IO; Ember Grid; Basalt,Protocol IO; Ember Grid,"Blog post arguing that vertical software wins when it takes over the payment, not the record.",2026-06-20,https://www.linkedin.com/in/aisharamirez
Aisha Andersen,Ironwood Labs,GP,aisha.andersen@ironwood.vc,https://ironwood.vc,London,United Kingdom,Europe/London,Pre-seed/Seed,B2B SaaS; Fintech; Payments,250000,1500000,"Fintech infrastructure at pre-seed and seed, with a preference for embedded payments.",Trialbase; CareLoop; Bluewire; SiteLedger,CareLoop; Trialbase,Podcast appearance on how clinical research became a working-capital business.,2026-06-19,https://www.linkedin.com/in/aishaandersen
Nadia Ramirez,Silverline Partners,Managing Director,nadia.ramirez@silverline.vc,https://silverline.vc,Austin,United States,America/Chicago,Pre-seed/Seed,Crypto; Web3; DeFi,$1M,$5M,"Hard tech at seed: space, defense and advanced manufacturing.",Ember Grid; Orbital Freight; Loomstack; Ninefold,Orbital Freight; Ninefold,Wrote about validator economics and where the fees really go.,2026-05-08,https://www.linkedin.com/in/nadiaramirez
Peter Nguyen,Larkspur Labs,Principal,peter.nguyen@larkspur.vc,https://larkspur.vc,Berlin,Germany,Europe/Berlin,Seed,Consumer Gaming; Social; Creator Economy,$1M,$5M,Consumer social and gaming at seed. We look for products with organic distribution.,Bluewire; Loomstack; Ember Grid; Fathom Social,Fathom Social; Bluewire,Posted on why grid interconnection queues are the real climate bottleneck.,2026-04-13,https://www.linkedin.com/in/peternguyen
Elena Larsen,Highgate Partners,Managing Director,elena.larsen@highgate.vc,https://highgate.vc,New York,United States,America/New_York,Pre-Seed; Seed,Crypto; Web3; DeFi,$1M,$5M,Consumer social and gaming at seed. We look for products with organic distribution.,Pixelforge; Ninefold; Cartwheel; Orbital Freight,Orbital Freight; Cartwheel,Wrote about validator economics and where the fees really go.,2026-06-02,https://www.linkedin.com/in/elenalarsen
Priya Alvarez,Highgate Capital,Managing Director,priya.alvarez@highgate.vc,https://highgate.vc,Boston,United States,America/New_York,"seed, series a",Crypto; Web3; DeFi,$2M,$10M,We invest in crypto protocols and the tooling around them.,Orbital Freight; Cartwheel; Ember Grid; Ninefold,Ember Grid; Cartwheel,Published notes on the consumer subscription shakeout.,2026-04-02,https://www.linkedin.com/in/priyaalvarez
Omar Sharma,Cedar Point Capital Partners,Managing Director,submissions@cedarpoint.vc,https://cedarpoint.vc,Boston,United States,America/New_York,Pre-Seed; Seed,Fintech; Insurtech; Payments,$1M,$5M,We fund vertical SaaS in industries that still run on spreadsheets and PDFs.,CareLoop; Orbital Freight; Verity Clinical; Bluewire,CareLoop; Orbital Freight,Posted a breakdown of where trial budgets actually leak between sponsor and site.,2025-06-13,https://www.linkedin.com/in/omarsharma
Nils Lindqvist,Pinemark Venture Partners,Managing Director,nils.lindqvist@pinemark.vc,https://pinemark.vc,Boston,United States,America/New_York,"seed, series a",Healthtech; Digital Health; Life Sciences,$1M,$5M,"We invest in health IT founders selling into providers, CROs and sponsors, especially where the buyer has a measurable cost of delay.",CareLoop; Radial Health; Northstar Rx; Cohort Systems,Radial Health; Northstar Rx,Wrote about why site-level cost data never reaches the sponsor's finance team in time.,2025-07-13,https://www.linkedin.com/in/nilslindqvist
Noah Larsen,Solstice Venture Partners,Managing Director,noah.larsen@solstice.vc,https://solstice.vc,Boston,United States,America/New_York,Seed; Series A,Crypto; Web3; DeFi,$1M,$5M,"Hard tech at seed: space, defense and advanced manufacturing.",Pixelforge; Orbital Freight; Ninefold; Bluewire,Ninefold; Pixelforge,Wrote about validator economics and where the fees really go.,2026-06-24,https://www.linkedin.com/in/noahlarsen
Sofia Rossi,Windward Partners,Head of Platform,sofia.rossi@windward.vc,https://windward.vc,Seattle,United States,America/Los_Angeles,Series A; Series B,Consumer Retail; DTC; Food,$2M,$10M,"Hard tech at seed: space, defense and advanced manufacturing.",Pixelforge; Cartwheel; Fathom Social; Bluewire,Fathom Social; Cartwheel,Published notes on the consumer subscription shakeout.,2025-03-08,https://www.linkedin.com/in/sofiarossi
Lucas Mbeki,Cedar Point Venture Partners,GP,lucas.mbeki@cedarpoint.vc,https://cedarpoint.vc,New York,United States,America/New_York,Seed; Series A,Enterprise Software; Data Infrastructure; AI,$1M,$5M,We fund vertical SaaS in industries that still run on spreadsheets and PDFs.,Basalt; CareLoop; Bluewire; Cartwheel; TrialPay Sciences,Cartwheel; CareLoop,Wrote about why site-level cost data never reaches the sponsor's finance team in time.,2026-07-10,https://www.linkedin.com/in/lucasmbeki
Ivan Andersen,Beacon Ridge Capital,Principal,ivan.andersen@beaconridge.vc,https://beaconridge.vc,New York,United States,America/New_York,Seed,Healthtech; Digital Health; Life Sciences,500k,2M,"Digital health infrastructure at seed. We look for companies that move money or data between sponsors, sites and patients.",Pathway Bio; Radial Health; Northstar Rx; Trialbase,Pathway Bio; Radial Health,"Blog post arguing that vertical software wins when it takes over the payment, not the record.",2026-07-06,https://www.linkedin.com/in/ivanandersen
Zoe Dubois,Silverline Ventures,Founding Partner,zoe.dubois@silverline.vc,https://silverline.vc,Boston,United States,America/New_York,Seed,Climate; Energy Storage; Industrial,$2M,$10M,Consumer social and gaming at seed. We look for products with organic distribution.,Basalt; Ninefold; Fathom Social; Pixelforge,Fathom Social; Pixelforge,Posted on why grid interconnection queues are the real climate bottleneck.,2026-07-22,https://www.linkedin.com/in/zoedubois
Zoe Petrov,Quarry Capital Partners,GP,zoe.petrov@quarry.vc,https://quarry.vc,Chicago,United States,America/Chicago,"seed, series a",Space; Defense; Advanced Manufacturing,$250k,$1M,We invest in crypto protocols and the tooling around them.,Orbital Freight; Ember Grid; Loomstack; Basalt,Ember Grid; Loomstack,Published notes on the consumer subscription shakeout.,2025-09-28,https://www.linkedin.com/in/zoepetrov
Hana Chen,Halcyon Capital Partners,Managing Partner,hana.chen@halcyon.vc,https://halcyon.vc,Seattle,United States,America/Los_Angeles,"seed, series a",Consumer Retail; DTC; Food,$100k,$500k,"Hard tech at seed: space, defense and advanced manufacturing.",Ember Grid; Bluewire; Terrace; Cartwheel; Mural Health,Terrace; Cartwheel,Published notes on the consumer subscription shakeout.,2026-02-20,https://www.linkedin.com/in/hanachen
Kenji Fontaine,Compass Rose Labs,Managing Director,kenji.fontaine@compassrose.vc,https://compassrose.vc,Chicago,United States,America/Chicago,Growth,Consumer Retail; DTC; Food,$100k,$500k,Consumer social and gaming at seed. We look for products with organic distribution.,Cartwheel; Ninefold; Pixelforge; Fathom Social,Pixelforge; Ninefold,Posted on why grid interconnection queues are the real climate bottleneck.,2026-02-08,https://www.linkedin.com/in/kenjifontaine
Lucas Kowalski,Longshore Labs,Venture Partner,lucas.kowalski@longshore.vc,https://longshore.vc,Boston,United States,America/New_York,Pre-Seed; Seed,B2B SaaS; Fintech; Payments,$2M,$10M,"Fintech infrastructure at pre-seed and seed, with a preference for embedded payments.",Orbital Freight; Radial Health; Cartwheel; Bluewire,Bluewire; Cartwheel,Posted on why grid interconnection queues are the real climate bottleneck.,2025-05-30,https://www.linkedin.com/in/lucaskowalski
Marcus Berger,Fifth Harbor Capital Partners,Partner,marcus.berger@fifthharbor.vc,https://fifthharbor.vc,Toronto,Canada,America/Toronto,Growth,Digital Health; Fintech; Healthcare Services,$2M,$10M,"Digital health infrastructure at seed. We look for companies that move money or data between sponsors, sites and patients.",Pathway Bio; Trialbase; Verity Clinical; Radial Health,Pathway Bio; Radial Health,Podcast appearance on how clinical research became a working-capital business.,2025-05-26,https://www.linkedin.com/in/marcusberger
Clara Kaur,Rivermark Partners,Chief of Staff,clara.kaur@rivermark.vc,https://rivermark.vc,Seattle,United States,America/Los_Angeles,Seed,Fintech; Insurtech; Payments,$2M,$10M,"Fintech infrastructure at pre-seed and seed, with a preference for embedded payments.",Cohort Systems; Bluewire; Ember Grid; Trialbase,Trialbase; Bluewire,Posted on why grid interconnection queues are the real climate bottleneck.,2025-06-11,https://www.linkedin.com/in/clarakaur
Elena Osei,Vantage Hill Venture Partners,Founding Partner,elena.osei@vantagehill.vc,https://vantagehill.vc,Austin,United States,America/Chicago,Early Stage,Space; Defense; Advanced Manufacturing,$2M,$10M,We invest in crypto protocols and the tooling around them.,Ember Grid; Fathom Social; Cartwheel; Loomstack,Fathom Social; Loomstack,Wrote about validator economics and where the fees really go.,2026-04-01,https://www.linkedin.com/in/elenaosei
Iris Novak,Copper Beach Labs,Talent Partner,iris.novak@copperbeach.vc,https://copperbeach.vc,Chicago,United States,America/Chicago,Pre-seed/Seed,Healthtech; Digital Health; Life Sciences,$100k,$500k,"We back seed-stage companies rebuilding the financial plumbing of healthcare delivery, with a bias toward clinical operations and life sciences infrastructure.",Northstar Rx; CareLoop; Protocol IO; Trialbase,Trialbase; CareLoop,"Blog post arguing that vertical software wins when it takes over the payment, not the record.",2026-06-15,https://www.linkedin.com/in/irisnovak
Mateo Tanaka,Quarry Venture Partners,Managing Director,mateo.tanaka@quarry.vc,https://quarry.vc,Austin,United States,America/Chicago,Pre-seed/Seed,B2B SaaS; Fintech; Payments,$1M,$5M,"Fintech infrastructure at pre-seed and seed, with a preference for embedded payments.",Cohort Systems; Bluewire; Pixelforge; Loomstack,Loomstack; Bluewire,Posted a breakdown of where trial budgets actually leak between sponsor and site.,2025-11-05,https://www.linkedin.com/in/mateotanaka
Nils Mbeki,Marlow Capital,Venture Partner,nils.mbeki@marlow.vc,https://marlow.vc,Toronto,Canada,America/Toronto,"seed, series a",Health IT; Clinical Trials; B2B SaaS,$250k,$1M,"We invest in health IT founders selling into providers, CROs and sponsors, especially where the buyer has a measurable cost of delay.",Trialbase; Corvus Health; Pathway Bio; CareLoop,Trialbase; Corvus Health,Posted a breakdown of where trial budgets actually leak between sponsor and site.,2026-05-28,https://www.linkedin.com/in/nilsmbeki
Mei Kaur,Lantern Capital Partners,GP,mei.kaur@lantern.vc,https://lantern.vc,Boston,United States,America/New_York,Pre-Seed; Seed,Healthcare; Payments; Vertical SaaS,$100k,$500k,"Digital health infrastructure at seed. We look for companies that move money or data between sponsors, sites and patients.",Pathway Bio; Cohort Systems; Corvus Health; Verity Clinical,Corvus Health; Cohort Systems,Posted a breakdown of where trial budgets actually leak between sponsor and site.,2026-06-09,https://www.linkedin.com/in/meikaur
Aisha Novak,Larkspur Capital Partners,General Partner,aisha.novak@larkspur.vc,https://larkspur.vc,Austin,United States,America/Chicago,Series A; Series B,Fintech; Insurtech; Payments,$100k,$500k,Seed-stage B2B software with a payments component. We like businesses where the software earns the right to touch the transaction.,Radial Health; Terrace; Verity Clinical; Cartwheel,Cartwheel; Verity Clinical,"Wrote a piece on why regulated industries adopt software through the CFO, not the end user.",2026-03-30,https://www.linkedin.com/in/aishanovak
Marcus Petrov,Lantern Ventures,Venture Partner,marcus.petrov@lantern.vc,https://lantern.vc,Boston,United States,America/New_York,Early Stage,Fintech; Insurtech; Payments,$250k,$1M,"Fintech infrastructure at pre-seed and seed, with a preference for embedded payments.",Terrace; Radial Health; Basalt; Ninefold,Radial Health; Basalt,Podcast appearance on how clinical research became a working-capital business.,2026-06-24,https://www.linkedin.com/in/marcuspetrov
Yara Ramirez,Tidewater Venture Partners,Partner,yara.ramirez@tidewater.vc,https://tidewater.vc,Austin,United States,America/Chicago,Growth,Healthtech; Digital Health; Life Sciences,250000,1500000,"Digital health infrastructure at seed. We look for companies that move money or data between sponsors, sites and patients.",Northstar Rx; Cohort Systems; Corvus Health; Radial Health,Corvus Health; Radial Health,"Wrote a piece on why regulated industries adopt software through the CFO, not the end user.",2026-03-02,https://www.linkedin.com/in/yararamirez
Diego Sharma,Ashford Partners,Partner,diego.sharma@ashford.vc,https://ashford.vc,Stockholm,Sweden,Europe/Stockholm,"seed, series a",Health IT; Clinical Trials; B2B SaaS,$100k,$500k,"Our thesis is vertical software for regulated industries: healthcare, clinical research and pharma services, where workflow and payments converge.",Radial Health; Trialbase; Northstar Rx; Corvus Health,Northstar Rx; Radial Health,"Blog post arguing that vertical software wins when it takes over the payment, not the record.",2026-05-08,https://www.linkedin.com/in/diegosharma
Amara Tanaka,Hollow Creek Capital,GP,amara.tanaka@hollowcreek.vc,https://hollowcreek.vc,Berlin,Germany,Europe/Berlin,Seed; Series A,Consumer Gaming; Social; Creator Economy,500k,2M,"Climate infrastructure, with a focus on grid-scale storage and industrial decarbonisation.",Pixelforge; Orbital Freight; Ember Grid; Cartwheel,Ember Grid; Pixelforge,Wrote about validator economics and where the fees really go.,2026-03-05,https://www.linkedin.com/in/amaratanaka
Arjun Nguyen,Vantage Hill Venture Partners,GP,arjun.nguyen@vantagehill.vc,https://vantagehill.vc,Austin,United States,America/Chicago,Early Stage,Space; Defense; Advanced Manufacturing,$2M,$10M,We invest in crypto protocols and the tooling around them.,Ember Grid; Fathom Social; Cartwheel; Loomstack,Cartwheel; Fathom Social,Posted on why grid interconnection queues are the real climate bottleneck.,2026-04-07,https://www.linkedin.com/in/arjunnguyen
Arjun Osei,Foundry Row Labs,General Partner,arjun.osei@foundryrow.vc,https://foundryrow.vc,San Francisco,United States,America/Los_Angeles,Series A; Series B,Healthtech; Digital Health; Life Sciences,$250k,$1M,"We back seed-stage companies rebuilding the financial plumbing of healthcare delivery, with a bias toward clinical operations and life sciences infrastructure.",Protocol IO; Corvus Health; Verity Clinical; Trialbase,Trialbase; Protocol IO,"Wrote a piece on why regulated industries adopt software through the CFO, not the end user.",2026-06-07,https://www.linkedin.com/in/arjunosei
Rosa Alvarez,Cedar Point Venture Partners,General Partner,rosa.alvarez@cedarpoint.vc,https://cedarpoint.vc,New York,United States,America/New_York,Seed; Series A,Enterprise Software; Data Infrastructure; AI,$1M,$5M,We fund vertical SaaS in industries that still run on spreadsheets and PDFs.,Basalt; CareLoop; Bluewire; Cartwheel; TrialPay Sciences,Cartwheel; Basalt,Published notes on the consumer subscription shakeout.,2026-04-19,https://www.linkedin.com/in/rosaalvarez
Peter Farrell,Highgate Ventures,Founding Partner,peter.farrell@highgate.vc,https://highgate.vc,Boston,United States,America/New_York,Seed,Enterprise Software; Data Infrastructure; AI,500k,2M,We fund vertical SaaS in industries that still run on spreadsheets and PDFs.,Verity Clinical; Basalt; Terrace; Ember Grid,Basalt; Ember Grid,Posted on why grid interconnection queues are the real climate bottleneck.,2026-05-22,https://www.linkedin.com/in/peterfarrell
Rosa Rossi,Cedar Point Ventures,Venture Partner,rosa.rossi@cedarpoint.vc,https://cedarpoint.vc,Toronto,Canada,America/Toronto,Series A; Series B,Healthtech; Digital Health; Life Sciences,250000,1500000,"We back seed-stage companies rebuilding the financial plumbing of healthcare delivery, with a bias toward clinical operations and life sciences infrastructure.",Northstar Rx; SiteLedger; Protocol IO; Verity Clinical,SiteLedger; Verity Clinical,"Wrote a piece on why regulated industries adopt software through the CFO, not the end user.",2026-05-05,https://www.linkedin.com/in/rosarossi
Sofia Brenner,Foundry Row Ventures,Principal,sofia.brenner@foundryrow.vc,https://foundryrow.vc,Austin,United States,America/Chicago,Seed,Life Sciences Tools; Healthtech; Data Infrastructure,$1M,$5M,"Our thesis is vertical software for regulated industries: healthcare, clinical research and pharma services, where workflow and payments converge.",Verity Clinical; Corvus Health; Northstar Rx; CareLoop,Northstar Rx; Corvus Health,"Wrote a piece on why regulated industries adopt software through the CFO, not the end user.",2026-07-11,https://www.linkedin.com/in/sofiabrenner
Lucas Lindqvist,Copper Beach Partners,Managing Partner,lucas.lindqvist@copperbeach.vc,https://copperbeach.vc,Seattle,United States,America/Los_Angeles,Early Stage,Life Sciences Tools; Healthtech; Data Infrastructure,$100k,$500k,"We back seed-stage companies rebuilding the financial plumbing of healthcare delivery, with a bias toward clinical operations and life sciences infrastructure.",Trialbase; Radial Health; Pathway Bio; Verity Clinical,Trialbase; Radial Health,Posted a breakdown of where trial budgets actually leak between sponsor and site.,2026-07-18,https://www.linkedin.com/in/lucaslindqvist
Zoe Brenner,Pinemark Partners,Venture Partner,zoe.brenner@pinemark.vc,https://pinemark.vc,Toronto,Canada,America/Toronto,Seed,Digital Health; Fintech; Healthcare Services,250000,1500000,"Digital health infrastructure at seed. We look for companies that move money or data between sponsors, sites and patients.",CareLoop; Verity Clinical; Northstar Rx; Cohort Systems,CareLoop; Cohort Systems,Posted a breakdown of where trial budgets actually leak between sponsor and site.,2025-06-14,https://www.linkedin.com/in/zoebrenner
Ruth Alvarez,Lantern Labs,GP,ruth.alvarez@lantern.vc,https://lantern.vc,Chicago,United States,America/Chicago,Seed,Consumer Gaming; Social; Creator Economy,$2M,$10M,We invest in crypto protocols and the tooling around them.,Cartwheel; Bluewire; Pixelforge; Ninefold,Pixelforge; Cartwheel,Wrote about validator economics and where the fees really go.,2026-07-04,https://www.linkedin.com/in/ruthalvarez
Zoe Mbeki,Cedar Point Ventures,Managing Partner,zoe.mbeki@cedarpoint.vc,https://cedarpoint.vc,Toronto,Canada,America/Toronto,Series A; Series B,Healthtech; Digital Health; Life Sciences,250000,1500000,"We back seed-stage companies rebuilding the financial plumbing of healthcare delivery, with a bias toward clinical operations and life sciences infrastructure.",Northstar Rx; SiteLedger; Protocol IO; Verity Clinical,Protocol IO; SiteLedger,Wrote about why site-level cost data never reaches the sponsor's finance team in time.,2026-06-07,https://www.linkedin.com/in/zoembeki
Felix Sharma,Larkspur Partners,Managing Director,felix.sharma@larkspur.vc,https://larkspur.vc,Austin,United States,America/Chicago,"seed, series a",B2B SaaS; Fintech; Payments,$100k,$500k,"Fintech infrastructure at pre-seed and seed, with a preference for embedded payments.",Basalt; Bluewire; Ember Grid; Terrace,Bluewire; Terrace,"Blog post arguing that vertical software wins when it takes over the payment, not the record.",2026-05-23,https://www.linkedin.com/in/felixsharma
Daniel Berger,Copper Beach Capital,Venture Partner,daniel.berger@copperbeach.vc,https://copperbeach.vc,Singapore,Singapore,Asia/Singapore,"seed, series a",Healthtech; Digital Health; Life Sciences,$250k,$1M,"We invest in health IT founders selling into providers, CROs and sponsors, especially where the buyer has a measurable cost of delay.",Radial Health; Protocol IO; SiteLedger; Pathway Bio,Protocol IO; SiteLedger,Posted a breakdown of where trial budgets actually leak between sponsor and site.,2026-06-28,https://www.linkedin.com/in/danielberger
Tomas Alvarez,Marlow Capital Partners,Principal,tomas.alvarez@marlow.vc,https://marlow.vc,New York,United States,America/New_York,Seed,Fintech; Insurtech; Payments,$250k,$1M,We fund vertical SaaS in industries that still run on spreadsheets and PDFs.,Ninefold; Protocol IO; Bluewire; Verity Clinical,Bluewire; Protocol IO,Published notes on the consumer subscription shakeout.,2025-08-22,https://www.linkedin.com/in/tomasalvarez
Mateo Rossi,Longshore Partners,GP,mateo.rossi@longshore.vc,https://longshore.vc,New York,United States,America/New_York,Pre-seed/Seed,Vertical SaaS; Marketplaces; Fintech,250000,1500000,Seed-stage B2B software with a payments component. We like businesses where the software earns the right to touch the transaction.,Pixelforge; Northstar Rx; Ember Grid; Loomstack,Loomstack; Northstar Rx,"Blog post arguing that vertical software wins when it takes over the payment, not the record.",2026-03-19,https://www.linkedin.com/in/mateorossi
Ruth Larsen,Vantage Hill Ventures,Founding Partner,ruth.larsen@vantagehill.vc,https://vantagehill.vc,Stockholm,Sweden,Europe/Stockholm,"seed, series a",Life Sciences Tools; Healthtech; Data Infrastructure,$250k,$1M,"We back seed-stage companies rebuilding the financial plumbing of healthcare delivery, with a bias toward clinical operations and life sciences infrastructure.",Corvus Health; Trialbase; Cohort Systems; Verity Clinical,Trialbase; Corvus Health,Podcast appearance on how clinical research became a working-capital business.,2025-12-28,https://www.linkedin.com/in/ruthlarsen
Jonas Baumann,Foundry Row Labs,Managing Director,jonas.baumann@foundryrow.vc,https://foundryrow.vc,San Francisco,United States,America/Los_Angeles,Series A; Series B,Healthtech; Digital Health; Life Sciences,$250k,$1M,"We back seed-stage companies rebuilding the financial plumbing of healthcare delivery, with a bias toward clinical operations and life sciences infrastructure.",Protocol IO; Corvus Health; Verity Clinical; Trialbase,Corvus Health; Verity Clinical,"Blog post arguing that vertical software wins when it takes over the payment, not the record.",2026-02-22,https://www.linkedin.com/in/jonasbaumann
Jonas Weber,Hollow Creek Capital Partners,GP,jonas.weber@hollowcreek.vc,https://hollowcreek.vc,Berlin,Germany,Europe/Berlin,Early Stage,Healthcare; Payments; Vertical SaaS,500k,2M,"We invest in health IT founders selling into providers, CROs and sponsors, especially where the buyer has a measurable cost of delay.",Pathway Bio; Protocol IO; Radial Health; Corvus Health,Pathway Bio; Radial Health,"Wrote a piece on why regulated industries adopt software through the CFO, not the end user.",2026-06-18,https://www.linkedin.com/in/jonasweber
Fatima Berger,Quarry Capital Partners,Venture Partner,fatima.berger@quarry.vc,https://quarry.vc,Chicago,United States,America/Chicago,"seed, series a",Space; Defense; Advanced Manufacturing,$250k,$1M,We invest in crypto protocols and the tooling around them.,Orbital Freight; Ember Grid; Loomstack; Basalt,Ember Grid; Basalt,Published notes on the consumer subscription shakeout.,2026-04-27,https://www.linkedin.com/in/fatimaberger
Aisha Vasquez,Foundry Row Capital Partners,Managing Director,aisha.vasquez@foundryrow.vc,https://foundryrow.vc,San Francisco,United States,America/Los_Angeles,Seed; Series A,Consumer Retail; DTC; Food,500k,2M,We invest in crypto protocols and the tooling around them.,Ember Grid; Orbital Freight; Pixelforge; Fathom Social,Orbital Freight; Pixelforge,Posted on why grid interconnection queues are the real climate bottleneck.,2025-08-09,https://www.linkedin.com/in/aishavasquez
Noah Dubois,Grove Lane Labs,Managing Director,noah.dubois@grovelane.vc,https://grovelane.vc,Chicago,United States,America/Chicago,Seed; Series A,Enterprise Software; Data Infrastructure; AI,500k,2M,We fund vertical SaaS in industries that still run on spreadsheets and PDFs.,Protocol IO; Radial Health; Bluewire; Verity Clinical,Radial Health; Bluewire,"Wrote a piece on why regulated industries adopt software through the CFO, not the end user.",2026-05-07,https://www.linkedin.com/in/noahdubois
Lucas Vasquez,Pinemark Capital,General Partner,lucas.vasquez@pinemark.vc,https://pinemark.vc,San Francisco,United States,America/Los_Angeles,"seed, series a",Consumer Gaming; Social; Creator Economy,500k,2M,We invest in crypto protocols and the tooling around them.,Bluewire; Orbital Freight; Basalt; Fathom Social; Greenphire,Orbital Freight; Greenphire,Posted on why grid interconnection queues are the real climate bottleneck.,2026-04-26,https://www.linkedin.com/in/lucasvasquez
Wei Alvarez,Lantern Capital,Managing Director,wei.alvarez@lantern.vc,https://lantern.vc,Austin,United States,America/Chicago,Pre-Seed; Seed,Healthtech; Digital Health; Life Sciences,500k,2M,"Digital health infrastructure at seed. We look for companies that move money or data between sponsors, sites and patients.",Pathway Bio; Corvus Health; Cohort Systems; SiteLedger,Pathway Bio; SiteLedger,"Wrote a piece on why regulated industries adopt software through the CFO, not the end user.",2026-05-09,https://www.linkedin.com/in/weialvarez
Hana Weber,Ashford Capital,Managing Partner,deals@ashford.vc,https://ashford.vc,New York,United States,America/New_York,Pre-Seed; Seed,Fintech; Insurtech; Payments,$250k,$1M,We fund vertical SaaS in industries that still run on spreadsheets and PDFs.,Loomstack; Pathway Bio; Ember Grid; Protocol IO,Ember Grid; Pathway Bio,Podcast appearance on how clinical research became a working-capital business.,2026-04-04,https://www.linkedin.com/in/hanaweber
Rosa Larsen,Tidewater Ventures,Managing Partner,rosa.larsen@tidewater.vc,https://tidewater.vc,San Francisco,United States,America/Los_Angeles,Pre-Seed; Seed,B2B SaaS; Fintech; Payments,250000,1500000,We fund vertical SaaS in industries that still run on spreadsheets and PDFs.,Bluewire; CareLoop; Cohort Systems; Verity Clinical,Cohort Systems; Verity Clinical,Wrote about why site-level cost data never reaches the sponsor's finance team in time.,2025-08-11,https://www.linkedin.com/in/rosalarsen
Yara Iqbal,Highgate Capital,Managing Director,yara.iqbal@highgate.vc,https://highgate.vc,Boston,United States,America/New_York,"seed, series a",Crypto; Web3; DeFi,$2M,$10M,We invest in crypto protocols and the tooling around them.,Orbital Freight; Cartwheel; Ember Grid; Ninefold,Ninefold; Ember Grid,Posted on why grid interconnection queues are the real climate bottleneck.,2026-04-03,https://www.linkedin.com/in/yaraiqbal
Noah Baumann,Ashford Venture Partners,Principal,noah.baumann@ashford.vc,https://ashford.vc,New York,United States,America/New_York,Early Stage,Healthtech; Digital Health; Life Sciences,$2M,$10M,"Digital health infrastructure at seed. We look for companies that move money or data between sponsors, sites and patients.",Verity Clinical; Radial Health; Corvus Health; Protocol IO,Verity Clinical; Radial Health,Posted a breakdown of where trial budgets actually leak between sponsor and site.,2026-03-29,https://www.linkedin.com/in/noahbaumann
Ravi Moreau,Kestrel Capital Partners,Venture Partner,ravi.moreau@kestrel.vc,https://kestrel.vc,Boston,United States,America/New_York,Seed,Health IT; Clinical Trials; B2B SaaS,$1M,$5M,"Digital health infrastructure at seed. We look for companies that move money or data between sponsors, sites and patients.",CareLoop; Radial Health; Northstar Rx; Verity Clinical,Radial Health; Verity Clinical,"Blog post arguing that vertical software wins when it takes over the payment, not the record.",2025-05-07,https://www.linkedin.com/in/ravimoreau
Wei Baumann,Quarry Venture Partners,Managing Partner,submissions@quarry.vc,https://quarry.vc,Austin,United States,America/Chicago,Pre-seed/Seed,B2B SaaS; Fintech; Payments,$1M,$5M,"Fintech infrastructure at pre-seed and seed, with a preference for embedded payments.",Cohort Systems; Bluewire; Pixelforge; Loomstack,Pixelforge; Cohort Systems,Published notes on the consumer subscription shakeout.,2026-04-11,https://www.linkedin.com/in/weibaumann
Nils Fontaine,Blue Meridian Venture Partners,Partner,nils.fontaine@bluemeridian.vc,https://bluemeridian.vc,Austin,United States,America/Chicago,"seed, series a",Consumer Gaming; Social; Creator Economy,500k,2M,"Climate infrastructure, with a focus on grid-scale storage and industrial decarbonisation.",Loomstack; Fathom Social; Ninefold; Cartwheel,Cartwheel; Loomstack,Wrote about validator economics and where the fees really go.,2025-12-15,https://www.linkedin.com/in/nilsfontaine
Zoe Iqbal,Blue Meridian Labs,Principal,zoe.iqbal@bluemeridian.vc,https://bluemeridian.vc,Berlin,Germany,Europe/Berlin,"seed, series a",Healthtech; Digital Health; Life Sciences,$100k,$500k,"We invest in health IT founders selling into providers, CROs and sponsors, especially where the buyer has a measurable cost of delay.",Protocol IO; Verity Clinical; Radial Health; Northstar Rx; Paylode Health,Protocol IO; Verity Clinical,"Wrote a piece on why regulated industries adopt software through the CFO, not the end user.",2026-06-12,https://www.linkedin.com/in/zoeiqbal
Iris Osei,Pinemark Labs,Founding Partner,iris.osei@pinemark.vc,https://pinemark.vc,San Francisco,United States,America/Los_Angeles,"seed, series a",Consumer Retail; DTC; Food,500k,2M,Consumer social and gaming at seed. We look for products with organic distribution.,Cartwheel; Basalt; Fathom Social; Loomstack,Cartwheel; Basalt,Wrote about validator economics and where the fees really go.,2025-11-11,https://www.linkedin.com/in/irisosei
Clara Dubois,Marlow Capital,Talent Partner,clara.dubois@marlow.vc,https://marlow.vc,Toronto,Canada,America/Toronto,"seed, series a",Health IT; Clinical Trials; B2B SaaS,$250k,$1M,"We invest in health IT founders selling into providers, CROs and sponsors, especially where the buyer has a measurable cost of delay.",Trialbase; Corvus Health; Pathway Bio; CareLoop,CareLoop; Pathway Bio,Posted a breakdown of where trial budgets actually leak between sponsor and site.,2026-03-24,https://www.linkedin.com/in/claradubois
Freya Berger,Ashford Ventures,Principal,freya.berger@ashford.vc,https://ashford.vc,Singapore,Singapore,Asia/Singapore,Growth,Climate; Energy Storage; Industrial,500k,2M,"Hard tech at seed: space, defense and advanced manufacturing.",Loomstack; Pixelforge; Orbital Freight; Ninefold,Pixelforge; Ninefold,Published notes on the consumer subscription shakeout.,2026-01-05,https://www.linkedin.com/in/freyaberger
Daniel Baumann,Copper Beach Venture Partners,Partner,daniel.baumann@copperbeach.vc,https://copperbeach.vc,New York,United States,America/New_York,Pre-Seed; Seed,Consumer Retail; DTC; Food,$2M,$10M,Consumer social and gaming at seed. We look for products with organic distribution.,Basalt; Loomstack; Fathom Social; Ninefold,Loomstack; Fathom Social,Wrote about validator economics and where the fees really go.,2026-05-17,https://www.linkedin.com/in/danielbaumann
Hugo Moreau,Granite Row Capital Partners,Managing Director,hugo.moreau@graniterow.vc,https://graniterow.vc,San Francisco,United States,America/Los_Angeles,"seed, series a",Digital Health; Fintech; Healthcare Services,$1M,$5M,"We back seed-stage companies rebuilding the financial plumbing of healthcare delivery, with a bias toward clinical operations and life sciences infrastructure.",Protocol IO; Verity Clinical; CareLoop; SiteLedger,Protocol IO; SiteLedger,"Blog post arguing that vertical software wins when it takes over the payment, not the record.",2026-05-16,https://www.linkedin.com/in/hugomoreau
Arjun Baumann,Longshore Venture Partners,GP,arjun.baumann@longshore.vc,https://longshore.vc,Boston,United States,America/New_York,Pre-Seed; Seed,B2B SaaS; Fintech; Payments,$100k,$500k,"Fintech infrastructure at pre-seed and seed, with a preference for embedded payments.",Basalt; Corvus Health; Pixelforge; Radial Health,Corvus Health; Pixelforge,Published notes on the consumer subscription shakeout.,2025-05-22,https://www.linkedin.com/in/arjunbaumann
Jonas Brenner,Tidewater Capital,GP,jonas.brenner@tidewater.vc,https://tidewater.vc,London,United Kingdom,Europe/London,Pre-Seed; Seed,Digital Health; Fintech; Healthcare Services,$250k,$1M,"We invest in health IT founders selling into providers, CROs and sponsors, especially where the buyer has a measurable cost of delay.",Northstar Rx; Trialbase; Corvus Health; Pathway Bio,Northstar Rx; Trialbase,Podcast appearance on how clinical research became a working-capital business.,2025-04-23,https://www.linkedin.com/in/jonasbrenner
Arjun Okafor,Vantage Hill Venture Partners,Managing Partner,arjun.okafor@vantagehill.vc,https://vantagehill.vc,Austin,United States,America/Chicago,Early Stage,Space; Defense; Advanced Manufacturing,$2M,$10M,We invest in crypto protocols and the tooling around them.,Ember Grid; Fathom Social; Cartwheel; Loomstack,Ember Grid; Fathom Social,Wrote about validator economics and where the fees really go.,2026-06-30,https://www.linkedin.com/in/arjunokafor
Mei Silva,Highgate Partners,GP,mei.silva@highgate.vc,https://highgate.vc,New York,United States,America/New_York,Pre-Seed; Seed,Crypto; Web3; DeFi,$1M,$5M,Consumer social and gaming at seed. We look for products with organic distribution.,Pixelforge; Ninefold; Cartwheel; Orbital Freight,Orbital Freight; Pixelforge,Posted on why grid interconnection queues are the real climate bottleneck.,2025-12-29,https://www.linkedin.com/in/meisilva
Amara Andersen,Grove Lane Partners,GP,amara.andersen@grovelane.vc,https://grovelane.vc,San Francisco,United States,America/Los_Angeles,Pre-seed/Seed,Vertical SaaS; Marketplaces; Fintech,$1M,$5M,"Fintech infrastructure at pre-seed and seed, with a preference for embedded payments.",Pathway Bio; Pixelforge; Verity Clinical; Corvus Health,Corvus Health; Pathway Bio,Wrote about why site-level cost data never reaches the sponsor's finance team in time.,2026-04-01,https://www.linkedin.com/in/amaraandersen
Fatima Tanaka,Quarry Ventures,Managing Director,fatima.tanaka@quarry.vc,https://quarry.vc,New York,United States,America/New_York,Series A; Series B,Enterprise Software; Data Infrastructure; AI,250000,1500000,Seed-stage B2B software with a payments component. We like businesses where the software earns the right to touch the transaction.,Trialbase; Bluewire; CareLoop; Corvus Health,Bluewire; CareLoop,Posted on why grid interconnection queues are the real climate bottleneck.,2026-06-27,https://www.linkedin.com/in/fatimatanaka
Freya Dubois,Hollow Creek Capital Partners,Founding Partner,freya.dubois@hollowcreek.vc,https://hollowcreek.vc,Berlin,Germany,Europe/Berlin,Early Stage,Healthcare; Payments; Vertical SaaS,500k,2M,"We invest in health IT founders selling into providers, CROs and sponsors, especially where the buyer has a measurable cost of delay.",Pathway Bio; Protocol IO; Radial Health; Corvus Health,Protocol IO; Pathway Bio,"Wrote a piece on why regulated industries adopt software through the CFO, not the end user.",2025-11-30,https://www.linkedin.com/in/freyadubois
Arjun Weber,Alder Partners,Founding Partner,arjun.weber@alder.vc,https://alder.vc,Austin,United States,America/Chicago,Early Stage,Healthtech; Digital Health; Life Sciences,$250k,$1M,"We invest in health IT founders selling into providers, CROs and sponsors, especially where the buyer has a measurable cost of delay.",Radial Health; Pathway Bio; Cohort Systems; Protocol IO,Radial Health; Pathway Bio,Posted a breakdown of where trial budgets actually leak between sponsor and site.,2026-02-10,https://www.linkedin.com/in/arjunweber
Mateo Weber,Blue Meridian Capital Partners,GP,mateo.weber@bluemeridian.vc,https://bluemeridian.vc,Singapore,Singapore,Asia/Singapore,"seed, series a",Digital Health; Fintech; Healthcare Services,$100k,$500k,"We back seed-stage companies rebuilding the financial plumbing of healthcare delivery, with a bias toward clinical operations and life sciences infrastructure.",Trialbase; Northstar Rx; Pathway Bio; Cohort Systems,Trialbase; Cohort Systems,Posted a breakdown of where trial budgets actually leak between sponsor and site.,2026-02-09,https://www.linkedin.com/in/mateoweber
Priya Lindqvist,Longshore Capital,General Partner,priya.lindqvist@longshore.vc,https://longshore.vc,Austin,United States,America/Chicago,Series A; Series B,Crypto; Web3; DeFi,$1M,$5M,"Climate infrastructure, with a focus on grid-scale storage and industrial decarbonisation.",Ninefold; Bluewire; Pixelforge; Terrace; Greenphire,Ninefold; Terrace,Posted on why grid interconnection queues are the real climate bottleneck.,2026-03-03,https://www.linkedin.com/in/priyalindqvist
Iris Brenner,Solstice Partners,Principal,iris.brenner@solstice.vc,https://solstice.vc,Seattle,United States,America/Los_Angeles,"seed, series a",Crypto; Web3; DeFi,$1M,$5M,"Hard tech at seed: space, defense and advanced manufacturing.",Terrace; Pixelforge; Fathom Social; Cartwheel,Pixelforge; Terrace,Published notes on the consumer subscription shakeout.,2025-08-25,https://www.linkedin.com/in/irisbrenner
Mei Mbeki,Cedar Point Capital,Principal,mei.mbeki@cedarpoint.vc,https://cedarpoint.vc,Stockholm,Sweden,Europe/Stockholm,Seed,Climate; Energy Storage; Industrial,$1M,$5M,"Climate infrastructure, with a focus on grid-scale storage and industrial decarbonisation.",Orbital Freight; Loomstack; Pixelforge; Ember Grid,Pixelforge; Loomstack,Posted on why grid interconnection queues are the real climate bottleneck.,2025-02-24,https://www.linkedin.com/in/meimbeki
Zoe Osei,Cedar Point Labs,Venture Partner,zoe.osei@cedarpoint.vc,https://cedarpoint.vc,San Francisco,United States,America/Los_Angeles,Early Stage,Consumer Gaming; Social; Creator Economy,500k,2M,"Hard tech at seed: space, defense and advanced manufacturing.",Cartwheel; Bluewire; Loomstack; Ember Grid,Cartwheel; Loomstack,Posted on why grid interconnection queues are the real climate bottleneck.,2026-02-13,https://www.linkedin.com/in/zoeosei
Mei Vasquez,Kestrel Partners,Managing Director,mei.vasquez@kestrel.vc,https://kestrel.vc,New York,United States,America/New_York,"seed, series a",Healthcare; Payments; Vertical SaaS,500k,2M,"Our thesis is vertical software for regulated industries: healthcare, clinical research and pharma services, where workflow and payments converge.",Northstar Rx; SiteLedger; Cohort Systems; CareLoop,Northstar Rx; CareLoop,Wrote about why site-level cost data never reaches the sponsor's finance team in time.,2026-03-29,https://www.linkedin.com/in/meivasquez
Iris Petrov,Fifth Harbor Ventures,Principal,iris.petrov@fifthharbor.vc,https://fifthharbor.vc,Boston,United States,America/New_York,Early Stage,Climate; Energy Storage; Industrial,$100k,$500k,"Climate infrastructure, with a focus on grid-scale storage and industrial decarbonisation.",Cartwheel; Pixelforge; Terrace; Ember Grid,Ember Grid; Terrace,Published notes on the consumer subscription shakeout.,2025-12-11,https://www.linkedin.com/in/irispetrov
Mei Baumann,Vantage Hill Partners,Managing Partner,mei.baumann@vantagehill.vc,https://vantagehill.vc,Chicago,United States,America/Chicago,Growth,Consumer Retail; DTC; Food,250000,1500000,"Hard tech at seed: space, defense and advanced manufacturing.",Loomstack; Basalt; Fathom Social; Ember Grid,Ember Grid; Loomstack,Wrote about validator economics and where the fees really go.,2026-06-03,https://www.linkedin.com/in/meibaumann
Priya Andersen,Tidewater Capital Partners,Founding Partner,priya.andersen@tidewater.vc,https://tidewater.vc,Stockholm,Sweden,Europe/Stockholm,Growth,Health IT; Clinical Trials; B2B SaaS,500k,2M,"We invest in health IT founders selling into providers, CROs and sponsors, especially where the buyer has a measurable cost of delay.",Cohort Systems; CareLoop; Corvus Health; Northstar Rx,CareLoop; Corvus Health,"Blog post arguing that vertical software wins when it takes over the payment, not the record.",2026-03-15,https://www.linkedin.com/in/priyaandersen
Mei Dubois,Grove Lane Ventures,Founding Partner,mei.dubois@grovelane.vc,https://grovelane.vc,Austin,United States,America/Chicago,Seed; Series A,Consumer Gaming; Social; Creator Economy,$250k,$1M,"Climate infrastructure, with a focus on grid-scale storage and industrial decarbonisation.",Pixelforge; Ninefold; Cartwheel; Ember Grid; Greenphire,Cartwheel; Ninefold,Wrote about validator economics and where the fees really go.,2026-05-11,https://www.linkedin.com/in/meidubois
Wei Costa,Marlow Ventures,Managing Director,wei.costa@marlow.vc,https://marlow.vc,San Francisco,United States,America/Los_Angeles,"seed, series a",Healthtech; Digital Health; Life Sciences,500k,2M,"We back seed-stage companies rebuilding the financial plumbing of healthcare delivery, with a bias toward clinical operations and life sciences infrastructure.",Trialbase; Pathway Bio; Verity Clinical; Corvus Health,Corvus Health; Verity Clinical,Wrote about why site-level cost data never reaches the sponsor's finance team in time.,2025-12-08,https://www.linkedin.com/in/weicosta
Hugo Baumann,Vantage Hill Capital,Managing Partner,hugo.baumann@vantagehill.vc,https://vantagehill.vc,New York,United States,America/New_York,Pre-seed/Seed,Health IT; Clinical Trials; B2B SaaS,$100k,$500k,"We back seed-stage companies rebuilding the financial plumbing of healthcare delivery, with a bias toward clinical operations and life sciences infrastructure.",CareLoop; Verity Clinical; Trialbase; Cohort Systems; TrialPay Sciences,TrialPay Sciences; Trialbase,"Wrote a piece on why regulated industries adopt software through the CFO, not the end user.",2026-04-06,https://www.linkedin.com/in/hugobaumann
Talia Weber,Foundry Row Venture Partners,Principal,talia.weber@foundryrow.vc,https://foundryrow.vc,Austin,United States,America/Chicago,Pre-Seed; Seed,Healthcare; Payments; Vertical SaaS,$250k,$1M,"We back seed-stage companies rebuilding the financial plumbing of healthcare delivery, with a bias toward clinical operations and life sciences infrastructure.",Trialbase; Protocol IO; Cohort Systems; SiteLedger,Protocol IO; Cohort Systems,Podcast appearance on how clinical research became a working-capital business.,2026-02-22,https://www.linkedin.com/in/taliaweber
Felix Osei,Solstice Capital,Founding Partner,felix.osei@solstice.vc,https://solstice.vc,Seattle,United States,America/Los_Angeles,Growth,Life Sciences Tools; Healthtech; Data Infrastructure,$250k,$1M,"Digital health infrastructure at seed. We look for companies that move money or data between sponsors, sites and patients.",Verity Clinical; Trialbase; SiteLedger; Pathway Bio; TrialPay Sciences,TrialPay Sciences; Trialbase,Wrote about why site-level cost data never reaches the sponsor's finance team in time.,2025-07-07,https://www.linkedin.com/in/felixosei
Mei Moreau,Tidewater Venture Partners,Partner,mei.moreau@tidewater.vc,https://tidewater.vc,Austin,United States,America/Chicago,Growth,Healthtech; Digital Health; Life Sciences,250000,1500000,"Digital health infrastructure at seed. We look for companies that move money or data between sponsors, sites and patients.",Northstar Rx; Cohort Systems; Corvus Health; Radial Health,Northstar Rx; Cohort Systems,"Wrote a piece on why regulated industries adopt software through the CFO, not the end user.",2026-06-17,https://www.linkedin.com/in/meimoreau
Wei Silva,Solstice Partners,Chief of Staff,wei.silva@solstice.vc,https://solstice.vc,Seattle,United States,America/Los_Angeles,"seed, series a",Crypto; Web3; DeFi,$1M,$5M,"Hard tech at seed: space, defense and advanced manufacturing.",Terrace; Pixelforge; Fathom Social; Cartwheel,Pixelforge; Cartwheel,Published notes on the consumer subscription shakeout.,2025-09-03,https://www.linkedin.com/in/weisilva
Mateo Kowalski,Grove Lane Venture Partners,GP,mateo.kowalski@grovelane.vc,https://grovelane.vc,Chicago,United States,America/Chicago,Growth,Vertical SaaS; Marketplaces; Fintech,$250k,$1M,We fund vertical SaaS in industries that still run on spreadsheets and PDFs.,Loomstack; Pathway Bio; Orbital Freight; SiteLedger,Pathway Bio; Orbital Freight,Posted a breakdown of where trial budgets actually leak between sponsor and site.,2026-03-02,https://www.linkedin.com/in/mateokowalski
Lucas Weber,Marlow Labs,General Partner,lucas.weber@marlow.vc,https://marlow.vc,Seattle,United States,America/Los_Angeles,Seed,Life Sciences Tools; Healthtech; Data Infrastructure,$250k,$1M,"Our thesis is vertical software for regulated industries: healthcare, clinical research and pharma services, where workflow and payments converge.",Cohort Systems; Radial Health; Protocol IO; Northstar Rx,Cohort Systems; Radial Health,"Blog post arguing that vertical software wins when it takes over the payment, not the record.",2025-04-29,https://www.linkedin.com/in/lucasweber
Leah Silva,Solstice Capital Partners,General Partner,info@solstice.vc,https://solstice.vc,Boston,United States,America/New_York,Pre-Seed; Seed,Climate; Energy Storage; Industrial,250000,1500000,"Climate infrastructure, with a focus on grid-scale storage and industrial decarbonisation.",Pixelforge; Loomstack; Basalt; Terrace,Terrace; Basalt,Wrote about validator economics and where the fees really go.,2025-11-09,https://www.linkedin.com/in/leahsilva
Wei Tanaka,Kestrel Venture Partners,Analyst,wei.tanaka@kestrel.vc,https://kestrel.vc,London,United Kingdom,Europe/London,Pre-Seed; Seed,Healthtech; Digital Health; Life Sciences,250000,1500000,"Digital health infrastructure at seed. We look for companies that move money or data between sponsors, sites and patients.",Protocol IO; Northstar Rx; Cohort Systems; Pathway Bio,Cohort Systems; Protocol IO,Podcast appearance on how clinical research became a working-capital business.,2026-06-06,https://www.linkedin.com/in/weitanaka
Ade Chen,Quarry Capital,Managing Director,ade.chen@quarry.vc,https://quarry.vc,Singapore,Singapore,Asia/Singapore,Pre-seed/Seed,Healthtech; Digital Health; Life Sciences,$2M,$10M,"We invest in health IT founders selling into providers, CROs and sponsors, especially where the buyer has a measurable cost of delay.",Corvus Health; Protocol IO; Cohort Systems; Trialbase,Trialbase; Protocol IO,Wrote about why site-level cost data never reaches the sponsor's finance team in time.,2025-05-26,https://www.linkedin.com/in/adechen
Kenji Costa,Windward Capital,Venture Partner,kenji.costa@windward.vc,https://windward.vc,Boston,United States,America/New_York,Seed; Series A,Life Sciences Tools; Healthtech; Data Infrastructure,$250k,$1M,"Digital health infrastructure at seed. We look for companies that move money or data between sponsors, sites and patients.",Northstar Rx; CareLoop; Protocol IO; SiteLedger,CareLoop; Northstar Rx,Wrote about why site-level cost data never reaches the sponsor's finance team in time.,2026-07-06,https://www.linkedin.com/in/kenjicosta
Clara Fontaine,Rivermark Labs,General Partner,clara.fontaine@rivermark.vc,https://rivermark.vc,New York,United States,America/New_York,Series A; Series B,Healthcare; Payments; Vertical SaaS,$100k,$500k,"We back seed-stage companies rebuilding the financial plumbing of healthcare delivery, with a bias toward clinical operations and life sciences infrastructure.",Trialbase; Radial Health; SiteLedger; Verity Clinical,Verity Clinical; Trialbase,"Blog post arguing that vertical software wins when it takes over the payment, not the record.",2026-06-13,https://www.linkedin.com/in/clarafontaine
Daniel Moreau,Beacon Ridge Capital Partners,Partner,daniel.moreau@beaconridge.vc,https://beaconridge.vc,Seattle,United States,America/Los_Angeles,"seed, series a",Healthcare; Payments; Vertical SaaS,500k,2M,"Digital health infrastructure at seed. We look for companies that move money or data between sponsors, sites and patients.",Protocol IO; Cohort Systems; Radial Health; Northstar Rx,Radial Health; Cohort Systems,Posted a breakdown of where trial budgets actually leak between sponsor and site.,2026-02-08,https://www.linkedin.com/in/danielmoreau
Aisha Osei,Tidewater Ventures,Managing Director,aisha.osei@tidewater.vc,https://tidewater.vc,San Francisco,United States,America/Los_Angeles,Pre-Seed; Seed,B2B SaaS; Fintech; Payments,250000,1500000,We fund vertical SaaS in industries that still run on spreadsheets and PDFs.,Bluewire; CareLoop; Cohort Systems; Verity Clinical,CareLoop; Verity Clinical,Posted on why grid interconnection queues are the real climate bottleneck.,2025-08-07,https://www.linkedin.com/in/aishaosei
Sofia Chen,Halcyon Partners,Venture Partner,sofia.chen@halcyon.vc,https://halcyon.vc,Seattle,United States,America/Los_Angeles,Pre-Seed; Seed,Consumer Retail; DTC; Food,$2M,$10M,We invest in crypto protocols and the tooling around them.,Terrace; Ember Grid; Fathom Social; Cartwheel,Fathom Social; Cartwheel,Posted on why grid interconnection queues are the real climate bottleneck.,2026-02-23,https://www.linkedin.com/in/sofiachen
Wei Dubois,Ashford Ventures,Managing Director,wei.dubois@ashford.vc,https://ashford.vc,Singapore,Singapore,Asia/Singapore,Growth,Climate; Energy Storage; Industrial,500k,2M,"Hard tech at seed: space, defense and advanced manufacturing.",Loomstack; Pixelforge; Orbital Freight; Ninefold,Loomstack; Pixelforge,Wrote about validator economics and where the fees really go.,2026-06-07,https://www.linkedin.com/in/weidubois
Hana Novak,Hollow Creek Labs,Investment Analyst,hana.novak@hollowcreek.vc,https://hollowcreek.vc,Austin,United States,America/Chicago,"seed, series a",Healthcare; Payments; Vertical SaaS,$100k,$500k,"Digital health infrastructure at seed. We look for companies that move money or data between sponsors, sites and patients.",SiteLedger; Cohort Systems; Trialbase; Pathway Bio,SiteLedger; Pathway Bio,Podcast appearance on how clinical research became a working-capital business.,2026-03-30,https://www.linkedin.com/in/hananovak
Kenji Silva,Beacon Ridge Capital Partners,Principal,kenji.silva@beaconridge.vc,https://beaconridge.vc,Seattle,United States,America/Los_Angeles,"seed, series a",Healthcare; Payments; Vertical SaaS,500k,2M,"Digital health infrastructure at seed. We look for companies that move money or data between sponsors, sites and patients.",Protocol IO; Cohort Systems; Radial Health; Northstar Rx,Northstar Rx; Protocol IO,"Wrote a piece on why regulated industries adopt software through the CFO, not the end user.",2026-02-16,https://www.linkedin.com/in/kenjisilva
Arjun Alvarez,Windward Venture Partners,Venture Partner,arjun.alvarez@windward.vc,https://windward.vc,San Francisco,United States,America/Los_Angeles,Pre-Seed; Seed,Healthcare; Payments; Vertical SaaS,$100k,$500k,"We invest in health IT founders selling into providers, CROs and sponsors, especially where the buyer has a measurable cost of delay.",Trialbase; Verity Clinical; Cohort Systems; SiteLedger,Cohort Systems; Verity Clinical,"Wrote a piece on why regulated industries adopt software through the CFO, not the end user.",2026-02-10,https://www.linkedin.com/in/arjunalvarez
Lucas Kaur,Ironwood Capital,Investment Analyst,lucas.kaur@ironwood.vc,https://ironwood.vc,San Francisco,United States,America/Los_Angeles,Growth,B2B SaaS; Fintech; Payments,$250k,$1M,Seed-stage B2B software with a payments component. We like businesses where the software earns the right to touch the transaction.,Northstar Rx; Pixelforge; Pathway Bio; Bluewire,Bluewire; Pathway Bio,Wrote about validator economics and where the fees really go.,2025-03-19,https://www.linkedin.com/in/lucaskaur
Mateo Berger,Granite Row Labs,Founding Partner,mateo.berger@graniterow.vc,https://graniterow.vc,San Francisco,United States,America/Los_Angeles,Early Stage,Fintech; Insurtech; Payments,250000,1500000,We fund vertical SaaS in industries that still run on spreadsheets and PDFs.,Ember Grid; Bluewire; Ninefold; Cohort Systems,Bluewire; Ninefold,Posted a breakdown of where trial budgets actually leak between sponsor and site.,2025-08-23,https://www.linkedin.com/in/mateoberger
Yara Okafor,Highgate Venture Partners,Chief of Staff,yara.okafor@highgate.vc,https://highgate.vc,London,United Kingdom,Europe/London,Seed,Consumer Retail; DTC; Food,$1M,$5M,"Climate infrastructure, with a focus on grid-scale storage and industrial decarbonisation.",Orbital Freight; Pixelforge; Terrace; Cartwheel,Orbital Freight; Terrace,Posted on why grid interconnection queues are the real climate bottleneck.,2026-04-26,https://www.linkedin.com/in/yaraokafor
Ruth Haddad,Compass Rose Venture Partners,Partner,ruth.haddad@compassrose.vc,https://compassrose.vc,Chicago,United States,America/Chicago,Series A; Series B,B2B SaaS; Fintech; Payments,$2M,$10M,Seed-stage B2B software with a payments component. We like businesses where the software earns the right to touch the transaction.,Pixelforge; Protocol IO; Ember Grid; Basalt,Pixelforge; Basalt,Posted a breakdown of where trial budgets actually leak between sponsor and site.,2026-04-01,https://www.linkedin.com/in/ruthhaddad
Ana Kowalski,Kestrel Labs,Partner,ana.kowalski@kestrel.vc,https://kestrel.vc,New York,United States,America/New_York,"seed, series a",Fintech; Insurtech; Payments,500k,2M,"Fintech infrastructure at pre-seed and seed, with a preference for embedded payments.",Fathom Social; Radial Health; SiteLedger; CareLoop,SiteLedger; Radial Health,Wrote about validator economics and where the fees really go.,2026-07-04,https://www.linkedin.com/in/anakowalski
Clara Petrov,Tidewater Labs,General Partner,clara.petrov@tidewater.vc,https://tidewater.vc,Boston,United States,America/New_York,"seed, series a",Vertical SaaS; Marketplaces; Fintech,$2M,$10M,Seed-stage B2B software with a payments component. We like businesses where the software earns the right to touch the transaction.,Bluewire; Pathway Bio; Cohort Systems; Verity Clinical,Bluewire; Cohort Systems,Podcast appearance on how clinical research became a working-capital business.,2025-08-29,https://www.linkedin.com/in/clarapetrov
Felix Vasquez,Halcyon Partners,Partner,felix.vasquez@halcyon.vc,https://halcyon.vc,Seattle,United States,America/Los_Angeles,Pre-Seed; Seed,Consumer Retail; DTC; Food,$2M,$10M,We invest in crypto protocols and the tooling around them.,Terrace; Ember Grid; Fathom Social; Cartwheel,Cartwheel; Ember Grid,Wrote about validator economics and where the fees really go.,2026-04-29,https://www.linkedin.com/in/felixvasquez
Freya Silva,Vantage Hill Capital,GP,freya.silva@vantagehill.vc,https://vantagehill.vc,New York,United States,America/New_York,Pre-seed/Seed,Health IT; Clinical Trials; B2B SaaS,$100k,$500k,"We back seed-stage companies rebuilding the financial plumbing of healthcare delivery, with a bias toward clinical operations and life sciences infrastructure.",CareLoop; Verity Clinical; Trialbase; Cohort Systems; TrialPay Sciences,CareLoop; Trialbase,Wrote about why site-level cost data never reaches the sponsor's finance team in time.,2026-07-10,https://www.linkedin.com/in/freyasilva
Sofia Haddad,Pinemark Partners,General Partner,sofia.haddad@pinemark.vc,https://pinemark.vc,Toronto,Canada,America/Toronto,Seed,Digital Health; Fintech; Healthcare Services,250000,1500000,"Digital health infrastructure at seed. We look for companies that move money or data between sponsors, sites and patients.",CareLoop; Verity Clinical; Northstar Rx; Cohort Systems,CareLoop; Cohort Systems,Podcast appearance on how clinical research became a working-capital business.,2026-02-10,https://www.linkedin.com/in/sofiahaddad
SOFIA HADDAD,"Pinemark Partners, LLC",General Partner,sofia.haddad@pinemark.vc,https://pinemark.vc,Toronto,Canada,America/Toronto,Seed,Digital Health; Fintech; Healthcare Services,250000,1500000,"Digital health infrastructure at seed. We look for companies that move money or data between sponsors, sites and patients.",CareLoop; Verity Clinical; Northstar Rx; Cohort Systems,CareLoop; Cohort Systems,Podcast appearance on how clinical research became a working-capital business.,2026-02-10,https://www.linkedin.com/in/sofiahaddad
SOFIA BRENNER,"Foundry Row Ventures, LLC",Principal,sofia.brenner@foundryrow.vc,https://foundryrow.vc,Austin,United States,America/Chicago,Seed,Life Sciences Tools; Healthtech; Data Infrastructure,$1M,$5M,"Our thesis is vertical software for regulated industries: healthcare, clinical research and pharma services, where workflow and payments converge.",Verity Clinical; Corvus Health; Northstar Rx; CareLoop,Northstar Rx; Corvus Health,"Wrote a piece on why regulated industries adopt software through the CFO, not the end user.",2026-07-11,https://www.linkedin.com/in/sofiabrenner
Wei Kowalski,Windward Labs,GP,wei.kowalski@windward.vc,https://windward.vc,Boston,United States,America/New_York,"seed, series a",Vertical SaaS; Marketplaces; Fintech,500k,2M,"Fintech infrastructure at pre-seed and seed, with a preference for embedded payments.",Ember Grid; Pathway Bio; SiteLedger; Verity Clinical,Verity Clinical; SiteLedger,"Wrote a piece on why regulated industries adopt software through the CFO, not the end user.",2026-04-04,https://www.linkedin.com/in/weikowalski
Hugo Brenner,Larkspur Partners,Founding Partner,info@larkspur.vc,https://larkspur.vc,Austin,United States,America/Chicago,"seed, series a",B2B SaaS; Fintech; Payments,$100k,$500k,"Fintech infrastructure at pre-seed and seed, with a preference for embedded payments.",Basalt; Bluewire; Ember Grid; Terrace,Bluewire; Terrace,Posted a breakdown of where trial budgets actually leak between sponsor and site.,2025-09-18,https://www.linkedin.com/in/hugobrenner
Fatima Weber,Windward Ventures,Chief of Staff,fatima.weber@windward.vc,https://windward.vc,Austin,United States,America/Chicago,"seed, series a",Healthcare; Payments; Vertical SaaS,$100k,$500k,"Digital health infrastructure at seed. We look for companies that move money or data between sponsors, sites and patients.",Verity Clinical; Trialbase; Cohort Systems; Pathway Bio,Verity Clinical; Trialbase,"Wrote a piece on why regulated industries adopt software through the CFO, not the end user.",2026-06-22,https://www.linkedin.com/in/fatimaweber
Hana Alvarez,Larkspur Ventures,Partner,hana.alvarez@larkspur.vc,https://larkspur.vc,San Francisco,United States,America/Los_Angeles,Series A; Series B,Health IT; Clinical Trials; B2B SaaS,$1M,$5M,"Our thesis is vertical software for regulated industries: healthcare, clinical research and pharma services, where workflow and payments converge.",Cohort Systems; SiteLedger; Verity Clinical; Protocol IO,SiteLedger; Protocol IO,"Wrote a piece on why regulated industries adopt software through the CFO, not the end user.",2026-03-28,https://www.linkedin.com/in/hanaalvarez
Marcus Vasquez,Lantern Labs,GP,marcus.vasquez@lantern.vc,https://lantern.vc,Chicago,United States,America/Chicago,Seed,Consumer Gaming; Social; Creator Economy,$2M,$10M,We invest in crypto protocols and the tooling around them.,Cartwheel; Bluewire; Pixelforge; Ninefold,Cartwheel; Ninefold,Posted on why grid interconnection queues are the real climate bottleneck.,2026-03-17,https://www.linkedin.com/in/marcusvasquez
Fatima Alvarez,Grove Lane Capital,General Partner,fatima.alvarez@grovelane.vc,https://grovelane.vc,Austin,United States,America/Chicago,Pre-Seed; Seed,Life Sciences Tools; Healthtech; Data Infrastructure,$250k,$1M,"We invest in health IT founders selling into providers, CROs and sponsors, especially where the buyer has a measurable cost of delay.",Protocol IO; Pathway Bio; Verity Clinical; Corvus Health,Verity Clinical; Corvus Health,"Blog post arguing that vertical software wins when it takes over the payment, not the record.",2025-12-20,https://www.linkedin.com/in/fatimaalvarez
Rosa Petrov,Beacon Ridge Ventures,General Partner,rosa.petrov@beaconridge.vc,https://beaconridge.vc,Austin,United States,America/Chicago,"seed, series a",Enterprise Software; Data Infrastructure; AI,500k,2M,Seed-stage B2B software with a payments component. We like businesses where the software earns the right to touch the transaction.,Cohort Systems; Northstar Rx; Pixelforge; Terrace,Northstar Rx; Cohort Systems,Podcast appearance on how clinical research became a working-capital business.,2026-06-12,https://www.linkedin.com/in/rosapetrov
Wei Novak,Larkspur Capital,GP,wei.novak@larkspur.vc,https://larkspur.vc,London,United Kingdom,Europe/London,Early Stage,Crypto; Web3; DeFi,500k,2M,We invest in crypto protocols and the tooling around them.,Basalt; Ninefold; Bluewire; Ember Grid,Ember Grid; Ninefold,Published notes on the consumer subscription shakeout.,2026-03-24,https://www.linkedin.com/in/weinovak
Diego Baumann,Cedar Point Venture Partners,Principal,diego.baumann@cedarpoint.vc,https://cedarpoint.vc,New York,United States,America/New_York,Seed; Series A,Enterprise Software; Data Infrastructure; AI,$1M,$5M,We fund vertical SaaS in industries that still run on spreadsheets and PDFs.,Basalt; CareLoop; Bluewire; Cartwheel; TrialPay Sciences,Bluewire; TrialPay Sciences,Wrote about validator economics and where the fees really go.,2026-02-14,https://www.linkedin.com/in/diegobaumann
Peter Iqbal,Copper Beach Capital,Talent Partner,peter.iqbal@copperbeach.vc,https://copperbeach.vc,Singapore,Singapore,Asia/Singapore,"seed, series a",Healthtech; Digital Health; Life Sciences,$250k,$1M,"We invest in health IT founders selling into providers, CROs and sponsors, especially where the buyer has a measurable cost of delay.",Radial Health; Protocol IO; SiteLedger; Pathway Bio,SiteLedger; Protocol IO,Podcast appearance on how clinical research became a working-capital business.,2026-04-24,https://www.linkedin.com/in/peteriqbal
Elena Mbeki,Highgate Venture Partners,GP,elena.mbeki@highgate.vc,https://highgate.vc,London,United Kingdom,Europe/London,Seed,Consumer Retail; DTC; Food,$1M,$5M,"Climate infrastructure, with a focus on grid-scale storage and industrial decarbonisation.",Orbital Freight; Pixelforge; Terrace; Cartwheel,Terrace; Cartwheel,Published notes on the consumer subscription shakeout.,2026-03-26,https://www.linkedin.com/in/elenambeki
Mei Iqbal,Tidewater Labs,Founding Partner,mei.iqbal@tidewater.vc,https://tidewater.vc,Boston,United States,America/New_York,"seed, series a",Vertical SaaS; Marketplaces; Fintech,$2M,$10M,Seed-stage B2B software with a payments component. We like businesses where the software earns the right to touch the transaction.,Bluewire; Pathway Bio; Cohort Systems; Verity Clinical,Bluewire; Cohort Systems,Posted on why grid interconnection queues are the real climate bottleneck.,2026-04-11,https://www.linkedin.com/in/meiiqbal
Yara Berger,Ironwood Capital,Managing Partner,yara.berger@ironwood.vc,https://ironwood.vc,San Francisco,United States,America/Los_Angeles,Growth,B2B SaaS; Fintech; Payments,$250k,$1M,Seed-stage B2B software with a payments component. We like businesses where the software earns the right to touch the transaction.,Northstar Rx; Pixelforge; Pathway Bio; Bluewire,Pixelforge; Northstar Rx,"Blog post arguing that vertical software wins when it takes over the payment, not the record.",2026-06-06,https://www.linkedin.com/in/yaraberger
Omar Okafor,Vantage Hill Capital Partners,Principal,omar.okafor@vantagehill.vc,https://vantagehill.vc,New York,United States,America/New_York,Pre-seed/Seed,Health IT; Clinical Trials; B2B SaaS,$100k,$500k,"Our thesis is vertical software for regulated industries: healthcare, clinical research and pharma services, where workflow and payments converge.",Corvus Health; Trialbase; Radial Health; Verity Clinical,Verity Clinical; Radial Health,"Blog post arguing that vertical software wins when it takes over the payment, not the record.",2025-02-22,https://www.linkedin.com/in/omarokafor
Talia Costa,Marlow Partners,Principal,talia.costa@marlow.vc,https://marlow.vc,San Francisco,United States,America/Los_Angeles,Early Stage,Consumer Retail; DTC; Food,$100k,$500k,Consumer social and gaming at seed. We look for products with organic distribution.,Ember Grid; Fathom Social; Ninefold; Terrace,Ember Grid; Ninefold,Published notes on the consumer subscription shakeout.,2026-06-04,https://www.linkedin.com/in/taliacosta
Elena Ramirez,Foundry Row Partners,General Partner,elena.ramirez@foundryrow.vc,https://foundryrow.vc,Chicago,United States,America/Chicago,Pre-seed/Seed,Climate; Energy Storage; Industrial,500k,2M,"Climate infrastructure, with a focus on grid-scale storage and industrial decarbonisation.",Basalt; Bluewire; Loomstack; Orbital Freight; Mural Health,Basalt; Mural Health,Wrote about validator economics and where the fees really go.,2026-06-19,https://www.linkedin.com/in/elenaramirez
Nils Costa,Blue Meridian Labs,Founding Partner,nils.costa@bluemeridian.vc,https://bluemeridian.vc,Berlin,Germany,Europe/Berlin,"seed, series a",Healthtech; Digital Health; Life Sciences,$100k,$500k,"We invest in health IT founders selling into providers, CROs and sponsors, especially where the buyer has a measurable cost of delay.",Protocol IO; Verity Clinical; Radial Health; Northstar Rx; Paylode Health,Protocol IO; Northstar Rx,"Wrote a piece on why regulated industries adopt software through the CFO, not the end user.",2026-05-04,https://www.linkedin.com/in/nilscosta
Nils Kowalski,Rivermark Capital Partners,Investment Analyst,nils.kowalski@rivermark.vc,https://rivermark.vc,Seattle,United States,America/Los_Angeles,Growth,Life Sciences Tools; Healthtech; Data Infrastructure,500k,2M,"We invest in health IT founders selling into providers, CROs and sponsors, especially where the buyer has a measurable cost of delay.",Corvus Health; Pathway Bio; Verity Clinical; Trialbase,Pathway Bio; Trialbase,Podcast appearance on how clinical research became a working-capital business.,2026-07-03,https://www.linkedin.com/in/nilskowalski
Amara Osei,Marlow Venture Partners,Venture Partner,amara.osei@marlow.vc,https://marlow.vc,San Francisco,United States,America/Los_Angeles,Series A; Series B,Consumer Gaming; Social; Creator Economy,$250k,$1M,Consumer social and gaming at seed. We look for products with organic distribution.,Fathom Social; Orbital Freight; Pixelforge; Ember Grid,Pixelforge; Fathom Social,Posted on why grid interconnection queues are the real climate bottleneck.,2026-04-17,https://www.linkedin.com/in/amaraosei
Arjun Farrell,Granite Row Capital Partners,Managing Director,arjun.farrell@graniterow.vc,https://graniterow.vc,San Francisco,United States,America/Los_Angeles,"seed, series a",Digital Health; Fintech; Healthcare Services,$1M,$5M,"We back seed-stage companies rebuilding the financial plumbing of healthcare delivery, with a bias toward clinical operations and life sciences infrastructure.",Protocol IO; Verity Clinical; CareLoop; SiteLedger,SiteLedger; CareLoop,Posted a breakdown of where trial budgets actually leak between sponsor and site.,2026-05-24,https://www.linkedin.com/in/arjunfarrell
Leah Petrov,Fifth Harbor Capital,Founding Partner,leah.petrov@fifthharbor.vc,https://fifthharbor.vc,New York,United States,America/New_York,Seed,B2B SaaS; Fintech; Payments,$250k,$1M,We fund vertical SaaS in industries that still run on spreadsheets and PDFs.,Loomstack; Bluewire; Ninefold; Fathom Social,Loomstack; Fathom Social,Published notes on the consumer subscription shakeout.,2026-03-02,https://www.linkedin.com/in/leahpetrov
Ravi Sharma,Ashford Partners,Managing Partner,ravi.sharma@ashford.vc,https://ashford.vc,Stockholm,Sweden,Europe/Stockholm,"seed, series a",Health IT; Clinical Trials; B2B SaaS,$100k,$500k,"Our thesis is vertical software for regulated industries: healthcare, clinical research and pharma services, where workflow and payments converge.",Radial Health; Trialbase; Northstar Rx; Corvus Health,Corvus Health; Radial Health,Wrote about why site-level cost data never reaches the sponsor's finance team in time.,2026-05-23,https://www.linkedin.com/in/ravisharma
Zoe Tanaka,Foundry Row Capital,Venture Partner,zoe.tanaka@foundryrow.vc,https://foundryrow.vc,New York,United States,America/New_York,Series A; Series B,Health IT; Clinical Trials; B2B SaaS,500k,2M,"We back seed-stage companies rebuilding the financial plumbing of healthcare delivery, with a bias toward clinical operations and life sciences infrastructure.",Protocol IO; Verity Clinical; Northstar Rx; Cohort Systems,Protocol IO; Verity Clinical,Posted a breakdown of where trial budgets actually leak between sponsor and site.,2026-05-02,https://www.linkedin.com/in/zoetanaka
Clara Osei,Alder Capital Partners,Partner,clara.osei@alder.vc,https://alder.vc,Boston,United States,America/New_York,Growth,Crypto; Web3; DeFi,$250k,$1M,We invest in crypto protocols and the tooling around them.,Orbital Freight; Ninefold; Basalt; Ember Grid,Orbital Freight; Basalt,Wrote about validator economics and where the fees really go.,2026-04-21,https://www.linkedin.com/in/claraosei
Omar Baumann,Ironwood Labs,General Partner,omar.baumann@ironwood.vc,https://ironwood.vc,London,United Kingdom,Europe/London,Pre-seed/Seed,B2B SaaS; Fintech; Payments,250000,1500000,"Fintech infrastructure at pre-seed and seed, with a preference for embedded payments.",Trialbase; CareLoop; Bluewire; SiteLedger,Bluewire; CareLoop,Published notes on the consumer subscription shakeout.,2026-03-26,https://www.linkedin.com/in/omarbaumann
Rosa Okafor,Copper Beach Labs,Venture Partner,rosa.okafor@copperbeach.vc,https://copperbeach.vc,Chicago,United States,America/Chicago,Pre-seed/Seed,Healthtech; Digital Health; Life Sciences,$100k,$500k,"We back seed-stage companies rebuilding the financial plumbing of healthcare delivery, with a bias toward clinical operations and life sciences infrastructure.",Northstar Rx; CareLoop; Protocol IO; Trialbase,Trialbase; Northstar Rx,Posted a breakdown of where trial budgets actually leak between sponsor and site.,2025-10-11,https://www.linkedin.com/in/rosaokafor
Jonas Farrell,Fifth Harbor Capital,GP,jonas.farrell@fifthharbor.vc,https://fifthharbor.vc,New York,United States,America/New_York,Seed,B2B SaaS; Fintech; Payments,$250k,$1M,We fund vertical SaaS in industries that still run on spreadsheets and PDFs.,Loomstack; Bluewire; Ninefold; Fathom Social,Fathom Social; Ninefold,Posted on why grid interconnection queues are the real climate bottleneck.,2026-03-05,https://www.linkedin.com/in/jonasfarrell
Talia Dubois,Northaven Capital Partners,Analyst,talia.dubois@northaven.vc,https://northaven.vc,Seattle,United States,America/Los_Angeles,Pre-seed/Seed,Vertical SaaS; Marketplaces; Fintech,$2M,$10M,We fund vertical SaaS in industries that still run on spreadsheets and PDFs.,Ember Grid; Verity Clinical; Orbital Freight; Bluewire,Verity Clinical; Orbital Freight,"Wrote a piece on why regulated industries adopt software through the CFO, not the end user.",2026-07-04,https://www.linkedin.com/in/taliadubois
Talia Larsen,Quarry Labs,Founding Partner,talia.larsen@quarry.vc,https://quarry.vc,Boston,United States,America/New_York,Pre-Seed; Seed,Health IT; Clinical Trials; B2B SaaS,250000,1500000,"We invest in health IT founders selling into providers, CROs and sponsors, especially where the buyer has a measurable cost of delay.",Radial Health; Northstar Rx; Trialbase; Cohort Systems,Trialbase; Radial Health,Podcast appearance on how clinical research became a working-capital business.,2026-06-23,https://www.linkedin.com/in/talialarsen
Ade Weber,Blue Meridian Labs,Founding Partner,ade.weber@bluemeridian.vc,https://bluemeridian.vc,Berlin,Germany,Europe/Berlin,"seed, series a",Healthtech; Digital Health; Life Sciences,$100k,$500k,"We invest in health IT founders selling into providers, CROs and sponsors, especially where the buyer has a measurable cost of delay.",Protocol IO; Verity Clinical; Radial Health; Northstar Rx; Paylode Health,Paylode Health; Protocol IO,Posted a breakdown of where trial budgets actually leak between sponsor and site.,2026-04-13,https://www.linkedin.com/in/adeweber
AMARA VASQUEZ,"Northaven Ventures, LLC",Managing Director,amara.vasquez@northaven.vc,https://northaven.vc,Boston,United States,America/New_York,Seed; Series A,Space; Defense; Advanced Manufacturing,250000,1500000,Consumer social and gaming at seed. We look for products with organic distribution.,Loomstack; Orbital Freight; Basalt; Pixelforge,Basalt; Loomstack,Posted on why grid interconnection queues are the real climate bottleneck.,2026-07-02,https://www.linkedin.com/in/amaravasquez
Clara Costa,Ironwood Capital Partners,Partner,clara.costa@ironwood.vc,https://ironwood.vc,San Francisco,United States,America/Los_Angeles,Pre-Seed; Seed,Consumer Gaming; Social; Creator Economy,$2M,$10M,We invest in crypto protocols and the tooling around them.,Ninefold; Loomstack; Basalt; Terrace; Mural Health,Mural Health; Terrace,Posted on why grid interconnection queues are the real climate bottleneck.,2025-12-15,https://www.linkedin.com/in/claracosta
Yara Weber,Ironwood Labs,Managing Director,yara.weber@ironwood.vc,https://ironwood.vc,London,United Kingdom,Europe/London,Pre-seed/Seed,B2B SaaS; Fintech; Payments,250000,1500000,"Fintech infrastructure at pre-seed and seed, with a preference for embedded payments.",Trialbase; CareLoop; Bluewire; SiteLedger,Bluewire; SiteLedger,Wrote about why site-level cost data never reaches the sponsor's finance team in time.,2026-03-25,https://www.linkedin.com/in/yaraweber
Sofia Okafor,Halcyon Capital Partners,GP,sofia.okafor@halcyon.vc,https://halcyon.vc,Seattle,United States,America/Los_Angeles,"seed, series a",Consumer Retail; DTC; Food,$100k,$500k,"Hard tech at seed: space, defense and advanced manufacturing.",Ember Grid; Bluewire; Terrace; Cartwheel; Mural Health,Cartwheel; Mural Health,Posted on why grid interconnection queues are the real climate bottleneck.,2026-02-18,https://www.linkedin.com/in/sofiaokafor
Samir Weber,Longshore Ventures,Analyst,samir.weber@longshore.vc,https://longshore.vc,Austin,United States,America/Chicago,Seed,Vertical SaaS; Marketplaces; Fintech,250000,1500000,We fund vertical SaaS in industries that still run on spreadsheets and PDFs.,Protocol IO; Cartwheel; Ember Grid; Cohort Systems,Protocol IO; Cohort Systems,Posted a breakdown of where trial budgets actually leak between sponsor and site.,2026-05-25,https://www.linkedin.com/in/samirweber
Freya Osei,Beacon Ridge Ventures,Managing Director,freya.osei@beaconridge.vc,https://beaconridge.vc,Austin,United States,America/Chicago,"seed, series a",Enterprise Software; Data Infrastructure; AI,500k,2M,Seed-stage B2B software with a payments component. We like businesses where the software earns the right to touch the transaction.,Cohort Systems; Northstar Rx; Pixelforge; Terrace,Cohort Systems; Pixelforge,"Wrote a piece on why regulated industries adopt software through the CFO, not the end user.",2025-03-24,https://www.linkedin.com/in/freyaosei
Omar Fontaine,Pinemark Capital Partners,Principal,omar.fontaine@pinemark.vc,https://pinemark.vc,Chicago,United States,America/Chicago,Series A; Series B,Enterprise Software; Data Infrastructure; AI,$1M,$5M,We fund vertical SaaS in industries that still run on spreadsheets and PDFs.,Ninefold; Radial Health; CareLoop; Pixelforge,CareLoop; Ninefold,"Wrote a piece on why regulated industries adopt software through the CFO, not the end user.",2026-07-05,https://www.linkedin.com/in/omarfontaine
Leah Mbeki,Copper Beach Ventures,Venture Partner,leah.mbeki@copperbeach.vc,https://copperbeach.vc,Boston,United States,America/New_York,Series A; Series B,B2B SaaS; Fintech; Payments,250000,1500000,We fund vertical SaaS in industries that still run on spreadsheets and PDFs.,Ember Grid; Radial Health; Corvus Health; Cohort Systems,Cohort Systems; Ember Grid,Podcast appearance on how clinical research became a working-capital business.,2026-07-13,https://www.linkedin.com/in/leahmbeki
Nadia Osei,Highgate Ventures,General Partner,nadia.osei@highgate.vc,https://highgate.vc,Boston,United States,America/New_York,Seed,Enterprise Software; Data Infrastructure; AI,500k,2M,We fund vertical SaaS in industries that still run on spreadsheets and PDFs.,Verity Clinical; Basalt; Terrace; Ember Grid,Ember Grid; Verity Clinical,Podcast appearance on how clinical research became a working-capital business.,2026-04-05,https://www.linkedin.com/in/nadiaosei
Arjun Lindqvist,Ashford Capital Partners,Managing Partner,arjun.lindqvist@ashford.vc,https://ashford.vc,Singapore,Singapore,Asia/Singapore,"seed, series a",Climate; Energy Storage; Industrial,500k,2M,"Climate infrastructure, with a focus on grid-scale storage and industrial decarbonisation.",Loomstack; Ninefold; Basalt; Bluewire,Basalt; Ninefold,Posted on why grid interconnection queues are the real climate bottleneck.,2026-06-16,https://www.linkedin.com/in/arjunlindqvist
Marcus Farrell,Grove Lane Capital,Partner,marcus.farrell@grovelane.vc,https://grovelane.vc,Austin,United States,America/Chicago,Pre-Seed; Seed,Life Sciences Tools; Healthtech; Data Infrastructure,$250k,$1M,"We invest in health IT founders selling into providers, CROs and sponsors, especially where the buyer has a measurable cost of delay.",Protocol IO; Pathway Bio; Verity Clinical; Corvus Health,Protocol IO; Verity Clinical,Podcast appearance on how clinical research became a working-capital business.,2026-04-04,https://www.linkedin.com/in/marcusfarrell
Elena Lindqvist,Northaven Capital Partners,Partner,elena.lindqvist@northaven.vc,https://northaven.vc,Seattle,United States,America/Los_Angeles,Pre-seed/Seed,Vertical SaaS; Marketplaces; Fintech,$2M,$10M,We fund vertical SaaS in industries that still run on spreadsheets and PDFs.,Ember Grid; Verity Clinical; Orbital Freight; Bluewire,Ember Grid; Orbital Freight,Podcast appearance on how clinical research became a working-capital business.,2025-11-14,https://www.linkedin.com/in/elenalindqvist
Ivan Costa,Silverline Venture Partners,Venture Partner,ivan.costa@silverline.vc,https://silverline.vc,Boston,United States,America/New_York,Growth,Digital Health; Fintech; Healthcare Services,$100k,$500k,"Our thesis is vertical software for regulated industries: healthcare, clinical research and pharma services, where workflow and payments converge.",CareLoop; Northstar Rx; Pathway Bio; Radial Health,Pathway Bio; Northstar Rx,Posted a breakdown of where trial budgets actually leak between sponsor and site.,2025-11-25,https://www.linkedin.com/in/ivancosta
Omar Silva,Northaven Labs,Venture Partner,omar.silva@northaven.vc,https://northaven.vc,New York,United States,America/New_York,Pre-seed/Seed,Healthcare; Payments; Vertical SaaS,$100k,$500k,"Our thesis is vertical software for regulated industries: healthcare, clinical research and pharma services, where workflow and payments converge.",Verity Clinical; Northstar Rx; Pathway Bio; CareLoop,Pathway Bio; CareLoop,"Blog post arguing that vertical software wins when it takes over the payment, not the record.",2026-02-18,https://www.linkedin.com/in/omarsilva
Kenji Baumann,Tidewater Capital,Venture Partner,kenji.baumann@tidewater.vc,https://tidewater.vc,London,United Kingdom,Europe/London,Pre-Seed; Seed,Digital Health; Fintech; Healthcare Services,$250k,$1M,"We invest in health IT founders selling into providers, CROs and sponsors, especially where the buyer has a measurable cost of delay.",Northstar Rx; Trialbase; Corvus Health; Pathway Bio,Trialbase; Corvus Health,Wrote about why site-level cost data never reaches the sponsor's finance team in time.,2026-06-03,https://www.linkedin.com/in/kenjibaumann
Ana Nguyen,Windward Venture Partners,Venture Partner,ana.nguyen@windward.vc,https://windward.vc,San Francisco,United States,America/Los_Angeles,Pre-Seed; Seed,Healthcare; Payments; Vertical SaaS,$100k,$500k,"We invest in health IT founders selling into providers, CROs and sponsors, especially where the buyer has a measurable cost of delay.",Trialbase; Verity Clinical; Cohort Systems; SiteLedger,Trialbase; Verity Clinical,"Wrote a piece on why regulated industries adopt software through the CFO, not the end user.",2026-06-14,https://www.linkedin.com/in/ananguyen
Samir Haddad,Blue Meridian Ventures,Founding Partner,samir.haddad@bluemeridian.vc,https://bluemeridian.vc,Austin,United States,America/Chicago,Pre-seed/Seed,Enterprise Software; Data Infrastructure; AI,$1M,$5M,We fund vertical SaaS in industries that still run on spreadsheets and PDFs.,Ember Grid; Fathom Social; Verity Clinical; Cartwheel,Verity Clinical; Cartwheel,Published notes on the consumer subscription shakeout.,2026-04-27,https://www.linkedin.com/in/samirhaddad
Ade Iqbal,Two Bridges Capital Partners,Managing Director,ade.iqbal@twobridges.vc,https://twobridges.vc,Chicago,United States,America/Chicago,Seed,Climate; Energy Storage; Industrial,$100k,$500k,We invest in crypto protocols and the tooling around them.,Fathom Social; Pixelforge; Bluewire; Ninefold,Pixelforge; Bluewire,Wrote about validator economics and where the fees really go.,2026-05-05,https://www.linkedin.com/in/adeiqbal
Nadia Vasquez,Compass Rose Capital,Associate,nadia.vasquez@compassrose.vc,https://compassrose.vc,Stockholm,Sweden,Europe/Stockholm,Growth,Health IT; Clinical Trials; B2B SaaS,$1M,$5M,"Our thesis is vertical software for regulated industries: healthcare, clinical research and pharma services, where workflow and payments converge.",Corvus Health; Trialbase; CareLoop; Pathway Bio,Corvus Health; CareLoop,Podcast appearance on how clinical research became a working-capital business.,2025-11-06,https://www.linkedin.com/in/nadiavasquez
Ravi Mbeki,Beacon Ridge Capital,GP,ravi.mbeki@beaconridge.vc,https://beaconridge.vc,New York,United States,America/New_York,Seed,Healthtech; Digital Health; Life Sciences,500k,2M,"Digital health infrastructure at seed. We look for companies that move money or data between sponsors, sites and patients.",Pathway Bio; Radial Health; Northstar Rx; Trialbase,Trialbase; Radial Health,"Wrote a piece on why regulated industries adopt software through the CFO, not the end user.",2025-03-19,https://www.linkedin.com/in/ravimbeki
Hana Kaur,Solstice Labs,Venture Partner,hana.kaur@solstice.vc,https://solstice.vc,New York,United States,America/New_York,Seed,Healthtech; Digital Health; Life Sciences,$250k,$1M,"Digital health infrastructure at seed. We look for companies that move money or data between sponsors, sites and patients.",Verity Clinical; Northstar Rx; Protocol IO; SiteLedger,Verity Clinical; Protocol IO,"Wrote a piece on why regulated industries adopt software through the CFO, not the end user.",2026-05-22,https://www.linkedin.com/in/hanakaur
Rosa Chen,Two Bridges Venture Partners,Venture Partner,rosa.chen@twobridges.vc,https://twobridges.vc,Austin,United States,America/Chicago,Seed,Consumer Gaming; Social; Creator Economy,$1M,$5M,We invest in crypto protocols and the tooling around them.,Basalt; Terrace; Orbital Freight; Cartwheel,Cartwheel; Basalt,Wrote about validator economics and where the fees really go.,2025-11-13,https://www.linkedin.com/in/rosachen
Peter Novak,Halcyon Labs,Associate,peter.novak@halcyon.vc,https://halcyon.vc,Berlin,Germany,Europe/Berlin,"seed, series a",Healthtech; Digital Health; Life Sciences,$2M,$10M,"We invest in health IT founders selling into providers, CROs and sponsors, especially where the buyer has a measurable cost of delay.",Cohort Systems; Pathway Bio; Verity Clinical; Radial Health,Pathway Bio; Radial Health,Podcast appearance on how clinical research became a working-capital business.,2025-04-05,https://www.linkedin.com/in/peternovak
Sofia Ramirez,Cedar Point Ventures,Principal,sofia.ramirez@cedarpoint.vc,https://cedarpoint.vc,Toronto,Canada,America/Toronto,Series A; Series B,Healthtech; Digital Health; Life Sciences,250000,1500000,"We back seed-stage companies rebuilding the financial plumbing of healthcare delivery, with a bias toward clinical operations and life sciences infrastructure.",Northstar Rx; SiteLedger; Protocol IO; Verity Clinical,Northstar Rx; Protocol IO,"Blog post arguing that vertical software wins when it takes over the payment, not the record.",2026-04-16,https://www.linkedin.com/in/sofiaramirez
Peter Kowalski,Pinemark Capital Partners,Principal,peter.kowalski@pinemark.vc,https://pinemark.vc,Chicago,United States,America/Chicago,Series A; Series B,Enterprise Software; Data Infrastructure; AI,$1M,$5M,We fund vertical SaaS in industries that still run on spreadsheets and PDFs.,Ninefold; Radial Health; CareLoop; Pixelforge,Ninefold; Radial Health,Podcast appearance on how clinical research became a working-capital business.,2025-08-13,https://www.linkedin.com/in/peterkowalski
Hugo Andersen,Northaven Capital,Managing Partner,hugo.andersen@northaven.vc,https://northaven.vc,Boston,United States,America/New_York,Seed; Series A,Space; Defense; Advanced Manufacturing,$250k,$1M,Consumer social and gaming at seed. We look for products with organic distribution.,Pixelforge; Cartwheel; Ember Grid; Fathom Social,Fathom Social; Ember Grid,Wrote about validator economics and where the fees really go.,2026-06-25,https://www.linkedin.com/in/hugoandersen
Freya Chen,Alder Ventures,Principal,freya.chen@alder.vc,https://alder.vc,Boston,United States,America/New_York,Seed; Series A,Healthcare; Payments; Vertical SaaS,250000,1500000,"Our thesis is vertical software for regulated industries: healthcare, clinical research and pharma services, where workflow and payments converge.",Corvus Health; Trialbase; CareLoop; SiteLedger,Corvus Health; Trialbase,Wrote about why site-level cost data never reaches the sponsor's finance team in time.,2026-03-12,https://www.linkedin.com/in/freyachen
Samir Andersen,Fifth Harbor Partners,GP,samir.andersen@fifthharbor.vc,https://fifthharbor.vc,New York,United States,America/New_York,Seed,Digital Health; Fintech; Healthcare Services,500k,2M,"We back seed-stage companies rebuilding the financial plumbing of healthcare delivery, with a bias toward clinical operations and life sciences infrastructure.",Northstar Rx; Corvus Health; Protocol IO; SiteLedger,Protocol IO; SiteLedger,"Blog post arguing that vertical software wins when it takes over the payment, not the record.",2026-04-15,https://www.linkedin.com/in/samirandersen
Hugo Fontaine,Compass Rose Ventures,General Partner,hugo.fontaine@compassrose.vc,https://compassrose.vc,Boston,United States,America/New_York,Seed,Life Sciences Tools; Healthtech; Data Infrastructure,500k,2M,"Digital health infrastructure at seed. We look for companies that move money or data between sponsors, sites and patients.",Corvus Health; SiteLedger; Verity Clinical; Radial Health,Radial Health; Verity Clinical,"Blog post arguing that vertical software wins when it takes over the payment, not the record.",2026-06-13,https://www.linkedin.com/in/hugofontaine
Arjun Chen,Ironwood Partners,Principal,arjun.chen@ironwood.vc,https://ironwood.vc,New York,United States,America/New_York,Growth,Consumer Gaming; Social; Creator Economy,250000,1500000,Consumer social and gaming at seed. We look for products with organic distribution.,Pixelforge; Ninefold; Orbital Freight; Terrace,Orbital Freight; Pixelforge,Posted on why grid interconnection queues are the real climate bottleneck.,2026-05-24,https://www.linkedin.com/in/arjunchen
Samir Chen,Lantern Capital,Principal,samir.chen@lantern.vc,https://lantern.vc,Austin,United States,America/Chicago,Pre-Seed; Seed,Healthtech; Digital Health; Life Sciences,500k,2M,"Digital health infrastructure at seed. We look for companies that move money or data between sponsors, sites and patients.",Pathway Bio; Corvus Health; Cohort Systems; SiteLedger,Corvus Health; SiteLedger,Wrote about why site-level cost data never reaches the sponsor's finance team in time.,2026-05-06,https://www.linkedin.com/in/samirchen
Ruth Vasquez,Longshore Ventures,Managing Partner,ruth.vasquez@longshore.vc,https://longshore.vc,Austin,United States,America/Chicago,Seed,Vertical SaaS; Marketplaces; Fintech,250000,1500000,We fund vertical SaaS in industries that still run on spreadsheets and PDFs.,Protocol IO; Cartwheel; Ember Grid; Cohort Systems,Ember Grid; Cohort Systems,"Blog post arguing that vertical software wins when it takes over the payment, not the record.",2026-04-09,https://www.linkedin.com/in/ruthvasquez
Ade Mbeki,Windward Ventures,Principal,ade.mbeki@windward.vc,https://windward.vc,Austin,United States,America/Chicago,"seed, series a",Healthcare; Payments; Vertical SaaS,$100k,$500k,"Digital health infrastructure at seed. We look for companies that move money or data between sponsors, sites and patients.",Verity Clinical; Trialbase; Cohort Systems; Pathway Bio,Cohort Systems; Trialbase,Wrote about why site-level cost data never reaches the sponsor's finance team in time.,2026-05-27,https://www.linkedin.com/in/adembeki
Leah Brenner,Pinemark Capital,Principal,leah.brenner@pinemark.vc,https://pinemark.vc,San Francisco,United States,America/Los_Angeles,"seed, series a",Consumer Gaming; Social; Creator Economy,500k,2M,We invest in crypto protocols and the tooling around them.,Bluewire; Orbital Freight; Basalt; Fathom Social; Greenphire,Greenphire; Bluewire,Published notes on the consumer subscription shakeout.,2025-10-11,https://www.linkedin.com/in/leahbrenner
Talia Alvarez,Rivermark Labs,Venture Partner,talia.alvarez@rivermark.vc,https://rivermark.vc,New York,United States,America/New_York,Series A; Series B,Healthcare; Payments; Vertical SaaS,$100k,$500k,"We back seed-stage companies rebuilding the financial plumbing of healthcare delivery, with a bias toward clinical operations and life sciences infrastructure.",Trialbase; Radial Health; SiteLedger; Verity Clinical,SiteLedger; Verity Clinical,Wrote about why site-level cost data never reaches the sponsor's finance team in time.,2026-04-03,https://www.linkedin.com/in/taliaalvarez
Marcus Moreau,Quarry Labs,Founding Partner,,https://quarry.vc,Boston,United States,America/New_York,Pre-Seed; Seed,Health IT; Clinical Trials; B2B SaaS,250000,1500000,"We invest in health IT founders selling into providers, CROs and sponsors, especially where the buyer has a measurable cost of delay.",Radial Health; Northstar Rx; Trialbase; Cohort Systems,Cohort Systems; Northstar Rx,"Wrote a piece on why regulated industries adopt software through the CFO, not the end user.",2025-05-20,https://www.linkedin.com/in/marcusmoreau
Ruth Moreau,Tidewater Venture Partners,General Partner,ruth.moreau@tidewater.vc,https://tidewater.vc,Austin,United States,America/Chicago,Growth,Healthtech; Digital Health; Life Sciences,250000,1500000,"Digital health infrastructure at seed. We look for companies that move money or data between sponsors, sites and patients.",Northstar Rx; Cohort Systems; Corvus Health; Radial Health,Cohort Systems; Corvus Health,"Blog post arguing that vertical software wins when it takes over the payment, not the record.",2026-07-03,https://www.linkedin.com/in/ruthmoreau
Sofia Andersen,Marlow Venture Partners,GP,sofia.andersen@marlow.vc,https://marlow.vc,San Francisco,United States,America/Los_Angeles,Series A; Series B,Consumer Gaming; Social; Creator Economy,$250k,$1M,Consumer social and gaming at seed. We look for products with organic distribution.,Fathom Social; Orbital Freight; Pixelforge; Ember Grid,Fathom Social; Pixelforge,Published notes on the consumer subscription shakeout.,2026-06-11,https://www.linkedin.com/in/sofiaandersen
Ruth Okafor,Grove Lane Capital,Managing Partner,ruth.okafor@grovelane.vc,https://grovelane.vc,Austin,United States,America/Chicago,Pre-Seed; Seed,Life Sciences Tools; Healthtech; Data Infrastructure,$250k,$1M,"We invest in health IT founders selling into providers, CROs and sponsors, especially where the buyer has a measurable cost of delay.",Protocol IO; Pathway Bio; Verity Clinical; Corvus Health,Corvus Health; Pathway Bio,Posted a breakdown of where trial budgets actually leak between sponsor and site.,2026-05-12,https://www.linkedin.com/in/ruthokafor
Freya Kowalski,Compass Rose Capital Partners,General Partner,freya.kowalski@compassrose.vc,https://compassrose.vc,San Francisco,United States,America/Los_Angeles,Seed; Series A,Consumer Retail; DTC; Food,$100k,$500k,"Hard tech at seed: space, defense and advanced manufacturing.",Pixelforge; Terrace; Cartwheel; Loomstack,Cartwheel; Pixelforge,Published notes on the consumer subscription shakeout.,2026-05-19,https://www.linkedin.com/in/freyakowalski
Marcus Brenner,Larkspur Capital Partners,Venture Partner,marcus.brenner@larkspur.vc,https://larkspur.vc,Austin,United States,America/Chicago,Series A; Series B,Fintech; Insurtech; Payments,$100k,$500k,Seed-stage B2B software with a payments component. We like businesses where the software earns the right to touch the transaction.,Radial Health; Terrace; Verity Clinical; Cartwheel,Terrace; Verity Clinical,Wrote about validator economics and where the fees really go.,2026-03-09,https://www.linkedin.com/in/marcusbrenner
Noah Alvarez,Granite Row Capital,Principal,noah.alvarez@graniterow.vc,https://graniterow.vc,San Francisco,United States,America/Los_Angeles,Pre-Seed; Seed,Healthtech; Digital Health; Life Sciences,$100k,$500k,"Digital health infrastructure at seed. We look for companies that move money or data between sponsors, sites and patients.",Corvus Health; Radial Health; Trialbase; SiteLedger,Radial Health; Trialbase,"Wrote a piece on why regulated industries adopt software through the CFO, not the end user.",2026-07-13,https://www.linkedin.com/in/noahalvarez
Fatima Kaur,Hollow Creek Ventures,Managing Director,fatima.kaur@hollowcreek.vc,https://hollowcreek.vc,Singapore,Singapore,Asia/Singapore,Seed,Vertical SaaS; Marketplaces; Fintech,$250k,$1M,"Fintech infrastructure at pre-seed and seed, with a preference for embedded payments.",Pixelforge; Ninefold; Northstar Rx; Orbital Freight,Orbital Freight; Ninefold,Posted a breakdown of where trial budgets actually leak between sponsor and site.,2025-03-09,https://www.linkedin.com/in/fatimakaur
Ivan Tanaka,Cedar Point Labs,Partner,ivan.tanaka@cedarpoint.vc,https://cedarpoint.vc,San Francisco,United States,America/Los_Angeles,Early Stage,Consumer Gaming; Social; Creator Economy,500k,2M,"Hard tech at seed: space, defense and advanced manufacturing.",Cartwheel; Bluewire; Loomstack; Ember Grid,Ember Grid; Loomstack,Published notes on the consumer subscription shakeout.,2026-04-23,https://www.linkedin.com/in/ivantanaka
Noah Costa,Grove Lane Labs,Venture Partner,noah.costa@grovelane.vc,https://grovelane.vc,Chicago,United States,America/Chicago,Seed; Series A,Enterprise Software; Data Infrastructure; AI,500k,2M,We fund vertical SaaS in industries that still run on spreadsheets and PDFs.,Protocol IO; Radial Health; Bluewire; Verity Clinical,Verity Clinical; Protocol IO,Wrote about validator economics and where the fees really go.,2026-05-05,https://www.linkedin.com/in/noahcosta
Noah Mbeki,Two Bridges Venture Partners,Founding Partner,noah.mbeki@twobridges.vc,https://twobridges.vc,Austin,United States,America/Chicago,Seed,Consumer Gaming; Social; Creator Economy,$1M,$5M,We invest in crypto protocols and the tooling around them.,Basalt; Terrace; Orbital Freight; Cartwheel,Terrace; Orbital Freight,Published notes on the consumer subscription shakeout.,2025-04-10,https://www.linkedin.com/in/noahmbeki
Amara Haddad,Halcyon Venture Partners,Chief of Staff,amara.haddad@halcyon.vc,https://halcyon.vc,Stockholm,Sweden,Europe/Stockholm,Growth,Consumer Retail; DTC; Food,$2M,$10M,We invest in crypto protocols and the tooling around them.,Terrace; Pixelforge; Cartwheel; Fathom Social,Pixelforge; Cartwheel,Published notes on the consumer subscription shakeout.,2025-02-23,https://www.linkedin.com/in/amarahaddad
Hugo Petrov,Highgate Capital Partners,Managing Partner,,https://highgate.vc,New York,United States,America/New_York,Seed; Series A,Consumer Gaming; Social; Creator Economy,$100k,$500k,Consumer social and gaming at seed. We look for products with organic distribution.,Basalt; Ninefold; Cartwheel; Bluewire,Ninefold; Basalt,Posted on why grid interconnection queues are the real climate bottleneck.,2026-05-07,https://www.linkedin.com/in/hugopetrov
Zoe Haddad,Solstice Partners,General Partner,zoe.haddad@solstice.vc,https://solstice.vc,Seattle,United States,America/Los_Angeles,"seed, series a",Crypto; Web3; DeFi,$1M,$5M,"Hard tech at seed: space, defense and advanced manufacturing.",Terrace; Pixelforge; Fathom Social; Cartwheel,Terrace; Fathom Social,Posted on why grid interconnection queues are the real climate bottleneck.,2026-06-05,https://www.linkedin.com/in/zoehaddad
Ana Lindqvist,Hollow Creek Venture Partners,General Partner,ana.lindqvist@hollowcreek.vc,https://hollowcreek.vc,London,United Kingdom,Europe/London,Growth,Consumer Gaming; Social; Creator Economy,$100k,$500k,"Hard tech at seed: space, defense and advanced manufacturing.",Cartwheel; Pixelforge; Bluewire; Loomstack,Pixelforge; Loomstack,Published notes on the consumer subscription shakeout.,2026-02-26,https://www.linkedin.com/in/analindqvist
Freya Ramirez,Pinemark Capital Partners,General Partner,freya.ramirez@pinemark.vc,https://pinemark.vc,Chicago,United States,America/Chicago,Series A; Series B,Enterprise Software; Data Infrastructure; AI,$1M,$5M,We fund vertical SaaS in industries that still run on spreadsheets and PDFs.,Ninefold; Radial Health; CareLoop; Pixelforge,Pixelforge; Ninefold,"Wrote a piece on why regulated industries adopt software through the CFO, not the end user.",2026-06-02,https://www.linkedin.com/in/freyaramirez
Freya Rossi,Silverline Ventures,Chief of Staff,freya.rossi@silverline.vc,https://silverline.vc,Boston,United States,America/New_York,Seed,Climate; Energy Storage; Industrial,$2M,$10M,Consumer social and gaming at seed. We look for products with organic distribution.,Basalt; Ninefold; Fathom Social; Pixelforge,Fathom Social; Pixelforge,Posted on why grid interconnection queues are the real climate bottleneck.,2025-06-25,https://www.linkedin.com/in/freyarossi
Leah Farrell,Silverline Ventures,Partner,leah.farrell@silverline.vc,https://silverline.vc,Boston,United States,America/New_York,Seed,Climate; Energy Storage; Industrial,$2M,$10M,Consumer social and gaming at seed. We look for products with organic distribution.,Basalt; Ninefold; Fathom Social; Pixelforge,Ninefold; Pixelforge,Posted on why grid interconnection queues are the real climate bottleneck.,2026-02-22,https://www.linkedin.com/in/leahfarrell
Zoe Ramirez,Halcyon Venture Partners,Managing Partner,zoe.ramirez@halcyon.vc,https://halcyon.vc,Stockholm,Sweden,Europe/Stockholm,Growth,Consumer Retail; DTC; Food,$2M,$10M,We invest in crypto protocols and the tooling around them.,Terrace; Pixelforge; Cartwheel; Fathom Social,Pixelforge; Cartwheel,Posted on why grid interconnection queues are the real climate bottleneck.,2026-04-07,https://www.linkedin.com/in/zoeramirez
Aisha Mbeki,Copper Beach Capital Partners,Managing Partner,aisha.mbeki@copperbeach.vc,https://copperbeach.vc,New York,United States,America/New_York,Growth,Enterprise Software; Data Infrastructure; AI,$100k,$500k,Seed-stage B2B software with a payments component. We like businesses where the software earns the right to touch the transaction.,Ember Grid; Orbital Freight; SiteLedger; Pathway Bio,Pathway Bio; Ember Grid,Posted on why grid interconnection queues are the real climate bottleneck.,2025-10-07,https://www.linkedin.com/in/aishambeki
Aisha Brenner,Northaven Partners,Managing Director,aisha.brenner@northaven.vc,https://northaven.vc,San Francisco,United States,America/Los_Angeles,Pre-seed/Seed,Healthtech; Digital Health; Life Sciences,$1M,$5M,"We back seed-stage companies rebuilding the financial plumbing of healthcare delivery, with a bias toward clinical operations and life sciences infrastructure.",Verity Clinical; CareLoop; Radial Health; Pathway Bio,Pathway Bio; Verity Clinical,Posted a breakdown of where trial budgets actually leak between sponsor and site.,2026-03-12,https://www.linkedin.com/in/aishabrenner
Wei Haddad,Hollow Creek Partners,GP,wei.haddad@hollowcreek.vc,https://hollowcreek.vc,London,United Kingdom,Europe/London,Pre-seed/Seed,Enterprise Software; Data Infrastructure; AI,$100k,$500k,"Fintech infrastructure at pre-seed and seed, with a preference for embedded payments.",Ninefold; Radial Health; Orbital Freight; SiteLedger,SiteLedger; Ninefold,Podcast appearance on how clinical research became a working-capital business.,2026-05-13,https://www.linkedin.com/in/weihaddad
Freya Weber,Blue Meridian Capital,Managing Partner,freya.weber@bluemeridian.vc,https://bluemeridian.vc,Boston,United States,America/New_York,Pre-seed/Seed,B2B SaaS; Fintech; Payments,250000,1500000,We fund vertical SaaS in industries that still run on spreadsheets and PDFs.,CareLoop; Loomstack; Protocol IO; Terrace,Protocol IO; Terrace,"Blog post arguing that vertical software wins when it takes over the payment, not the record.",2026-06-22,https://www.linkedin.com/in/freyaweber
Arjun Sharma,Rivermark Partners,GP,arjun.sharma@rivermark.vc,https://rivermark.vc,Seattle,United States,America/Los_Angeles,Seed,Fintech; Insurtech; Payments,$2M,$10M,"Fintech infrastructure at pre-seed and seed, with a preference for embedded payments.",Cohort Systems; Bluewire; Ember Grid; Trialbase,Ember Grid; Trialbase,Wrote about validator economics and where the fees really go.,2026-02-08,https://www.linkedin.com/in/arjunsharma
Talia Osei,Hollow Creek Capital Partners,Senior Associate,talia.osei@hollowcreek.vc,https://hollowcreek.vc,Berlin,Germany,Europe/Berlin,Early Stage,Healthcare; Payments; Vertical SaaS,500k,2M,"We invest in health IT founders selling into providers, CROs and sponsors, especially where the buyer has a measurable cost of delay.",Pathway Bio; Protocol IO; Radial Health; Corvus Health,Corvus Health; Radial Health,Podcast appearance on how clinical research became a working-capital business.,2026-07-09,https://www.linkedin.com/in/taliaosei
Grace Sharma,Longshore Venture Partners,Head of Platform,grace.sharma@longshore.vc,https://longshore.vc,Boston,United States,America/New_York,Pre-Seed; Seed,B2B SaaS; Fintech; Payments,$100k,$500k,"Fintech infrastructure at pre-seed and seed, with a preference for embedded payments.",Basalt; Corvus Health; Pixelforge; Radial Health,Corvus Health; Pixelforge,Published notes on the consumer subscription shakeout.,2025-09-24,https://www.linkedin.com/in/gracesharma
Priya Baumann,Quarry Capital,Managing Partner,priya.baumann@quarry.vc,https://quarry.vc,Singapore,Singapore,Asia/Singapore,Pre-seed/Seed,Healthtech; Digital Health; Life Sciences,$2M,$10M,"We invest in health IT founders selling into providers, CROs and sponsors, especially where the buyer has a measurable cost of delay.",Corvus Health; Protocol IO; Cohort Systems; Trialbase,Corvus Health; Protocol IO,Wrote about why site-level cost data never reaches the sponsor's finance team in time.,2026-03-21,https://www.linkedin.com/in/priyabaumann
Wei Vasquez,Windward Capital,Head of Platform,wei.vasquez@windward.vc,https://windward.vc,Boston,United States,America/New_York,Seed; Series A,Life Sciences Tools; Healthtech; Data Infrastructure,$250k,$1M,"Digital health infrastructure at seed. We look for companies that move money or data between sponsors, sites and patients.",Northstar Rx; CareLoop; Protocol IO; SiteLedger,CareLoop; Northstar Rx,"Wrote a piece on why regulated industries adopt software through the CFO, not the end user.",2026-05-03,https://www.linkedin.com/in/weivasquez
Grace Dubois,Fifth Harbor Capital Partners,Venture Partner,grace.dubois@fifthharbor.vc,https://fifthharbor.vc,Toronto,Canada,America/Toronto,Growth,Digital Health; Fintech; Healthcare Services,$2M,$10M,"Digital health infrastructure at seed. We look for companies that move money or data between sponsors, sites and patients.",Pathway Bio; Trialbase; Verity Clinical; Radial Health,Pathway Bio; Trialbase,Podcast appearance on how clinical research became a working-capital business.,2026-05-02,https://www.linkedin.com/in/gracedubois
Ade Brenner,Foundry Row Capital,General Partner,ade.brenner@foundryrow.vc,https://foundryrow.vc,New York,United States,America/New_York,Series A; Series B,Health IT; Clinical Trials; B2B SaaS,500k,2M,"We back seed-stage companies rebuilding the financial plumbing of healthcare delivery, with a bias toward clinical operations and life sciences infrastructure.",Protocol IO; Verity Clinical; Northstar Rx; Cohort Systems,Northstar Rx; Verity Clinical,"Wrote a piece on why regulated industries adopt software through the CFO, not the end user.",2026-04-23,https://www.linkedin.com/in/adebrenner
Peter Costa,Larkspur Labs,Founding Partner,peter.costa@larkspur.vc,https://larkspur.vc,Berlin,Germany,Europe/Berlin,Seed,Consumer Gaming; Social; Creator Economy,$1M,$5M,Consumer social and gaming at seed. We look for products with organic distribution.,Bluewire; Loomstack; Ember Grid; Fathom Social,Fathom Social; Bluewire,Published notes on the consumer subscription shakeout.,2026-05-05,https://www.linkedin.com/in/petercosta
Kenji Moreau,Alder Partners,Principal,kenji.moreau@alder.vc,https://alder.vc,Austin,United States,America/Chicago,Early Stage,Healthtech; Digital Health; Life Sciences,$250k,$1M,"We invest in health IT founders selling into providers, CROs and sponsors, especially where the buyer has a measurable cost of delay.",Radial Health; Pathway Bio; Cohort Systems; Protocol IO,Radial Health; Pathway Bio,"Wrote a piece on why regulated industries adopt software through the CFO, not the end user.",2026-02-11,https://www.linkedin.com/in/kenjimoreau
Priya Okafor,Two Bridges Partners,Venture Partner,priya.okafor@twobridges.vc,https://twobridges.vc,San Francisco,United States,America/Los_Angeles,Growth,Enterprise Software; Data Infrastructure; AI,$250k,$1M,We fund vertical SaaS in industries that still run on spreadsheets and PDFs.,Corvus Health; Ember Grid; CareLoop; Pathway Bio,Pathway Bio; CareLoop,Wrote about validator economics and where the fees really go.,2026-02-18,https://www.linkedin.com/in/priyaokafor
WEI KAUR,"Solstice Labs, LLC",Principal,wei.kaur@solstice.vc,https://solstice.vc,New York,United States,America/New_York,Seed,Healthtech; Digital Health; Life Sciences,$250k,$1M,"Digital health infrastructure at seed. We look for companies that move money or data between sponsors, sites and patients.",Verity Clinical; Northstar Rx; Protocol IO; SiteLedger,SiteLedger; Verity Clinical,Posted a breakdown of where trial budgets actually leak between sponsor and site.,2025-08-27,https://www.linkedin.com/in/weikaur
Ivan Berger,Vantage Hill Labs,Founding Partner,ivan.berger@vantagehill.vc,https://vantagehill.vc,London,United Kingdom,Europe/London,"seed, series a",Enterprise Software; Data Infrastructure; AI,250000,1500000,Seed-stage B2B software with a payments component. We like businesses where the software earns the right to touch the transaction.,Orbital Freight; Radial Health; Basalt; CareLoop,Radial Health; CareLoop,"Blog post arguing that vertical software wins when it takes over the payment, not the record.",2026-05-03,https://www.linkedin.com/in/ivanberger
Talia Kowalski,Tidewater Partners,Founding Partner,talia.kowalski@tidewater.vc,https://tidewater.vc,Berlin,Germany,Europe/Berlin,Growth,Digital Health; Fintech; Healthcare Services,$250k,$1M,"Digital health infrastructure at seed. We look for companies that move money or data between sponsors, sites and patients.",Trialbase; Protocol IO; CareLoop; Verity Clinical,Trialbase; Protocol IO,Wrote about why site-level cost data never reaches the sponsor's finance team in time.,2025-07-19,https://www.linkedin.com/in/taliakowalski
Nadia Fontaine,Fifth Harbor Venture Partners,Managing Director,nadia.fontaine@fifthharbor.vc,https://fifthharbor.vc,Chicago,United States,America/Chicago,Early Stage,Vertical SaaS; Marketplaces; Fintech,$100k,$500k,"Fintech infrastructure at pre-seed and seed, with a preference for embedded payments.",Basalt; Verity Clinical; Terrace; Ember Grid,Ember Grid; Basalt,Published notes on the consumer subscription shakeout.,2025-12-02,https://www.linkedin.com/in/nadiafontaine
Peter Kaur,Grove Lane Capital Partners,Managing Director,peter.kaur@grovelane.vc,https://grovelane.vc,Austin,United States,America/Chicago,Series A; Series B,Healthcare; Payments; Vertical SaaS,$2M,$10M,"We invest in health IT founders selling into providers, CROs and sponsors, especially where the buyer has a measurable cost of delay.",Northstar Rx; SiteLedger; Verity Clinical; Corvus Health,Corvus Health; SiteLedger,Posted a breakdown of where trial budgets actually leak between sponsor and site.,2026-06-11,https://www.linkedin.com/in/peterkaur
Freya Tanaka,Fifth Harbor Labs,Managing Director,freya.tanaka@fifthharbor.vc,https://fifthharbor.vc,Austin,United States,America/Chicago,Growth,Digital Health; Fintech; Healthcare Services,250000,1500000,"We back seed-stage companies rebuilding the financial plumbing of healthcare delivery, with a bias toward clinical operations and life sciences infrastructure.",SiteLedger; Radial Health; Verity Clinical; Protocol IO,Protocol IO; SiteLedger,"Wrote a piece on why regulated industries adopt software through the CFO, not the end user.",2026-04-30,https://www.linkedin.com/in/freyatanaka
HUGO OSEI,"Ironwood Capital Partners, LLC",Managing Partner,hugo.osei@ironwood.vc,https://ironwood.vc,San Francisco,United States,America/Los_Angeles,Pre-Seed; Seed,Consumer Gaming; Social; Creator Economy,$2M,$10M,We invest in crypto protocols and the tooling around them.,Ninefold; Loomstack; Basalt; Terrace; Mural Health,Loomstack; Basalt,Published notes on the consumer subscription shakeout.,2026-04-06,https://www.linkedin.com/in/hugoosei
Yara Chen,Fifth Harbor Ventures,Partner,yara.chen@fifthharbor.vc,https://fifthharbor.vc,Boston,United States,America/New_York,Early Stage,Climate; Energy Storage; Industrial,$100k,$500k,"Climate infrastructure, with a focus on grid-scale storage and industrial decarbonisation.",Cartwheel; Pixelforge; Terrace; Ember Grid,Pixelforge; Cartwheel,Published notes on the consumer subscription shakeout.,2026-04-13,https://www.linkedin.com/in/yarachen
Iris Sharma,Vantage Hill Ventures,Associate,iris.sharma@vantagehill.vc,https://vantagehill.vc,Stockholm,Sweden,Europe/Stockholm,"seed, series a",Life Sciences Tools; Healthtech; Data Infrastructure,$250k,$1M,"We back seed-stage companies rebuilding the financial plumbing of healthcare delivery, with a bias toward clinical operations and life sciences infrastructure.",Corvus Health; Trialbase; Cohort Systems; Verity Clinical,Verity Clinical; Corvus Health,Posted a breakdown of where trial budgets actually leak between sponsor and site.,2026-03-06,https://www.linkedin.com/in/irissharma
Wei Osei,Marlow Venture Partners,Managing Partner,,https://marlow.vc,San Francisco,United States,America/Los_Angeles,Series A; Series B,Consumer Gaming; Social; Creator Economy,$250k,$1M,Consumer social and gaming at seed. We look for products with organic distribution.,Fathom Social; Orbital Freight; Pixelforge; Ember Grid,Orbital Freight; Ember Grid,Published notes on the consumer subscription shakeout.,2026-05-14,https://www.linkedin.com/in/weiosei
Freya Mbeki,Cedar Point Partners,Managing Partner,freya.mbeki@cedarpoint.vc,https://cedarpoint.vc,San Francisco,United States,America/Los_Angeles,Growth,Health IT; Clinical Trials; B2B SaaS,250000,1500000,"We back seed-stage companies rebuilding the financial plumbing of healthcare delivery, with a bias toward clinical operations and life sciences infrastructure.",Cohort Systems; CareLoop; Verity Clinical; Trialbase,Verity Clinical; Trialbase,Posted a breakdown of where trial budgets actually leak between sponsor and site.,2026-03-31,https://www.linkedin.com/in/freyambeki
Jonas Fontaine,Blue Meridian Ventures,Partner,jonas.fontaine@bluemeridian.vc,https://bluemeridian.vc,Austin,United States,America/Chicago,Pre-seed/Seed,Enterprise Software; Data Infrastructure; AI,$1M,$5M,We fund vertical SaaS in industries that still run on spreadsheets and PDFs.,Ember Grid; Fathom Social; Verity Clinical; Cartwheel,Ember Grid; Cartwheel,Published notes on the consumer subscription shakeout.,2025-09-28,https://www.linkedin.com/in/jonasfontaine
Elena Iqbal,Alder Ventures,General Partner,elena.iqbal@alder.vc,https://alder.vc,Boston,United States,America/New_York,Seed; Series A,Healthcare; Payments; Vertical SaaS,250000,1500000,"Our thesis is vertical software for regulated industries: healthcare, clinical research and pharma services, where workflow and payments converge.",Corvus Health; Trialbase; CareLoop; SiteLedger,Trialbase; Corvus Health,Podcast appearance on how clinical research became a working-capital business.,2026-05-21,https://www.linkedin.com/in/elenaiqbal
LEAH ANDERSEN,"Hollow Creek Labs, LLC",General Partner,leah.andersen@hollowcreek.vc,https://hollowcreek.vc,Austin,United States,America/Chicago,"seed, series a",Healthcare; Payments; Vertical SaaS,$100k,$500k,"Digital health infrastructure at seed. We look for companies that move money or data between sponsors, sites and patients.",SiteLedger; Cohort Systems; Trialbase; Pathway Bio,Cohort Systems; Pathway Bio,"Wrote a piece on why regulated industries adopt software through the CFO, not the end user.",2026-04-30,https://www.linkedin.com/in/leahandersen
Ruth Farrell,Vantage Hill Capital,Managing Director,ruth.farrell@vantagehill.vc,https://vantagehill.vc,New York,United States,America/New_York,Pre-seed/Seed,Health IT; Clinical Trials; B2B SaaS,$100k,$500k,"We back seed-stage companies rebuilding the financial plumbing of healthcare delivery, with a bias toward clinical operations and life sciences infrastructure.",CareLoop; Verity Clinical; Trialbase; Cohort Systems; TrialPay Sciences,Trialbase; Verity Clinical,Podcast appearance on how clinical research became a working-capital business.,2025-03-23,https://www.linkedin.com/in/ruthfarrell
Tomas Rossi,Hollow Creek Capital,Venture Partner,tomas.rossi@hollowcreek.vc,https://hollowcreek.vc,Berlin,Germany,Europe/Berlin,Seed; Series A,Consumer Gaming; Social; Creator Economy,500k,2M,"Climate infrastructure, with a focus on grid-scale storage and industrial decarbonisation.",Pixelforge; Orbital Freight; Ember Grid; Cartwheel,Pixelforge; Orbital Freight,Published notes on the consumer subscription shakeout.,2026-05-02,https://www.linkedin.com/in/tomasrossi
Diego Fontaine,Cedar Point Capital Partners,Venture Partner,diego.fontaine@cedarpoint.vc,https://cedarpoint.vc,Boston,United States,America/New_York,Pre-Seed; Seed,Fintech; Insurtech; Payments,$1M,$5M,We fund vertical SaaS in industries that still run on spreadsheets and PDFs.,CareLoop; Orbital Freight; Verity Clinical; Bluewire,Verity Clinical; CareLoop,Podcast appearance on how clinical research became a working-capital business.,2026-06-02,https://www.linkedin.com/in/diegofontaine
Tomas Weber,Ironwood Capital Partners,Partner,tomas.weber@ironwood.vc,https://ironwood.vc,San Francisco,United States,America/Los_Angeles,Pre-Seed; Seed,Consumer Gaming; Social; Creator Economy,$2M,$10M,We invest in crypto protocols and the tooling around them.,Ninefold; Loomstack; Basalt; Terrace; Mural Health,Mural Health; Basalt,Wrote about validator economics and where the fees really go.,2026-07-15,https://www.linkedin.com/in/tomasweber
Priya Iqbal,Blue Meridian Venture Partners,Partner,priya.iqbal@bluemeridian.vc,https://bluemeridian.vc,Austin,United States,America/Chicago,"seed, series a",Consumer Gaming; Social; Creator Economy,500k,2M,"Climate infrastructure, with a focus on grid-scale storage and industrial decarbonisation.",Loomstack; Fathom Social; Ninefold; Cartwheel,Ninefold; Fathom Social,Wrote about validator economics and where the fees really go.,2026-05-03,https://www.linkedin.com/in/priyaiqbal
Nadia Petrov,Highgate Labs,GP,nadia.petrov@highgate.vc,https://highgate.vc,Berlin,Germany,Europe/Berlin,"seed, series a",Crypto; Web3; DeFi,$2M,$10M,"Climate infrastructure, with a focus on grid-scale storage and industrial decarbonisation.",Cartwheel; Ember Grid; Pixelforge; Terrace,Cartwheel; Pixelforge,Posted on why grid interconnection queues are the real climate bottleneck.,2025-05-10,https://www.linkedin.com/in/nadiapetrov
Diego Dubois,Grove Lane Ventures,Managing Director,diego.dubois@grovelane.vc,https://grovelane.vc,Austin,United States,America/Chicago,Seed; Series A,Consumer Gaming; Social; Creator Economy,$250k,$1M,"Climate infrastructure, with a focus on grid-scale storage and industrial decarbonisation.",Pixelforge; Ninefold; Cartwheel; Ember Grid; Greenphire,Ember Grid; Ninefold,Published notes on the consumer subscription shakeout.,2026-06-11,https://www.linkedin.com/in/diegodubois
Noah Moreau,Marlow Labs,Venture Partner,noah.moreau@marlow.vc,https://marlow.vc,Seattle,United States,America/Los_Angeles,Seed,Life Sciences Tools; Healthtech; Data Infrastructure,$250k,$1M,"Our thesis is vertical software for regulated industries: healthcare, clinical research and pharma services, where workflow and payments converge.",Cohort Systems; Radial Health; Protocol IO; Northstar Rx,Radial Health; Cohort Systems,"Wrote a piece on why regulated industries adopt software through the CFO, not the end user.",2026-03-22,https://www.linkedin.com/in/noahmoreau
Leah Fontaine,Halcyon Ventures,Managing Director,leah.fontaine@halcyon.vc,https://halcyon.vc,Austin,United States,America/Chicago,Series A; Series B,Crypto; Web3; DeFi,500k,2M,Consumer social and gaming at seed. We look for products with organic distribution.,Cartwheel; Loomstack; Bluewire; Orbital Freight,Loomstack; Orbital Freight,Posted on why grid interconnection queues are the real climate bottleneck.,2025-05-13,https://www.linkedin.com/in/leahfontaine
Talia Iqbal,Longshore Venture Partners,General Partner,talia.iqbal@longshore.vc,https://longshore.vc,Boston,United States,America/New_York,Pre-Seed; Seed,B2B SaaS; Fintech; Payments,$100k,$500k,"Fintech infrastructure at pre-seed and seed, with a preference for embedded payments.",Basalt; Corvus Health; Pixelforge; Radial Health,Radial Health; Corvus Health,Published notes on the consumer subscription shakeout.,2026-05-19,https://www.linkedin.com/in/taliaiqbal
Grace Kaur,Alder Capital Partners,Venture Partner,grace.kaur@alder.vc,https://alder.vc,Boston,United States,America/New_York,Growth,Crypto; Web3; DeFi,$250k,$1M,We invest in crypto protocols and the tooling around them.,Orbital Freight; Ninefold; Basalt; Ember Grid,Ninefold; Orbital Freight,Posted on why grid interconnection queues are the real climate bottleneck.,2026-03-11,https://www.linkedin.com/in/gracekaur
Talia Sharma,Cedar Point Partners,GP,talia.sharma@cedarpoint.vc,https://cedarpoint.vc,San Francisco,United States,America/Los_Angeles,Growth,Health IT; Clinical Trials; B2B SaaS,250000,1500000,"We back seed-stage companies rebuilding the financial plumbing of healthcare delivery, with a bias toward clinical operations and life sciences infrastructure.",Cohort Systems; CareLoop; Verity Clinical; Trialbase,CareLoop; Cohort Systems,Podcast appearance on how clinical research became a working-capital business.,2026-05-26,https://www.linkedin.com/in/taliasharma
Leah Ramirez,Alder Labs,General Partner,leah.ramirez@alder.vc,https://alder.vc,Austin,United States,America/Chicago,Pre-Seed; Seed,Crypto; Web3; DeFi,$250k,$1M,Consumer social and gaming at seed. We look for products with organic distribution.,Ember Grid; Orbital Freight; Cartwheel; Bluewire,Orbital Freight; Cartwheel,Published notes on the consumer subscription shakeout.,2026-06-11,https://www.linkedin.com/in/leahramirez
Samir Petrov,Longshore Capital Partners,GP,samir.petrov@longshore.vc,https://longshore.vc,Toronto,Canada,America/Toronto,Seed; Series A,Enterprise Software; Data Infrastructure; AI,$1M,$5M,"Fintech infrastructure at pre-seed and seed, with a preference for embedded payments.",Basalt; CareLoop; Fathom Social; Radial Health,Radial Health; Basalt,"Wrote a piece on why regulated industries adopt software through the CFO, not the end user.",2026-02-23,https://www.linkedin.com/in/samirpetrov
Marcus Kaur,Rivermark Capital,Partner,marcus.kaur@rivermark.vc,https://rivermark.vc,London,United Kingdom,Europe/London,Seed; Series A,Life Sciences Tools; Healthtech; Data Infrastructure,$250k,$1M,"We invest in health IT founders selling into providers, CROs and sponsors, especially where the buyer has a measurable cost of delay.",CareLoop; SiteLedger; Trialbase; Radial Health,Trialbase; Radial Health,Posted a breakdown of where trial budgets actually leak between sponsor and site.,2025-04-27,https://www.linkedin.com/in/marcuskaur
Jonas Sharma,Vantage Hill Ventures,Partner,jonas.sharma@vantagehill.vc,https://vantagehill.vc,Stockholm,Sweden,Europe/Stockholm,"seed, series a",Life Sciences Tools; Healthtech; Data Infrastructure,$250k,$1M,"We back seed-stage companies rebuilding the financial plumbing of healthcare delivery, with a bias toward clinical operations and life sciences infrastructure.",Corvus Health; Trialbase; Cohort Systems; Verity Clinical,Trialbase; Corvus Health,"Blog post arguing that vertical software wins when it takes over the payment, not the record.",2026-03-20,https://www.linkedin.com/in/jonassharma
Ravi Lindqvist,Granite Row Labs,Partner,ravi.lindqvist@graniterow.vc,https://graniterow.vc,San Francisco,United States,America/Los_Angeles,Early Stage,Fintech; Insurtech; Payments,250000,1500000,We fund vertical SaaS in industries that still run on spreadsheets and PDFs.,Ember Grid; Bluewire; Ninefold; Cohort Systems,Bluewire; Ninefold,Posted a breakdown of where trial budgets actually leak between sponsor and site.,2025-09-27,https://www.linkedin.com/in/ravilindqvist
Fatima Okafor,Kestrel Labs,Venture Partner,fatima.okafor@kestrel.vc,https://kestrel.vc,New York,United States,America/New_York,"seed, series a",Fintech; Insurtech; Payments,500k,2M,"Fintech infrastructure at pre-seed and seed, with a preference for embedded payments.",Fathom Social; Radial Health; SiteLedger; CareLoop,Radial Health; Fathom Social,Wrote about why site-level cost data never reaches the sponsor's finance team in time.,2026-03-31,https://www.linkedin.com/in/fatimaokafor
Hana Iqbal,Cedar Point Capital Partners,Partner,hana.iqbal@cedarpoint.vc,https://cedarpoint.vc,Boston,United States,America/New_York,Pre-Seed; Seed,Fintech; Insurtech; Payments,$1M,$5M,We fund vertical SaaS in industries that still run on spreadsheets and PDFs.,CareLoop; Orbital Freight; Verity Clinical; Bluewire,Verity Clinical; CareLoop,Podcast appearance on how clinical research became a working-capital business.,2026-04-13,https://www.linkedin.com/in/hanaiqbal
Sofia Baumann,Quarry Capital,Managing Partner,sofia.baumann@quarry.vc,https://quarry.vc,Singapore,Singapore,Asia/Singapore,Pre-seed/Seed,Healthtech; Digital Health; Life Sciences,$2M,$10M,"We invest in health IT founders selling into providers, CROs and sponsors, especially where the buyer has a measurable cost of delay.",Corvus Health; Protocol IO; Cohort Systems; Trialbase,Protocol IO; Corvus Health,"Blog post arguing that vertical software wins when it takes over the payment, not the record.",2026-06-19,https://www.linkedin.com/in/sofiabaumann
SAMIR PETROV,"Longshore Capital Partners, LLC",GP,samir.petrov@longshore.vc,https://longshore.vc,Toronto,Canada,America/Toronto,Seed; Series A,Enterprise Software; Data Infrastructure; AI,$1M,$5M,"Fintech infrastructure at pre-seed and seed, with a preference for embedded payments.",Basalt; CareLoop; Fathom Social; Radial Health,Radial Health; Basalt,"Wrote a piece on why regulated industries adopt software through the CFO, not the end user.",2026-02-23,https://www.linkedin.com/in/samirpetrov
Nils Nguyen,Hollow Creek Partners,Founding Partner,nils.nguyen@hollowcreek.vc,https://hollowcreek.vc,London,United Kingdom,Europe/London,Pre-seed/Seed,Enterprise Software; Data Infrastructure; AI,$100k,$500k,"Fintech infrastructure at pre-seed and seed, with a preference for embedded payments.",Ninefold; Radial Health; Orbital Freight; SiteLedger,Ninefold; SiteLedger,Posted a breakdown of where trial budgets actually leak between sponsor and site.,2026-05-03,https://www.linkedin.com/in/nilsnguyen
Rosa Weber,Beacon Ridge Labs,Founding Partner,rosa.weber@beaconridge.vc,https://beaconridge.vc,San Francisco,United States,America/Los_Angeles,"seed, series a",Healthcare; Payments; Vertical SaaS,$250k,$1M,"Our thesis is vertical software for regulated industries: healthcare, clinical research and pharma services, where workflow and payments converge.",Pathway Bio; SiteLedger; Radial Health; Corvus Health,Corvus Health; Pathway Bio,"Wrote a piece on why regulated industries adopt software through the CFO, not the end user.",2026-01-05,https://www.linkedin.com/in/rosaweber
Yara Brenner,Vantage Hill Capital Partners,Venture Partner,yara.brenner@vantagehill.vc,https://vantagehill.vc,New York,United States,America/New_York,Pre-seed/Seed,Health IT; Clinical Trials; B2B SaaS,$100k,$500k,"Our thesis is vertical software for regulated industries: healthcare, clinical research and pharma services, where workflow and payments converge.",Corvus Health; Trialbase; Radial Health; Verity Clinical,Corvus Health; Verity Clinical,Wrote about why site-level cost data never reaches the sponsor's finance team in time.,2026-06-13,https://www.linkedin.com/in/yarabrenner
Iris Alvarez,Fifth Harbor Capital,Partner,iris.alvarez@fifthharbor.vc,https://fifthharbor.vc,New York,United States,America/New_York,Seed,B2B SaaS; Fintech; Payments,$250k,$1M,We fund vertical SaaS in industries that still run on spreadsheets and PDFs.,Loomstack; Bluewire; Ninefold; Fathom Social,Ninefold; Bluewire,Wrote about validator economics and where the fees really go.,2026-03-01,https://www.linkedin.com/in/irisalvarez
Samir Farrell,Highgate Ventures,Head of Platform,samir.farrell@highgate.vc,https://highgate.vc,Boston,United States,America/New_York,Seed,Enterprise Software; Data Infrastructure; AI,500k,2M,We fund vertical SaaS in industries that still run on spreadsheets and PDFs.,Verity Clinical; Basalt; Terrace; Ember Grid,Verity Clinical; Ember Grid,Posted on why grid interconnection queues are the real climate bottleneck.,2026-05-01,https://www.linkedin.com/in/samirfarrell
Elena Petrov,Fifth Harbor Capital Partners,Principal,elena.petrov@fifthharbor.vc,https://fifthharbor.vc,Toronto,Canada,America/Toronto,Growth,Digital Health; Fintech; Healthcare Services,$2M,$10M,"Digital health infrastructure at seed. We look for companies that move money or data between sponsors, sites and patients.",Pathway Bio; Trialbase; Verity Clinical; Radial Health,Radial Health; Verity Clinical,Posted a breakdown of where trial budgets actually leak between sponsor and site.,2026-02-11,https://www.linkedin.com/in/elenapetrov
Samir Iqbal,Windward Capital Partners,Managing Partner,samir.iqbal@windward.vc,https://windward.vc,San Francisco,United States,America/Los_Angeles,"seed, series a",Space; Defense; Advanced Manufacturing,500k,2M,We invest in crypto protocols and the tooling around them.,Loomstack; Ninefold; Orbital Freight; Cartwheel,Ninefold; Orbital Freight,Posted on why grid interconnection queues are the real climate bottleneck.,2026-03-17,https://www.linkedin.com/in/samiriqbal
Ravi Weber,Compass Rose Capital,Partner,ravi.weber@compassrose.vc,https://compassrose.vc,Stockholm,Sweden,Europe/Stockholm,Growth,Health IT; Clinical Trials; B2B SaaS,$1M,$5M,"Our thesis is vertical software for regulated industries: healthcare, clinical research and pharma services, where workflow and payments converge.",Corvus Health; Trialbase; CareLoop; Pathway Bio,CareLoop; Corvus Health,Podcast appearance on how clinical research became a working-capital business.,2025-11-17,https://www.linkedin.com/in/raviweber
Marcus Tanaka,Lantern Ventures,Venture Partner,,https://lantern.vc,Boston,United States,America/New_York,Early Stage,Fintech; Insurtech; Payments,$250k,$1M,"Fintech infrastructure at pre-seed and seed, with a preference for embedded payments.",Terrace; Radial Health; Basalt; Ninefold,Ninefold; Terrace,"Blog post arguing that vertical software wins when it takes over the payment, not the record.",2026-03-14,https://www.linkedin.com/in/marcustanaka
Lucas Chen,Larkspur Venture Partners,Principal,lucas.chen@larkspur.vc,https://larkspur.vc,Austin,United States,America/Chicago,"seed, series a",Health IT; Clinical Trials; B2B SaaS,$2M,$10M,"Digital health infrastructure at seed. We look for companies that move money or data between sponsors, sites and patients.",CareLoop; Cohort Systems; Radial Health; Corvus Health,Radial Health; Cohort Systems,Wrote about why site-level cost data never reaches the sponsor's finance team in time.,2026-04-21,https://www.linkedin.com/in/lucaschen
Nadia Farrell,Windward Partners,Partner,nadia.farrell@windward.vc,https://windward.vc,Seattle,United States,America/Los_Angeles,Series A; Series B,Consumer Retail; DTC; Food,$2M,$10M,"Hard tech at seed: space, defense and advanced manufacturing.",Pixelforge; Cartwheel; Fathom Social; Bluewire,Pixelforge; Cartwheel,Posted on why grid interconnection queues are the real climate bottleneck.,2026-05-16,https://www.linkedin.com/in/nadiafarrell
Felix Fontaine,Fifth Harbor Ventures,Managing Director,felix.fontaine@fifthharbor.vc,https://fifthharbor.vc,Boston,United States,America/New_York,Early Stage,Climate; Energy Storage; Industrial,$100k,$500k,"Climate infrastructure, with a focus on grid-scale storage and industrial decarbonisation.",Cartwheel; Pixelforge; Terrace; Ember Grid,Cartwheel; Ember Grid,Wrote about validator economics and where the fees really go.,2026-06-12,https://www.linkedin.com/in/felixfontaine
PRIYA CHEN,"Alder Capital Partners, LLC",Principal,priya.chen@alder.vc,https://alder.vc,Boston,United States,America/New_York,Growth,Crypto; Web3; DeFi,$250k,$1M,We invest in crypto protocols and the tooling around them.,Orbital Freight; Ninefold; Basalt; Ember Grid,Ninefold; Ember Grid,Wrote about validator economics and where the fees really go.,2026-04-26,https://www.linkedin.com/in/priyachen
Lucas Larsen,Hollow Creek Ventures,General Partner,lucas.larsen@hollowcreek.vc,https://hollowcreek.vc,Singapore,Singapore,Asia/Singapore,Seed,Vertical SaaS; Marketplaces; Fintech,$250k,$1M,"Fintech infrastructure at pre-seed and seed, with a preference for embedded payments.",Pixelforge; Ninefold; Northstar Rx; Orbital Freight,Orbital Freight; Northstar Rx,Podcast appearance on how clinical research became a working-capital business.,2026-06-25,https://www.linkedin.com/in/lucaslarsen
Yara Kowalski,Beacon Ridge Labs,Venture Partner,,https://beaconridge.vc,San Francisco,United States,America/Los_Angeles,"seed, series a",Healthcare; Payments; Vertical SaaS,$250k,$1M,"Our thesis is vertical software for regulated industries: healthcare, clinical research and pharma services, where workflow and payments converge.",Pathway Bio; SiteLedger; Radial Health; Corvus Health,Corvus Health; SiteLedger,"Blog post arguing that vertical software wins when it takes over the payment, not the record.",2026-04-06,https://www.linkedin.com/in/yarakowalski
Nadia Alvarez,Lantern Capital Partners,Principal,nadia.alvarez@lantern.vc,https://lantern.vc,Boston,United States,America/New_York,Pre-Seed; Seed,Healthcare; Payments; Vertical SaaS,$100k,$500k,"Digital health infrastructure at seed. We look for companies that move money or data between sponsors, sites and patients.",Pathway Bio; Cohort Systems; Corvus Health; Verity Clinical,Corvus Health; Verity Clinical,Wrote about why site-level cost data never reaches the sponsor's finance team in time.,2026-04-30,https://www.linkedin.com/in/nadiaalvarez
Aisha Fontaine,Beacon Ridge Venture Partners,General Partner,aisha.fontaine@beaconridge.vc,https://beaconridge.vc,Toronto,Canada,America/Toronto,Pre-seed/Seed,Health IT; Clinical Trials; B2B SaaS,250000,1500000,"Our thesis is vertical software for regulated industries: healthcare, clinical research and pharma services, where workflow and payments converge.",Protocol IO; Corvus Health; Radial Health; CareLoop,CareLoop; Radial Health,Podcast appearance on how clinical research became a working-capital business.,2025-08-24,https://www.linkedin.com/in/aishafontaine
Leah Tanaka,Marlow Capital,Managing Partner,leah.tanaka@marlow.vc,https://marlow.vc,Toronto,Canada,America/Toronto,"seed, series a",Health IT; Clinical Trials; B2B SaaS,$250k,$1M,"We invest in health IT founders selling into providers, CROs and sponsors, especially where the buyer has a measurable cost of delay.",Trialbase; Corvus Health; Pathway Bio; CareLoop,Trialbase; Corvus Health,"Blog post arguing that vertical software wins when it takes over the payment, not the record.",2026-04-01,https://www.linkedin.com/in/leahtanaka
Samir Fontaine,Compass Rose Ventures,Managing Partner,samir.fontaine@compassrose.vc,https://compassrose.vc,Boston,United States,America/New_York,Seed,Life Sciences Tools; Healthtech; Data Infrastructure,500k,2M,"Digital health infrastructure at seed. We look for companies that move money or data between sponsors, sites and patients.",Corvus Health; SiteLedger; Verity Clinical; Radial Health,Verity Clinical; Radial Health,Wrote about why site-level cost data never reaches the sponsor's finance team in time.,2026-05-24,https://www.linkedin.com/in/samirfontaine
Mateo Sharma,Blue Meridian Capital,Partner,mateo.sharma@bluemeridian.vc,https://bluemeridian.vc,Boston,United States,America/New_York,Pre-seed/Seed,B2B SaaS; Fintech; Payments,250000,1500000,We fund vertical SaaS in industries that still run on spreadsheets and PDFs.,CareLoop; Loomstack; Protocol IO; Terrace,Terrace; Protocol IO,Published notes on the consumer subscription shakeout.,2026-07-10,https://www.linkedin.com/in/mateosharma
Leah Andersen,Hollow Creek Labs,General Partner,leah.andersen@hollowcreek.vc,https://hollowcreek.vc,Austin,United States,America/Chicago,"seed, series a",Healthcare; Payments; Vertical SaaS,$100k,$500k,"Digital health infrastructure at seed. We look for companies that move money or data between sponsors, sites and patients.",SiteLedger; Cohort Systems; Trialbase; Pathway Bio,Cohort Systems; Pathway Bio,"Wrote a piece on why regulated industries adopt software through the CFO, not the end user.",2026-04-30,https://www.linkedin.com/in/leahandersen
Wei Petrov,Foundry Row Partners,Managing Director,wei.petrov@foundryrow.vc,https://foundryrow.vc,Chicago,United States,America/Chicago,Pre-seed/Seed,Climate; Energy Storage; Industrial,500k,2M,"Climate infrastructure, with a focus on grid-scale storage and industrial decarbonisation.",Basalt; Bluewire; Loomstack; Orbital Freight; Mural Health,Mural Health; Basalt,Wrote about validator economics and where the fees really go.,2026-02-11,https://www.linkedin.com/in/weipetrov
Noah Osei,Rivermark Ventures,Principal,noah.osei@rivermark.vc,https://rivermark.vc,Chicago,United States,America/Chicago,Seed,Digital Health; Fintech; Healthcare Services,500k,2M,"We invest in health IT founders selling into providers, CROs and sponsors, especially where the buyer has a measurable cost of delay.",Cohort Systems; SiteLedger; Northstar Rx; Verity Clinical,Cohort Systems; Northstar Rx,Podcast appearance on how clinical research became a working-capital business.,2026-05-26,https://www.linkedin.com/in/noahosei
Freya Baumann,Longshore Labs,Venture Partner,freya.baumann@longshore.vc,https://longshore.vc,Boston,United States,America/New_York,Pre-Seed; Seed,B2B SaaS; Fintech; Payments,$2M,$10M,"Fintech infrastructure at pre-seed and seed, with a preference for embedded payments.",Orbital Freight; Radial Health; Cartwheel; Bluewire,Bluewire; Cartwheel,"Wrote a piece on why regulated industries adopt software through the CFO, not the end user.",2025-08-19,https://www.linkedin.com/in/freyabaumann
Priya Larsen,Grove Lane Partners,GP,priya.larsen@grovelane.vc,https://grovelane.vc,San Francisco,United States,America/Los_Angeles,Pre-seed/Seed,Vertical SaaS; Marketplaces; Fintech,$1M,$5M,"Fintech infrastructure at pre-seed and seed, with a preference for embedded payments.",Pathway Bio; Pixelforge; Verity Clinical; Corvus Health,Verity Clinical; Pathway Bio,Posted a breakdown of where trial budgets actually leak between sponsor and site.,2026-06-15,https://www.linkedin.com/in/priyalarsen
Mei Costa,Fifth Harbor Labs,GP,mei.costa@fifthharbor.vc,https://fifthharbor.vc,Austin,United States,America/Chicago,Growth,Digital Health; Fintech; Healthcare Services,250000,1500000,"We back seed-stage companies rebuilding the financial plumbing of healthcare delivery, with a bias toward clinical operations and life sciences infrastructure.",SiteLedger; Radial Health; Verity Clinical; Protocol IO,SiteLedger; Protocol IO,"Wrote a piece on why regulated industries adopt software through the CFO, not the end user.",2026-03-05,https://www.linkedin.com/in/meicosta
Mateo Vasquez,Tidewater Partners,Managing Director,mateo.vasquez@tidewater.vc,https://tidewater.vc,Berlin,Germany,Europe/Berlin,Growth,Digital Health; Fintech; Healthcare Services,$250k,$1M,"Digital health infrastructure at seed. We look for companies that move money or data between sponsors, sites and patients.",Trialbase; Protocol IO; CareLoop; Verity Clinical,CareLoop; Trialbase,Wrote about why site-level cost data never reaches the sponsor's finance team in time.,2025-10-12,https://www.linkedin.com/in/mateovasquez
Elena Rossi,Alder Labs,Partner,elena.rossi@alder.vc,https://alder.vc,Austin,United States,America/Chicago,Pre-Seed; Seed,Crypto; Web3; DeFi,$250k,$1M,Consumer social and gaming at seed. We look for products with organic distribution.,Ember Grid; Orbital Freight; Cartwheel; Bluewire,Cartwheel; Ember Grid,Published notes on the consumer subscription shakeout.,2026-03-03,https://www.linkedin.com/in/elenarossi
Samir Nguyen,Larkspur Capital,General Partner,samir.nguyen@larkspur.vc,https://larkspur.vc,London,United Kingdom,Europe/London,Early Stage,Crypto; Web3; DeFi,500k,2M,We invest in crypto protocols and the tooling around them.,Basalt; Ninefold; Bluewire; Ember Grid,Bluewire; Ninefold,Wrote about validator economics and where the fees really go.,2026-03-15,https://www.linkedin.com/in/samirnguyen
Mei Okafor,Windward Venture Partners,General Partner,mei.okafor@windward.vc,https://windward.vc,San Francisco,United States,America/Los_Angeles,Pre-Seed; Seed,Healthcare; Payments; Vertical SaaS,$100k,$500k,"We invest in health IT founders selling into providers, CROs and sponsors, especially where the buyer has a measurable cost of delay.",Trialbase; Verity Clinical; Cohort Systems; SiteLedger,Trialbase; Cohort Systems,"Blog post arguing that vertical software wins when it takes over the payment, not the record.",2026-06-10,https://www.linkedin.com/in/meiokafor
Grace Weber,Vantage Hill Capital,General Partner,,https://vantagehill.vc,New York,United States,America/New_York,Pre-seed/Seed,Health IT; Clinical Trials; B2B SaaS,$100k,$500k,"We back seed-stage companies rebuilding the financial plumbing of healthcare delivery, with a bias toward clinical operations and life sciences infrastructure.",CareLoop; Verity Clinical; Trialbase; Cohort Systems; TrialPay Sciences,TrialPay Sciences; Cohort Systems,Posted a breakdown of where trial budgets actually leak between sponsor and site.,2026-03-06,https://www.linkedin.com/in/graceweber
Elena Farrell,Larkspur Ventures,Venture Partner,elena.farrell@larkspur.vc,https://larkspur.vc,San Francisco,United States,America/Los_Angeles,Series A; Series B,Health IT; Clinical Trials; B2B SaaS,$1M,$5M,"Our thesis is vertical software for regulated industries: healthcare, clinical research and pharma services, where workflow and payments converge.",Cohort Systems; SiteLedger; Verity Clinical; Protocol IO,Cohort Systems; Protocol IO,"Blog post arguing that vertical software wins when it takes over the payment, not the record.",2025-05-05,https://www.linkedin.com/in/elenafarrell
Amara Rossi,Foundry Row Venture Partners,Principal,amara.rossi@foundryrow.vc,https://foundryrow.vc,Austin,United States,America/Chicago,Pre-Seed; Seed,Healthcare; Payments; Vertical SaaS,$250k,$1M,"We back seed-stage companies rebuilding the financial plumbing of healthcare delivery, with a bias toward clinical operations and life sciences infrastructure.",Trialbase; Protocol IO; Cohort Systems; SiteLedger,SiteLedger; Trialbase,Posted a breakdown of where trial budgets actually leak between sponsor and site.,2025-08-24,https://www.linkedin.com/in/amararossi
Ruth Silva,Northaven Partners,Managing Director,ruth.silva@northaven.vc,https://northaven.vc,San Francisco,United States,America/Los_Angeles,Pre-seed/Seed,Healthtech; Digital Health; Life Sciences,$1M,$5M,"We back seed-stage companies rebuilding the financial plumbing of healthcare delivery, with a bias toward clinical operations and life sciences infrastructure.",Verity Clinical; CareLoop; Radial Health; Pathway Bio,Radial Health; CareLoop,"Wrote a piece on why regulated industries adopt software through the CFO, not the end user.",2025-04-26,https://www.linkedin.com/in/ruthsilva
Daniel Osei,Silverline Capital,General Partner,daniel.osei@silverline.vc,https://silverline.vc,Chicago,United States,America/Chicago,Seed; Series A,B2B SaaS; Fintech; Payments,$2M,$10M,"Fintech infrastructure at pre-seed and seed, with a preference for embedded payments.",Radial Health; Cohort Systems; Bluewire; Loomstack,Radial Health; Loomstack,Wrote about why site-level cost data never reaches the sponsor's finance team in time.,2026-05-10,https://www.linkedin.com/in/danielosei
Ivan Farrell,Tidewater Ventures,GP,ivan.farrell@tidewater.vc,https://tidewater.vc,San Francisco,United States,America/Los_Angeles,Pre-Seed; Seed,B2B SaaS; Fintech; Payments,250000,1500000,We fund vertical SaaS in industries that still run on spreadsheets and PDFs.,Bluewire; CareLoop; Cohort Systems; Verity Clinical,CareLoop; Bluewire,Wrote about validator economics and where the fees really go.,2026-02-21,https://www.linkedin.com/in/ivanfarrell
Leah Chen,Fifth Harbor Venture Partners,Principal,leah.chen@fifthharbor.vc,https://fifthharbor.vc,Chicago,United States,America/Chicago,Early Stage,Vertical SaaS; Marketplaces; Fintech,$100k,$500k,"Fintech infrastructure at pre-seed and seed, with a preference for embedded payments.",Basalt; Verity Clinical; Terrace; Ember Grid,Basalt; Ember Grid,Posted a breakdown of where trial budgets actually leak between sponsor and site.,2026-06-02,https://www.linkedin.com/in/leahchen
Arjun Iqbal,Northaven Partners,Managing Director,arjun.iqbal@northaven.vc,https://northaven.vc,San Francisco,United States,America/Los_Angeles,Pre-seed/Seed,Healthtech; Digital Health; Life Sciences,$1M,$5M,"We back seed-stage companies rebuilding the financial plumbing of healthcare delivery, with a bias toward clinical operations and life sciences infrastructure.",Verity Clinical; CareLoop; Radial Health; Pathway Bio,Pathway Bio; CareLoop,"Wrote a piece on why regulated industries adopt software through the CFO, not the end user.",2026-05-11,https://www.linkedin.com/in/arjuniqbal
Jonas Mbeki,Quarry Ventures,Founding Partner,jonas.mbeki@quarry.vc,https://quarry.vc,New York,United States,America/New_York,Series A; Series B,Enterprise Software; Data Infrastructure; AI,250000,1500000,Seed-stage B2B software with a payments component. We like businesses where the software earns the right to touch the transaction.,Trialbase; Bluewire; CareLoop; Corvus Health,Bluewire; Corvus Health,Podcast appearance on how clinical research became a working-capital business.,2026-01-05,https://www.linkedin.com/in/jonasmbeki
Hana Larsen,Quarry Labs,Principal,hana.larsen@quarry.vc,https://quarry.vc,Boston,United States,America/New_York,Pre-Seed; Seed,Health IT; Clinical Trials; B2B SaaS,250000,1500000,"We invest in health IT founders selling into providers, CROs and sponsors, especially where the buyer has a measurable cost of delay.",Radial Health; Northstar Rx; Trialbase; Cohort Systems,Trialbase; Northstar Rx,Podcast appearance on how clinical research became a working-capital business.,2026-03-04,https://www.linkedin.com/in/hanalarsen
Sofia Kaur,Northaven Capital Partners,General Partner,sofia.kaur@northaven.vc,https://northaven.vc,Seattle,United States,America/Los_Angeles,Pre-seed/Seed,Vertical SaaS; Marketplaces; Fintech,$2M,$10M,We fund vertical SaaS in industries that still run on spreadsheets and PDFs.,Ember Grid; Verity Clinical; Orbital Freight; Bluewire,Ember Grid; Verity Clinical,Published notes on the consumer subscription shakeout.,2025-07-07,https://www.linkedin.com/in/sofiakaur
Ade Novak,Northaven Capital,Founding Partner,ade.novak@northaven.vc,https://northaven.vc,Boston,United States,America/New_York,Seed; Series A,Space; Defense; Advanced Manufacturing,$250k,$1M,Consumer social and gaming at seed. We look for products with organic distribution.,Pixelforge; Cartwheel; Ember Grid; Fathom Social,Cartwheel; Fathom Social,Posted on why grid interconnection queues are the real climate bottleneck.,2026-06-11,https://www.linkedin.com/in/adenovak
Felix Kowalski,Compass Rose Labs,Founding Partner,felix.kowalski@compassrose.vc,https://compassrose.vc,Chicago,United States,America/Chicago,Growth,Consumer Retail; DTC; Food,$100k,$500k,Consumer social and gaming at seed. We look for products with organic distribution.,Cartwheel; Ninefold; Pixelforge; Fathom Social,Pixelforge; Cartwheel,Posted on why grid interconnection queues are the real climate bottleneck.,2026-05-13,https://www.linkedin.com/in/felixkowalski
Felix Rossi,Compass Rose Capital Partners,Principal,felix.rossi@compassrose.vc,https://compassrose.vc,San Francisco,United States,America/Los_Angeles,Seed; Series A,Consumer Retail; DTC; Food,$100k,$500k,"Hard tech at seed: space, defense and advanced manufacturing.",Pixelforge; Terrace; Cartwheel; Loomstack,Pixelforge; Cartwheel,Wrote about validator economics and where the fees really go.,2025-06-04,https://www.linkedin.com/in/felixrossi
Clara Sharma,Foundry Row Labs,Founding Partner,clara.sharma@foundryrow.vc,https://foundryrow.vc,San Francisco,United States,America/Los_Angeles,Series A; Series B,Healthtech; Digital Health; Life Sciences,$250k,$1M,"We back seed-stage companies rebuilding the financial plumbing of healthcare delivery, with a bias toward clinical operations and life sciences infrastructure.",Protocol IO; Corvus Health; Verity Clinical; Trialbase,Trialbase; Corvus Health,Wrote about why site-level cost data never reaches the sponsor's finance team in time.,2026-05-12,https://www.linkedin.com/in/clarasharma
Ade Lindqvist,Marlow Partners,GP,ade.lindqvist@marlow.vc,https://marlow.vc,San Francisco,United States,America/Los_Angeles,Early Stage,Consumer Retail; DTC; Food,$100k,$500k,Consumer social and gaming at seed. We look for products with organic distribution.,Ember Grid; Fathom Social; Ninefold; Terrace,Fathom Social; Ninefold,Wrote about validator economics and where the fees really go.,2026-03-04,https://www.linkedin.com/in/adelindqvist
Nils Silva,Two Bridges Partners,Founding Partner,nils.silva@twobridges.vc,https://twobridges.vc,San Francisco,United States,America/Los_Angeles,Growth,Enterprise Software; Data Infrastructure; AI,$250k,$1M,We fund vertical SaaS in industries that still run on spreadsheets and PDFs.,Corvus Health; Ember Grid; CareLoop; Pathway Bio,CareLoop; Corvus Health,Published notes on the consumer subscription shakeout.,2025-10-01,https://www.linkedin.com/in/nilssilva
Hana Moreau,Highgate Partners,Partner,hana.moreau@highgate.vc,https://highgate.vc,New York,United States,America/New_York,Pre-Seed; Seed,Crypto; Web3; DeFi,$1M,$5M,Consumer social and gaming at seed. We look for products with organic distribution.,Pixelforge; Ninefold; Cartwheel; Orbital Freight,Ninefold; Cartwheel,Wrote about validator economics and where the fees really go.,2026-03-21,https://www.linkedin.com/in/hanamoreau
Ivan Kaur,Granite Row Partners,Principal,ivan.kaur@graniterow.vc,https://graniterow.vc,Boston,United States,America/New_York,Pre-seed/Seed,Digital Health; Fintech; Healthcare Services,500k,2M,"Digital health infrastructure at seed. We look for companies that move money or data between sponsors, sites and patients.",SiteLedger; Protocol IO; Corvus Health; Cohort Systems,Corvus Health; SiteLedger,"Wrote a piece on why regulated industries adopt software through the CFO, not the end user.",2026-06-10,https://www.linkedin.com/in/ivankaur
Samir Ramirez,Larkspur Capital,Venture Partner,samir.ramirez@larkspur.vc,https://larkspur.vc,London,United Kingdom,Europe/London,Early Stage,Crypto; Web3; DeFi,500k,2M,We invest in crypto protocols and the tooling around them.,Basalt; Ninefold; Bluewire; Ember Grid,Ember Grid; Bluewire,Posted on why grid interconnection queues are the real climate bottleneck.,2026-06-06,https://www.linkedin.com/in/samirramirez
Zoe Chen,Solstice Ventures,Associate,zoe.chen@solstice.vc,https://solstice.vc,London,United Kingdom,Europe/London,Pre-Seed; Seed,Digital Health; Fintech; Healthcare Services,$2M,$10M,"We invest in health IT founders selling into providers, CROs and sponsors, especially where the buyer has a measurable cost of delay.",CareLoop; Protocol IO; Cohort Systems; Verity Clinical,Verity Clinical; Cohort Systems,Wrote about why site-level cost data never reaches the sponsor's finance team in time.,2026-04-28,https://www.linkedin.com/in/zoechen
Mateo Costa,Hollow Creek Labs,GP,mateo.costa@hollowcreek.vc,https://hollowcreek.vc,Austin,United States,America/Chicago,"seed, series a",Healthcare; Payments; Vertical SaaS,$100k,$500k,"Digital health infrastructure at seed. We look for companies that move money or data between sponsors, sites and patients.",SiteLedger; Cohort Systems; Trialbase; Pathway Bio,Trialbase; SiteLedger,Podcast appearance on how clinical research became a working-capital business.,2026-04-18,https://www.linkedin.com/in/mateocosta
Nils Rossi,Highgate Capital Partners,Principal,nils.rossi@highgate.vc,https://highgate.vc,New York,United States,America/New_York,Seed; Series A,Consumer Gaming; Social; Creator Economy,$100k,$500k,Consumer social and gaming at seed. We look for products with organic distribution.,Basalt; Ninefold; Cartwheel; Bluewire,Cartwheel; Basalt,Published notes on the consumer subscription shakeout.,2026-02-24,https://www.linkedin.com/in/nilsrossi
Priya Moreau,Highgate Venture Partners,Managing Partner,priya.moreau@highgate.vc,https://highgate.vc,London,United Kingdom,Europe/London,Seed,Consumer Retail; DTC; Food,$1M,$5M,"Climate infrastructure, with a focus on grid-scale storage and industrial decarbonisation.",Orbital Freight; Pixelforge; Terrace; Cartwheel,Terrace; Orbital Freight,Wrote about validator economics and where the fees really go.,2026-02-18,https://www.linkedin.com/in/priyamoreau
MATEO ROSSI,"Longshore Partners, LLC",GP,mateo.rossi@longshore.vc,https://longshore.vc,New York,United States,America/New_York,Pre-seed/Seed,Vertical SaaS; Marketplaces; Fintech,250000,1500000,Seed-stage B2B software with a payments component. We like businesses where the software earns the right to touch the transaction.,Pixelforge; Northstar Rx; Ember Grid; Loomstack,Loomstack; Northstar Rx,"Blog post arguing that vertical software wins when it takes over the payment, not the record.",2026-03-19,https://www.linkedin.com/in/mateorossi
Arjun Dubois,Two Bridges Capital,Analyst,arjun.dubois@twobridges.vc,https://twobridges.vc,New York,United States,America/New_York,Seed; Series A,Life Sciences Tools; Healthtech; Data Infrastructure,$2M,$10M,"Digital health infrastructure at seed. We look for companies that move money or data between sponsors, sites and patients.",Verity Clinical; Radial Health; Trialbase; Corvus Health,Verity Clinical; Corvus Health,Podcast appearance on how clinical research became a working-capital business.,2025-03-15,https://www.linkedin.com/in/arjundubois
Ravi Silva,Blue Meridian Capital Partners,Managing Director,ravi.silva@bluemeridian.vc,https://bluemeridian.vc,Singapore,Singapore,Asia/Singapore,"seed, series a",Digital Health; Fintech; Healthcare Services,$100k,$500k,"We back seed-stage companies rebuilding the financial plumbing of healthcare delivery, with a bias toward clinical operations and life sciences infrastructure.",Trialbase; Northstar Rx; Pathway Bio; Cohort Systems,Cohort Systems; Northstar Rx,"Blog post arguing that vertical software wins when it takes over the payment, not the record.",2026-02-07,https://www.linkedin.com/in/ravisilva
Hugo Mbeki,Alder Venture Partners,Founding Partner,hugo.mbeki@alder.vc,https://alder.vc,Boston,United States,America/New_York,Seed; Series A,Vertical SaaS; Marketplaces; Fintech,$100k,$500k,"Fintech infrastructure at pre-seed and seed, with a preference for embedded payments.",Fathom Social; Terrace; Cohort Systems; Bluewire; Paylode Health,Terrace; Cohort Systems,"Blog post arguing that vertical software wins when it takes over the payment, not the record.",2025-07-08,https://www.linkedin.com/in/hugombeki
Yara Farrell,Vantage Hill Labs,Principal,yara.farrell@vantagehill.vc,https://vantagehill.vc,London,United Kingdom,Europe/London,"seed, series a",Enterprise Software; Data Infrastructure; AI,250000,1500000,Seed-stage B2B software with a payments component. We like businesses where the software earns the right to touch the transaction.,Orbital Freight; Radial Health; Basalt; CareLoop,Orbital Freight; Radial Health,Published notes on the consumer subscription shakeout.,2026-04-02,https://www.linkedin.com/in/yarafarrell
Zoe Fontaine,Blue Meridian Capital Partners,Partner,zoe.fontaine@bluemeridian.vc,https://bluemeridian.vc,Singapore,Singapore,Asia/Singapore,"seed, series a",Digital Health; Fintech; Healthcare Services,$100k,$500k,"We back seed-stage companies rebuilding the financial plumbing of healthcare delivery, with a bias toward clinical operations and life sciences infrastructure.",Trialbase; Northstar Rx; Pathway Bio; Cohort Systems,Trialbase; Pathway Bio,"Wrote a piece on why regulated industries adopt software through the CFO, not the end user.",2026-06-02,https://www.linkedin.com/in/zoefontaine
Kenji Dubois,Halcyon Capital,Founding Partner,kenji.dubois@halcyon.vc,https://halcyon.vc,Seattle,United States,America/Los_Angeles,Series A; Series B,Life Sciences Tools; Healthtech; Data Infrastructure,$100k,$500k,"Digital health infrastructure at seed. We look for companies that move money or data between sponsors, sites and patients.",Cohort Systems; Verity Clinical; Corvus Health; Northstar Rx,Verity Clinical; Northstar Rx,"Wrote a piece on why regulated industries adopt software through the CFO, not the end user.",2026-04-09,https://www.linkedin.com/in/kenjidubois
Grace Ramirez,Windward Labs,Venture Partner,grace.ramirez@windward.vc,https://windward.vc,Boston,United States,America/New_York,"seed, series a",Vertical SaaS; Marketplaces; Fintech,500k,2M,"Fintech infrastructure at pre-seed and seed, with a preference for embedded payments.",Ember Grid; Pathway Bio; SiteLedger; Verity Clinical,Verity Clinical; Ember Grid,Posted on why grid interconnection queues are the real climate bottleneck.,2026-04-27,https://www.linkedin.com/in/graceramirez
Hana Andersen,Blue Meridian Venture Partners,GP,hana.andersen@bluemeridian.vc,https://bluemeridian.vc,Austin,United States,America/Chicago,"seed, series a",Consumer Gaming; Social; Creator Economy,500k,2M,"Climate infrastructure, with a focus on grid-scale storage and industrial decarbonisation.",Loomstack; Fathom Social; Ninefold; Cartwheel,Ninefold; Loomstack,Published notes on the consumer subscription shakeout.,2025-07-13,https://www.linkedin.com/in/hanaandersen
Tomas Baumann,Alder Labs,Managing Director,,https://alder.vc,Austin,United States,America/Chicago,Pre-Seed; Seed,Crypto; Web3; DeFi,$250k,$1M,Consumer social and gaming at seed. We look for products with organic distribution.,Ember Grid; Orbital Freight; Cartwheel; Bluewire,Orbital Freight; Cartwheel,Wrote about validator economics and where the fees really go.,2026-06-16,https://www.linkedin.com/in/tomasbaumann
Aisha Iqbal,Ironwood Capital,Venture Partner,aisha.iqbal@ironwood.vc,https://ironwood.vc,San Francisco,United States,America/Los_Angeles,Growth,B2B SaaS; Fintech; Payments,$250k,$1M,Seed-stage B2B software with a payments component. We like businesses where the software earns the right to touch the transaction.,Northstar Rx; Pixelforge; Pathway Bio; Bluewire,Northstar Rx; Pathway Bio,Wrote about validator economics and where the fees really go.,2025-07-09,https://www.linkedin.com/in/aishaiqbal
Sofia Dubois,Highgate Capital,Principal,sofia.dubois@highgate.vc,https://highgate.vc,Boston,United States,America/New_York,"seed, series a",Crypto; Web3; DeFi,$2M,$10M,We invest in crypto protocols and the tooling around them.,Orbital Freight; Cartwheel; Ember Grid; Ninefold,Cartwheel; Orbital Freight,Published notes on the consumer subscription shakeout.,2025-07-27,https://www.linkedin.com/in/sofiadubois
Mei Chen,Tidewater Capital Partners,Principal,mei.chen@tidewater.vc,https://tidewater.vc,Stockholm,Sweden,Europe/Stockholm,Growth,Health IT; Clinical Trials; B2B SaaS,500k,2M,"We invest in health IT founders selling into providers, CROs and sponsors, especially where the buyer has a measurable cost of delay.",Cohort Systems; CareLoop; Corvus Health; Northstar Rx,Northstar Rx; Corvus Health,Posted a breakdown of where trial budgets actually leak between sponsor and site.,2026-02-23,https://www.linkedin.com/in/meichen
Arjun Kowalski,Silverline Labs,Managing Director,arjun.kowalski@silverline.vc,https://silverline.vc,San Francisco,United States,America/Los_Angeles,Seed,Health IT; Clinical Trials; B2B SaaS,$100k,$500k,"Digital health infrastructure at seed. We look for companies that move money or data between sponsors, sites and patients.",CareLoop; Verity Clinical; Trialbase; Cohort Systems,Trialbase; Cohort Systems,Podcast appearance on how clinical research became a working-capital business.,2026-02-12,https://www.linkedin.com/in/arjunkowalski
Jonas Novak,Larkspur Venture Partners,Principal,jonas.novak@larkspur.vc,https://larkspur.vc,Austin,United States,America/Chicago,"seed, series a",Health IT; Clinical Trials; B2B SaaS,$2M,$10M,"Digital health infrastructure at seed. We look for companies that move money or data between sponsors, sites and patients.",CareLoop; Cohort Systems; Radial Health; Corvus Health,Corvus Health; Cohort Systems,Posted a breakdown of where trial budgets actually leak between sponsor and site.,2026-02-08,https://www.linkedin.com/in/jonasnovak
Ravi Andersen,Kestrel Partners,General Partner,ravi.andersen@kestrel.vc,https://kestrel.vc,New York,United States,America/New_York,"seed, series a",Healthcare; Payments; Vertical SaaS,500k,2M,"Our thesis is vertical software for regulated industries: healthcare, clinical research and pharma services, where workflow and payments converge.",Northstar Rx; SiteLedger; Cohort Systems; CareLoop,Cohort Systems; CareLoop,Podcast appearance on how clinical research became a working-capital business.,2026-05-08,https://www.linkedin.com/in/raviandersen
Marcus Silva,Granite Row Ventures,Venture Partner,,https://graniterow.vc,Berlin,Germany,Europe/Berlin,"seed, series a",Space; Defense; Advanced Manufacturing,500k,2M,"Hard tech at seed: space, defense and advanced manufacturing.",Cartwheel; Basalt; Orbital Freight; Loomstack,Loomstack; Orbital Freight,Published notes on the consumer subscription shakeout.,2026-05-03,https://www.linkedin.com/in/marcussilva
Marcus Kowalski,Kestrel Capital Partners,Partner,marcus.kowalski@kestrel.vc,https://kestrel.vc,Boston,United States,America/New_York,Seed,Health IT; Clinical Trials; B2B SaaS,$1M,$5M,"Digital health infrastructure at seed. We look for companies that move money or data between sponsors, sites and patients.",CareLoop; Radial Health; Northstar Rx; Verity Clinical,Verity Clinical; Radial Health,Posted a breakdown of where trial budgets actually leak between sponsor and site.,2026-04-06,https://www.linkedin.com/in/marcuskowalski
Felix Nguyen,Copper Beach Capital Partners,Founding Partner,felix.nguyen@copperbeach.vc,https://copperbeach.vc,New York,United States,America/New_York,Growth,Enterprise Software; Data Infrastructure; AI,$100k,$500k,Seed-stage B2B software with a payments component. We like businesses where the software earns the right to touch the transaction.,Ember Grid; Orbital Freight; SiteLedger; Pathway Bio,SiteLedger; Ember Grid,Podcast appearance on how clinical research became a working-capital business.,2026-05-29,https://www.linkedin.com/in/felixnguyen
Peter Chen,Beacon Ridge Capital,GP,peter.chen@beaconridge.vc,https://beaconridge.vc,New York,United States,America/New_York,Seed,Healthtech; Digital Health; Life Sciences,500k,2M,"Digital health infrastructure at seed. We look for companies that move money or data between sponsors, sites and patients.",Pathway Bio; Radial Health; Northstar Rx; Trialbase,Radial Health; Trialbase,Wrote about why site-level cost data never reaches the sponsor's finance team in time.,2026-05-18,https://www.linkedin.com/in/peterchen
Daniel Alvarez,Windward Labs,Managing Director,daniel.alvarez@windward.vc,https://windward.vc,Boston,United States,America/New_York,"seed, series a",Vertical SaaS; Marketplaces; Fintech,500k,2M,"Fintech infrastructure at pre-seed and seed, with a preference for embedded payments.",Ember Grid; Pathway Bio; SiteLedger; Verity Clinical,Pathway Bio; SiteLedger,Posted a breakdown of where trial budgets actually leak between sponsor and site.,2026-04-17,https://www.linkedin.com/in/danielalvarez
Ravi Baumann,Ironwood Partners,Partner,ravi.baumann@ironwood.vc,https://ironwood.vc,New York,United States,America/New_York,Growth,Consumer Gaming; Social; Creator Economy,250000,1500000,Consumer social and gaming at seed. We look for products with organic distribution.,Pixelforge; Ninefold; Orbital Freight; Terrace,Ninefold; Orbital Freight,Posted on why grid interconnection queues are the real climate bottleneck.,2025-08-01,https://www.linkedin.com/in/ravibaumann
Diego Kaur,Two Bridges Partners,Managing Director,diego.kaur@twobridges.vc,https://twobridges.vc,San Francisco,United States,America/Los_Angeles,Growth,Enterprise Software; Data Infrastructure; AI,$250k,$1M,We fund vertical SaaS in industries that still run on spreadsheets and PDFs.,Corvus Health; Ember Grid; CareLoop; Pathway Bio,Ember Grid; CareLoop,Wrote about why site-level cost data never reaches the sponsor's finance team in time.,2026-01-02,https://www.linkedin.com/in/diegokaur
Clara Silva,Beacon Ridge Labs,Principal,clara.silva@beaconridge.vc,https://beaconridge.vc,San Francisco,United States,America/Los_Angeles,"seed, series a",Healthcare; Payments; Vertical SaaS,$250k,$1M,"Our thesis is vertical software for regulated industries: healthcare, clinical research and pharma services, where workflow and payments converge.",Pathway Bio; SiteLedger; Radial Health; Corvus Health,SiteLedger; Pathway Bio,Posted a breakdown of where trial budgets actually leak between sponsor and site.,2025-09-25,https://www.linkedin.com/in/clarasilva
Kenji Andersen,Larkspur Venture Partners,Managing Partner,kenji.andersen@larkspur.vc,https://larkspur.vc,Austin,United States,America/Chicago,"seed, series a",Health IT; Clinical Trials; B2B SaaS,$2M,$10M,"Digital health infrastructure at seed. We look for companies that move money or data between sponsors, sites and patients.",CareLoop; Cohort Systems; Radial Health; Corvus Health,Cohort Systems; Radial Health,"Wrote a piece on why regulated industries adopt software through the CFO, not the end user.",2025-06-17,https://www.linkedin.com/in/kenjiandersen
Tomas Vasquez,Silverline Capital Partners,GP,tomas.vasquez@silverline.vc,https://silverline.vc,New York,United States,America/New_York,Growth,Crypto; Web3; DeFi,$250k,$1M,"Hard tech at seed: space, defense and advanced manufacturing.",Bluewire; Basalt; Ninefold; Cartwheel,Ninefold; Cartwheel,Wrote about validator economics and where the fees really go.,2026-03-10,https://www.linkedin.com/in/tomasvasquez
Rosa Fontaine,Blue Meridian Partners,Founding Partner,rosa.fontaine@bluemeridian.vc,https://bluemeridian.vc,San Francisco,United States,America/Los_Angeles,Pre-seed/Seed,Climate; Energy Storage; Industrial,$1M,$5M,We invest in crypto protocols and the tooling around them.,Pixelforge; Cartwheel; Ninefold; Ember Grid,Ember Grid; Ninefold,Published notes on the consumer subscription shakeout.,2026-04-06,https://www.linkedin.com/in/rosafontaine
Fatima Mbeki,Windward Capital,Venture Partner,fatima.mbeki@windward.vc,https://windward.vc,Boston,United States,America/New_York,Seed; Series A,Life Sciences Tools; Healthtech; Data Infrastructure,$250k,$1M,"Digital health infrastructure at seed. We look for companies that move money or data between sponsors, sites and patients.",Northstar Rx; CareLoop; Protocol IO; SiteLedger,Northstar Rx; Protocol IO,"Wrote a piece on why regulated industries adopt software through the CFO, not the end user.",2026-03-17,https://www.linkedin.com/in/fatimambeki
Fatima Vasquez,Windward Capital Partners,Founding Partner,fatima.vasquez@windward.vc,https://windward.vc,San Francisco,United States,America/Los_Angeles,"seed, series a",Space; Defense; Advanced Manufacturing,500k,2M,We invest in crypto protocols and the tooling around them.,Loomstack; Ninefold; Orbital Freight; Cartwheel,Ninefold; Loomstack,Published notes on the consumer subscription shakeout.,2025-03-26,https://www.linkedin.com/in/fatimavasquez
Grace Nguyen,Quarry Partners,Principal,grace.nguyen@quarry.vc,https://quarry.vc,New York,United States,America/New_York,"seed, series a",Crypto; Web3; DeFi,$2M,$10M,"Climate infrastructure, with a focus on grid-scale storage and industrial decarbonisation.",Pixelforge; Loomstack; Bluewire; Orbital Freight,Orbital Freight; Pixelforge,Posted on why grid interconnection queues are the real climate bottleneck.,2026-02-22,https://www.linkedin.com/in/gracenguyen
Grace Kowalski,Two Bridges Labs,General Partner,grace.kowalski@twobridges.vc,https://twobridges.vc,New York,United States,America/New_York,Series A; Series B,Enterprise Software; Data Infrastructure; AI,$250k,$1M,Seed-stage B2B software with a payments component. We like businesses where the software earns the right to touch the transaction.,Basalt; Ember Grid; CareLoop; Terrace,CareLoop; Terrace,"Blog post arguing that vertical software wins when it takes over the payment, not the record.",2026-04-25,https://www.linkedin.com/in/gracekowalski
Peter Alvarez,Pinemark Partners,Managing Director,peter.alvarez@pinemark.vc,https://pinemark.vc,Toronto,Canada,America/Toronto,Seed,Digital Health; Fintech; Healthcare Services,250000,1500000,"Digital health infrastructure at seed. We look for companies that move money or data between sponsors, sites and patients.",CareLoop; Verity Clinical; Northstar Rx; Cohort Systems,Northstar Rx; Cohort Systems,Posted a breakdown of where trial budgets actually leak between sponsor and site.,2025-12-01,https://www.linkedin.com/in/peteralvarez
Sofia Mbeki,Ashford Capital Partners,GP,sofia.mbeki@ashford.vc,https://ashford.vc,Singapore,Singapore,Asia/Singapore,"seed, series a",Climate; Energy Storage; Industrial,500k,2M,"Climate infrastructure, with a focus on grid-scale storage and industrial decarbonisation.",Loomstack; Ninefold; Basalt; Bluewire,Bluewire; Ninefold,Wrote about validator economics and where the fees really go.,2026-05-28,https://www.linkedin.com/in/sofiambeki
Nadia Iqbal,Copper Beach Ventures,Principal,nadia.iqbal@copperbeach.vc,https://copperbeach.vc,Boston,United States,America/New_York,Series A; Series B,B2B SaaS; Fintech; Payments,250000,1500000,We fund vertical SaaS in industries that still run on spreadsheets and PDFs.,Ember Grid; Radial Health; Corvus Health; Cohort Systems,Ember Grid; Cohort Systems,Wrote about why site-level cost data never reaches the sponsor's finance team in time.,2026-03-30,https://www.linkedin.com/in/nadiaiqbal
Nadia Costa,Grove Lane Capital Partners,Principal,nadia.costa@grovelane.vc,https://grovelane.vc,Austin,United States,America/Chicago,Series A; Series B,Healthcare; Payments; Vertical SaaS,$2M,$10M,"We invest in health IT founders selling into providers, CROs and sponsors, especially where the buyer has a measurable cost of delay.",Northstar Rx; SiteLedger; Verity Clinical; Corvus Health,Corvus Health; Verity Clinical,Posted a breakdown of where trial budgets actually leak between sponsor and site.,2026-05-24,https://www.linkedin.com/in/nadiacosta
Hugo Novak,Lantern Labs,GP,,https://lantern.vc,Chicago,United States,America/Chicago,Seed,Consumer Gaming; Social; Creator Economy,$2M,$10M,We invest in crypto protocols and the tooling around them.,Cartwheel; Bluewire; Pixelforge; Ninefold,Ninefold; Bluewire,Posted on why grid interconnection queues are the real climate bottleneck.,2026-06-29,https://www.linkedin.com/in/hugonovak
Mateo Silva,Vantage Hill Partners,Investment Analyst,mateo.silva@vantagehill.vc,https://vantagehill.vc,Chicago,United States,America/Chicago,Growth,Consumer Retail; DTC; Food,250000,1500000,"Hard tech at seed: space, defense and advanced manufacturing.",Loomstack; Basalt; Fathom Social; Ember Grid,Fathom Social; Ember Grid,Posted on why grid interconnection queues are the real climate bottleneck.,2026-06-07,https://www.linkedin.com/in/mateosilva
Wei Chen,Foundry Row Partners,GP,wei.chen@foundryrow.vc,https://foundryrow.vc,Chicago,United States,America/Chicago,Pre-seed/Seed,Climate; Energy Storage; Industrial,500k,2M,"Climate infrastructure, with a focus on grid-scale storage and industrial decarbonisation.",Basalt; Bluewire; Loomstack; Orbital Freight; Mural Health,Orbital Freight; Basalt,Posted on why grid interconnection queues are the real climate bottleneck.,2025-07-29,https://www.linkedin.com/in/weichen
Ivan Iqbal,Northaven Venture Partners,Managing Director,ivan.iqbal@northaven.vc,https://northaven.vc,London,United Kingdom,Europe/London,"seed, series a",B2B SaaS; Fintech; Payments,$100k,$500k,"Fintech infrastructure at pre-seed and seed, with a preference for embedded payments.",Protocol IO; CareLoop; Northstar Rx; Ninefold,Protocol IO; Northstar Rx,"Blog post arguing that vertical software wins when it takes over the payment, not the record.",2026-04-04,https://www.linkedin.com/in/ivaniqbal
Aisha Rossi,Halcyon Labs,General Partner,aisha.rossi@halcyon.vc,https://halcyon.vc,Berlin,Germany,Europe/Berlin,"seed, series a",Healthtech; Digital Health; Life Sciences,$2M,$10M,"We invest in health IT founders selling into providers, CROs and sponsors, especially where the buyer has a measurable cost of delay.",Cohort Systems; Pathway Bio; Verity Clinical; Radial Health,Cohort Systems; Verity Clinical,"Wrote a piece on why regulated industries adopt software through the CFO, not the end user.",2026-05-27,https://www.linkedin.com/in/aisharossi
Mei Sharma,Halcyon Labs,Partner,mei.sharma@halcyon.vc,https://halcyon.vc,Berlin,Germany,Europe/Berlin,"seed, series a",Healthtech; Digital Health; Life Sciences,$2M,$10M,"We invest in health IT founders selling into providers, CROs and sponsors, especially where the buyer has a measurable cost of delay.",Cohort Systems; Pathway Bio; Verity Clinical; Radial Health,Cohort Systems; Radial Health,"Blog post arguing that vertical software wins when it takes over the payment, not the record.",2026-03-31,https://www.linkedin.com/in/meisharma
Omar Larsen,Silverline Partners,Partner,omar.larsen@silverline.vc,https://silverline.vc,Austin,United States,America/Chicago,Pre-seed/Seed,Crypto; Web3; DeFi,$1M,$5M,"Hard tech at seed: space, defense and advanced manufacturing.",Ember Grid; Orbital Freight; Loomstack; Ninefold,Orbital Freight; Ember Grid,Published notes on the consumer subscription shakeout.,2026-06-12,https://www.linkedin.com/in/omarlarsen
Kenji Okafor,Ashford Venture Partners,General Partner,kenji.okafor@ashford.vc,https://ashford.vc,New York,United States,America/New_York,Early Stage,Healthtech; Digital Health; Life Sciences,$2M,$10M,"Digital health infrastructure at seed. We look for companies that move money or data between sponsors, sites and patients.",Verity Clinical; Radial Health; Corvus Health; Protocol IO,Verity Clinical; Radial Health,Posted a breakdown of where trial budgets actually leak between sponsor and site.,2025-12-24,https://www.linkedin.com/in/kenjiokafor
Rosa Kaur,Rivermark Venture Partners,Partner,rosa.kaur@rivermark.vc,https://rivermark.vc,Stockholm,Sweden,Europe/Stockholm,Pre-seed/Seed,B2B SaaS; Fintech; Payments,250000,1500000,Seed-stage B2B software with a payments component. We like businesses where the software earns the right to touch the transaction.,Cartwheel; Corvus Health; Fathom Social; Basalt,Basalt; Fathom Social,Wrote about validator economics and where the fees really go.,2025-04-24,https://www.linkedin.com/in/rosakaur
Hana Dubois,Marlow Venture Partners,General Partner,hana.dubois@marlow.vc,https://marlow.vc,San Francisco,United States,America/Los_Angeles,Series A; Series B,Consumer Gaming; Social; Creator Economy,$250k,$1M,Consumer social and gaming at seed. We look for products with organic distribution.,Fathom Social; Orbital Freight; Pixelforge; Ember Grid,Fathom Social; Pixelforge,Wrote about validator economics and where the fees really go.,2025-06-14,https://www.linkedin.com/in/hanadubois
Mateo Mbeki,Silverline Capital Partners,Principal,mateo.mbeki@silverline.vc,https://silverline.vc,New York,United States,America/New_York,Growth,Crypto; Web3; DeFi,$250k,$1M,"Hard tech at seed: space, defense and advanced manufacturing.",Bluewire; Basalt; Ninefold; Cartwheel,Cartwheel; Basalt,Published notes on the consumer subscription shakeout.,2026-04-30,https://www.linkedin.com/in/mateombeki
Fatima Larsen,Larkspur Capital Partners,Managing Director,fatima.larsen@larkspur.vc,https://larkspur.vc,Austin,United States,America/Chicago,Series A; Series B,Fintech; Insurtech; Payments,$100k,$500k,Seed-stage B2B software with a payments component. We like businesses where the software earns the right to touch the transaction.,Radial Health; Terrace; Verity Clinical; Cartwheel,Radial Health; Verity Clinical,Wrote about why site-level cost data never reaches the sponsor's finance team in time.,2025-03-10,https://www.linkedin.com/in/fatimalarsen
Ivan Lindqvist,Silverline Venture Partners,Talent Partner,ivan.lindqvist@silverline.vc,https://silverline.vc,Boston,United States,America/New_York,Growth,Digital Health; Fintech; Healthcare Services,$100k,$500k,"Our thesis is vertical software for regulated industries: healthcare, clinical research and pharma services, where workflow and payments converge.",CareLoop; Northstar Rx; Pathway Bio; Radial Health,Radial Health; CareLoop,"Blog post arguing that vertical software wins when it takes over the payment, not the record.",2026-04-27,https://www.linkedin.com/in/ivanlindqvist
Hugo Tanaka,Two Bridges Capital,Principal,hugo.tanaka@twobridges.vc,https://twobridges.vc,New York,United States,America/New_York,Seed; Series A,Life Sciences Tools; Healthtech; Data Infrastructure,$2M,$10M,"Digital health infrastructure at seed. We look for companies that move money or data between sponsors, sites and patients.",Verity Clinical; Radial Health; Trialbase; Corvus Health,Corvus Health; Radial Health,Wrote about why site-level cost data never reaches the sponsor's finance team in time.,2025-12-03,https://www.linkedin.com/in/hugotanaka
