Full Name,Firm,Title,Email,Website,City,Country,Timezone,Investment Stages,Sectors,Check Size Min,Check Size Max,Thesis,Portfolio Companies,Recent Investments,Recent Writing,Recent Activity Date,LinkedIn
Hana Weber,Windward Venture Partners,Talent Partner,hana.weber@windward.vc,https://windward.vc,Seattle,United States,America/Los_Angeles,Early Stage,Ghost Kitchens; Food Delivery; Logistics,$500k,$2M,"We back consumer food and beverage brands at pre-seed and seed, with a strong preference for operators who have actually run kitchens.",Coral Way Kitchen; Harborline Hospitality; Nightcap Brands; Palmetto Provisions,Coral Way Kitchen; Palmetto Provisions,Blog post on why delivery-first brands beat restaurants that bolt delivery on.,2025-03-13,https://www.linkedin.com/in/hanaweber
Ravi Sharma,Copper Beach Venture Partners,General Partner,ravi.sharma@copperbeach.vc,https://copperbeach.vc,Miami Beach,United States,America/New_York,Growth,Climate; Energy Storage; Industrial,$50k,$250k,Enterprise infrastructure and developer tools at seed.,Basalt; Ninefold; Pixelforge; Orbital Freight,Orbital Freight; Ninefold,Wrote about validator economics and where the fees really go.,2026-06-29,https://www.linkedin.com/in/ravisharma
Nils Kaur,Longshore Ventures,Principal,nils.kaur@longshore.vc,https://longshore.vc,West Palm Beach,United States,America/New_York,Growth,Biotech; Therapeutics; Life Sciences,$500k,$2M,"Hard tech at seed: space, defense and advanced manufacturing.",Bluewire; Cartwheel; Ember Grid; Pixelforge,Ember Grid; Pixelforge,Wrote about validator economics and where the fees really go.,2026-03-31,https://www.linkedin.com/in/nilskaur
Mei Dubois,Beacon Ridge Capital,Venture Partner,mei.dubois@beaconridge.vc,https://beaconridge.vc,Miami Beach,United States,America/New_York,Seed; Series A,Space; Defense; Advanced Manufacturing,$100k,$500k,We invest in therapeutics and platform biology.,Terrace; Orbital Freight; Ember Grid; Cartwheel,Orbital Freight; Cartwheel,Published notes on developer tooling consolidation.,2026-04-29,https://www.linkedin.com/in/meidubois
Hugo Fontaine,Ironwood Partners,Angel,hugo.fontaine@ironwood.vc,https://ironwood.vc,Miami Beach,United States,America/New_York,Early Stage,Real Estate; Hospitality; PropTech,$100k,$500k,Hospitality real estate and the operating businesses inside it.,Terrace; Late Plate; Corridor Kitchens; Palmetto Provisions,Palmetto Provisions; Corridor Kitchens,Wrote about packaging as the real product problem in premium delivery.,2026-06-13,https://www.linkedin.com/in/hugofontaine
Aisha Silva,Alder Labs,General Partner,aisha.silva@alder.vc,https://alder.vc,San Francisco,United States,America/Los_Angeles,Pre-Seed; Seed,Ghost Kitchens; Food Delivery; Logistics,$1M,$3M,We fund multi-unit and franchise-ready food concepts that can replicate a playbook across corridors without heavy capex.,Coral Way Kitchen; Corridor Kitchens; Vice City Eats; Harborline Hospitality,Harborline Hospitality; Coral Way Kitchen,Wrote about why late night is the only daypart still growing for restaurants.,2025-04-21,https://www.linkedin.com/in/aishasilva
Arjun Chen,Foundry Row Partners,Principal,arjun.chen@foundryrow.vc,https://foundryrow.vc,Austin,United States,America/Chicago,Seed,Real Estate; Hospitality; PropTech,$500k,$2M,We invest in DTC and consumer brands where the founder owns the customer relationship rather than renting it from a platform.,Ninefold; Orbital Freight; Brickell Provisions; Bluewire,Brickell Provisions; Ninefold,Posted on why grid interconnection queues are the real climate bottleneck.,2026-05-24,https://www.linkedin.com/in/arjunchen
Jonas Sharma,Longshore Partners,Venture Partner,jonas.sharma@longshore.vc,https://longshore.vc,Fort Lauderdale,United States,America/New_York,Seed; Series A,Space; Defense; Advanced Manufacturing,$50k,$250k,Enterprise infrastructure and developer tools at seed.,Ninefold; Terrace; Pixelforge; Ember Grid,Ember Grid; Ninefold,Published notes on developer tooling consolidation.,2025-03-17,https://www.linkedin.com/in/jonassharma
Arjun Iqbal,Vantage Hill Capital Partners,Managing Director,arjun.iqbal@vantagehill.vc,https://vantagehill.vc,New York,United States,America/New_York,Series A; Series B,Food & Beverage; Restaurant Tech; Consumer,$100k,$500k,"We invest in Miami consumer companies. Nightlife, hospitality and food are the categories this city exports, and we fund founders building in them.",Corridor Kitchens; Late Plate; Nocturne Hospitality; Sunbelt Foods,Corridor Kitchens; Late Plate,Posted on why multi-unit food concepts should stop signing restaurant leases.,2025-08-22,https://www.linkedin.com/in/arjuniqbal
Ruth Andersen,Copper Beach Partners,Founding Partner,ruth.andersen@copperbeach.vc,https://copperbeach.vc,Chicago,United States,America/Chicago,Pre-Seed; Seed,Space; Defense; Advanced Manufacturing,250000,1500000,"Hard tech at seed: space, defense and advanced manufacturing.",Loomstack; Basalt; Ember Grid; Ninefold,Ninefold; Ember Grid,Published notes on developer tooling consolidation.,2026-03-30,https://www.linkedin.com/in/ruthandersen
Iris Fontaine,Cedar Point Venture Partners,Talent Partner,iris.fontaine@cedarpoint.vc,https://cedarpoint.vc,San Francisco,United States,America/Los_Angeles,Early Stage,Space; Defense; Advanced Manufacturing,$50k,$250k,"Hard tech at seed: space, defense and advanced manufacturing.",Orbital Freight; Ember Grid; Cartwheel; Loomstack,Loomstack; Orbital Freight,Wrote about validator economics and where the fees really go.,2026-06-04,https://www.linkedin.com/in/irisfontaine
Elena Rossi,Cedar Point Capital,Principal,elena.rossi@cedarpoint.vc,https://cedarpoint.vc,Stockholm,Sweden,Europe/Stockholm,Seed,Space; Defense; Advanced Manufacturing,$1M,$3M,"Hard tech at seed: space, defense and advanced manufacturing.",Orbital Freight; Loomstack; Pixelforge; Ember Grid,Loomstack; Ember Grid,Wrote about validator economics and where the fees really go.,2026-03-30,https://www.linkedin.com/in/elenarossi
Ana Osei,Ironwood Labs,Managing Partner,ana.osei@ironwood.vc,https://ironwood.vc,New York,United States,America/New_York,"seed, series a",Real Estate; Hospitality; PropTech,$250k,$1M,Hospitality real estate and the operating businesses inside it.,Corridor Kitchens; Harborline Hospitality; Ember Grid; Brickell Provisions,Brickell Provisions; Ember Grid,Posted on why grid interconnection queues are the real climate bottleneck.,2026-05-23,https://www.linkedin.com/in/anaosei
Ravi Mbeki,Hollow Creek Ventures,Angel,ravi.mbeki@hollowcreek.vc,https://hollowcreek.vc,Singapore,Singapore,Asia/Singapore,Series A; Series B,Food & Beverage; Restaurant Tech; Consumer,$50k,$250k,"We back consumer food and beverage brands at pre-seed and seed, with a strong preference for operators who have actually run kitchens.",Corridor Kitchens; Nightcap Brands; Palmetto Provisions; Vice City Eats,Palmetto Provisions; Nightcap Brands,Wrote about packaging as the real product problem in premium delivery.,2026-04-10,https://www.linkedin.com/in/ravimbeki
Priya Weber,Copper Beach Capital Partners,Partner,priya.weber@copperbeach.vc,https://copperbeach.vc,West Palm Beach,United States,America/New_York,Pre-seed/Seed,Crypto; Web3; DeFi,250000,1500000,"Hard tech at seed: space, defense and advanced manufacturing.",Ninefold; Bluewire; Terrace; Cartwheel,Terrace; Cartwheel,Posted on why grid interconnection queues are the real climate bottleneck.,2025-12-07,https://www.linkedin.com/in/priyaweber
Samir Brenner,Two Bridges Ventures,Individual Investor,samir.brenner@twobridges.vc,https://twobridges.vc,San Francisco,United States,America/Los_Angeles,Growth,Food & Beverage; Restaurant Tech; Consumer,$500k,$2M,"We back consumer food and beverage brands at pre-seed and seed, with a strong preference for operators who have actually run kitchens.",Late Plate; Palmetto Provisions; Brickell Provisions; Nocturne Hospitality,Nocturne Hospitality; Palmetto Provisions,Posted on why multi-unit food concepts should stop signing restaurant leases.,2025-05-25,https://www.linkedin.com/in/samirbrenner
Kenji Larsen,Silverline Labs,Angel Investor,kenji.larsen@silverline.vc,https://silverline.vc,Chicago,United States,America/Chicago,Early Stage,Space; Defense; Advanced Manufacturing,$1M,$3M,"Climate infrastructure, with a focus on grid-scale storage.",Orbital Freight; Ninefold; Ember Grid; Loomstack,Ember Grid; Orbital Freight,Published notes on developer tooling consolidation.,2025-05-28,https://www.linkedin.com/in/kenjilarsen
Arjun Haddad,Cedar Point Labs,GP,arjun.haddad@cedarpoint.vc,https://cedarpoint.vc,San Francisco,United States,America/Los_Angeles,Growth,Hospitality; Consumer; Franchise,$1M,$3M,"We back consumer food and beverage brands at pre-seed and seed, with a strong preference for operators who have actually run kitchens.",Harborline Hospitality; Coral Way Kitchen; Nocturne Hospitality; Palmetto Provisions,Nocturne Hospitality; Coral Way Kitchen,Wrote about why late night is the only daypart still growing for restaurants.,2026-02-22,https://www.linkedin.com/in/arjunhaddad
Ruth Okafor,Two Bridges Venture Partners,Managing Partner,ruth.okafor@twobridges.vc,https://twobridges.vc,West Palm Beach,United States,America/New_York,"seed, series a",Climate; Energy Storage; Industrial,$500k,$2M,"Climate infrastructure, with a focus on grid-scale storage.",Ember Grid; Pixelforge; Ninefold; Orbital Freight,Orbital Freight; Pixelforge,Posted on why grid interconnection queues are the real climate bottleneck.,2026-05-12,https://www.linkedin.com/in/ruthokafor
Ivan Mbeki,Tidewater Venture Partners,Principal,ivan.mbeki@tidewater.vc,https://tidewater.vc,San Francisco,United States,America/Los_Angeles,Seed; Series A,Consumer Fintech; Loyalty; Payments,$50k,$250k,"Consumer and marketplace businesses at seed, especially last-mile logistics and anything that moves physical goods to a doorstep.",Cartwheel; Late Plate; Bluewire; Palmetto Provisions,Late Plate; Palmetto Provisions,Blog post on why delivery-first brands beat restaurants that bolt delivery on.,2025-11-28,https://www.linkedin.com/in/ivanmbeki
Daniel Farrell,Larkspur Capital,Venture Partner,daniel.farrell@larkspur.vc,https://larkspur.vc,San Francisco,United States,America/Los_Angeles,"seed, series a",Hospitality; Consumer; Franchise,250000,1500000,"Our focus is the restaurant and hospitality stack: delivery, ghost kitchens, virtual brands and the logistics underneath them.",Coral Way Kitchen; Brickell Provisions; Sunbelt Foods; Corridor Kitchens,Coral Way Kitchen; Brickell Provisions,Posted a breakdown of Miami's nightlife spend and who actually captures it.,2026-06-10,https://www.linkedin.com/in/danielfarrell
Nils Moreau,Grove Lane Ventures,Associate,nils.moreau@grovelane.vc,https://grovelane.vc,Austin,United States,America/Chicago,Seed; Series A,Enterprise SaaS; Security; DevTools,$250k,$1M,"Hard tech at seed: space, defense and advanced manufacturing.",Pixelforge; Bluewire; Orbital Freight; Ember Grid; CloudKitchens,Bluewire; Ember Grid,Published notes on developer tooling consolidation.,2025-04-21,https://www.linkedin.com/in/nilsmoreau
Priya Haddad,Larkspur Capital,Managing Partner,priya.haddad@larkspur.vc,https://larkspur.vc,San Francisco,United States,America/Los_Angeles,"seed, series a",Hospitality; Consumer; Franchise,250000,1500000,"Our focus is the restaurant and hospitality stack: delivery, ghost kitchens, virtual brands and the logistics underneath them.",Coral Way Kitchen; Brickell Provisions; Sunbelt Foods; Corridor Kitchens,Corridor Kitchens; Coral Way Kitchen,Posted on why multi-unit food concepts should stop signing restaurant leases.,2025-04-01,https://www.linkedin.com/in/priyahaddad
Rosa Brenner,Grove Lane Labs,General Partner,,https://grovelane.vc,Fort Lauderdale,United States,America/New_York,Seed; Series A,Last Mile Logistics; Marketplaces; Consumer,$100k,$500k,We invest in DTC and consumer brands where the founder owns the customer relationship rather than renting it from a platform.,Late Plate; Coral Way Kitchen; Cartwheel; Vice City Eats,Vice City Eats; Late Plate,Posted on why grid interconnection queues are the real climate bottleneck.,2026-07-17,https://www.linkedin.com/in/rosabrenner
Aisha Rossi,Tidewater Ventures,GP,aisha.rossi@tidewater.vc,https://tidewater.vc,Miami Beach,United States,America/New_York,Seed; Series A,Consumer Brands; CPG; Food,$50k,$250k,"Early-stage consumer brands with real unit economics. We care about average order value, repeat rate and contribution margin before we care about the story.",Harborline Hospitality; Sunbelt Foods; Coral Way Kitchen; Corridor Kitchens,Corridor Kitchens; Coral Way Kitchen,Wrote about packaging as the real product problem in premium delivery.,2026-04-17,https://www.linkedin.com/in/aisharossi
Freya Rossi,Highgate Ventures,Angel / Operator,freya.rossi@highgate.vc,https://highgate.vc,Fort Lauderdale,United States,America/New_York,Pre-seed/Seed,Consumer; DTC; Marketplaces,$100k,$500k,Hospitality real estate and the operating businesses inside it.,Nocturne Hospitality; Terrace; Cartwheel; Palmetto Provisions,Cartwheel; Palmetto Provisions,Posted on why grid interconnection queues are the real climate bottleneck.,2025-06-25,https://www.linkedin.com/in/freyarossi
Leah Novak,Granite Row Capital Partners,Managing Partner,leah.novak@graniterow.vc,https://graniterow.vc,Coral Gables,United States,America/New_York,Pre-Seed; Seed,Climate; Energy Storage; Industrial,$100k,$500k,"Hard tech at seed: space, defense and advanced manufacturing.",Pixelforge; Orbital Freight; Loomstack; Ninefold,Loomstack; Pixelforge,Posted on why grid interconnection queues are the real climate bottleneck.,2025-11-13,https://www.linkedin.com/in/leahnovak
Amara Silva,Rivermark Capital,Founding Partner,amara.silva@rivermark.vc,https://rivermark.vc,Seattle,United States,America/Los_Angeles,Series A; Series B,Enterprise SaaS; Security; DevTools,250000,1500000,Enterprise infrastructure and developer tools at seed.,Bluewire; Terrace; Ninefold; Pixelforge,Bluewire; Terrace,Posted on why grid interconnection queues are the real climate bottleneck.,2026-06-07,https://www.linkedin.com/in/amarasilva
Noah Dubois,Pinemark Labs,Partner,noah.dubois@pinemark.vc,https://pinemark.vc,Austin,United States,America/Chicago,Seed; Series A,Crypto; Web3; DeFi,250000,1500000,"Climate infrastructure, with a focus on grid-scale storage.",Loomstack; Pixelforge; Orbital Freight; Ember Grid,Ember Grid; Orbital Freight,Posted on why grid interconnection queues are the real climate bottleneck.,2026-06-28,https://www.linkedin.com/in/noahdubois
Samir Novak,Hollow Creek Capital,Angel / Operator,samir.novak@hollowcreek.vc,https://hollowcreek.vc,Toronto,Canada,America/Toronto,Seed,Ghost Kitchens; Food Delivery; Logistics,$50k,$250k,We fund multi-unit and franchise-ready food concepts that can replicate a playbook across corridors without heavy capex.,Vice City Eats; Second Shift Foods; Late Plate; Brickell Provisions,Late Plate; Vice City Eats,Wrote about packaging as the real product problem in premium delivery.,2026-04-14,https://www.linkedin.com/in/samirnovak
Peter Brenner,Hollow Creek Capital Partners,Principal,peter.brenner@hollowcreek.vc,https://hollowcreek.vc,New York,United States,America/New_York,Seed; Series A,Consumer; DTC; Marketplaces,$100k,$500k,We invest in DTC and consumer brands where the founder owns the customer relationship rather than renting it from a platform.,Corridor Kitchens; Harborline Hospitality; Second Shift Foods; Loomstack,Corridor Kitchens; Loomstack,Posted on why multi-unit food concepts should stop signing restaurant leases.,2026-06-03,https://www.linkedin.com/in/peterbrenner
Iris Weber,Solstice Partners,Managing Partner,iris.weber@solstice.vc,https://solstice.vc,Chicago,United States,America/Chicago,Early Stage,Consumer; DTC; Marketplaces,$1M,$3M,We invest in DTC and consumer brands where the founder owns the customer relationship rather than renting it from a platform.,Ember Grid; Basalt; Cartwheel; Harborline Hospitality,Ember Grid; Cartwheel,Wrote about packaging as the real product problem in premium delivery.,2026-04-05,https://www.linkedin.com/in/irisweber
Jonas Nguyen,Larkspur Ventures,Managing Partner,jonas.nguyen@larkspur.vc,https://larkspur.vc,West Palm Beach,United States,America/New_York,Early Stage,Food & Beverage; Restaurant Tech; Consumer,$500k,$2M,"Early-stage consumer brands with real unit economics. We care about average order value, repeat rate and contribution margin before we care about the story.",Vice City Eats; Second Shift Foods; Coral Way Kitchen; Nocturne Hospitality,Nocturne Hospitality; Vice City Eats,Posted a breakdown of Miami's nightlife spend and who actually captures it.,2026-05-05,https://www.linkedin.com/in/jonasnguyen
Lucas Weber,Alder Partners,GP,lucas.weber@alder.vc,https://alder.vc,San Francisco,United States,America/Los_Angeles,Growth,Enterprise SaaS; Security; DevTools,$500k,$2M,Enterprise infrastructure and developer tools at seed.,Ember Grid; Cartwheel; Basalt; Pixelforge,Basalt; Ember Grid,Posted on why grid interconnection queues are the real climate bottleneck.,2026-04-11,https://www.linkedin.com/in/lucasweber
Tomas Vasquez,Ashford Capital Partners,GP,tomas.vasquez@ashford.vc,https://ashford.vc,Coral Gables,United States,America/New_York,Seed; Series A,Restaurant Technology; Vertical SaaS; Hospitality,$50k,$250k,"Early-stage consumer brands with real unit economics. We care about average order value, repeat rate and contribution margin before we care about the story.",Nightcap Brands; Palmetto Provisions; Brickell Provisions; Vice City Eats,Palmetto Provisions; Nightcap Brands,Posted a breakdown of Miami's nightlife spend and who actually captures it.,2026-04-29,https://www.linkedin.com/in/tomasvasquez
Daniel Nguyen,Halcyon Capital,Partner,daniel.nguyen@halcyon.vc,https://halcyon.vc,West Palm Beach,United States,America/New_York,Growth,Restaurant Technology; Vertical SaaS; Hospitality,$1M,$3M,"Our focus is the restaurant and hospitality stack: delivery, ghost kitchens, virtual brands and the logistics underneath them.",Vice City Eats; Second Shift Foods; Sunbelt Foods; Brickell Provisions,Brickell Provisions; Sunbelt Foods,Blog post on why delivery-first brands beat restaurants that bolt delivery on.,2026-05-09,https://www.linkedin.com/in/danielnguyen
Felix Berger,Windward Partners,Venture Partner,felix.berger@windward.vc,https://windward.vc,Miami Beach,United States,America/New_York,Pre-seed/Seed,Last Mile Logistics; Marketplaces; Consumer,$100k,$500k,Hospitality real estate and the operating businesses inside it.,Orbital Freight; Bluewire; Basalt; Harborline Hospitality,Basalt; Orbital Freight,Podcast appearance on ghost kitchen unit economics and where they break.,2026-03-10,https://www.linkedin.com/in/felixberger
Grace Kowalski,Kestrel Capital Partners,General Partner,grace.kowalski@kestrel.vc,https://kestrel.vc,New York,United States,America/New_York,"seed, series a",Ghost Kitchens; Food Delivery; Logistics,$100k,$500k,"Our focus is the restaurant and hospitality stack: delivery, ghost kitchens, virtual brands and the logistics underneath them.",Sunbelt Foods; Second Shift Foods; Corridor Kitchens; Palmetto Provisions,Corridor Kitchens; Palmetto Provisions,Wrote about why late night is the only daypart still growing for restaurants.,2026-05-24,https://www.linkedin.com/in/gracekowalski
Grace Novak,Lantern Partners,Managing Director,grace.novak@lantern.vc,https://lantern.vc,Singapore,Singapore,Asia/Singapore,Pre-Seed; Seed,Space; Defense; Advanced Manufacturing,$50k,$250k,Enterprise infrastructure and developer tools at seed.,Basalt; Cartwheel; Pixelforge; Terrace,Basalt; Pixelforge,Posted on why grid interconnection queues are the real climate bottleneck.,2026-07-19,https://www.linkedin.com/in/gracenovak
Marcus Berger,Compass Rose Labs,Partner,marcus.berger@compassrose.vc,https://compassrose.vc,Miami Beach,United States,America/New_York,Seed,Consumer Brands; CPG; Food,$250k,$1M,"Early-stage consumer brands with real unit economics. We care about average order value, repeat rate and contribution margin before we care about the story.",Palmetto Provisions; Nocturne Hospitality; Corridor Kitchens; Vice City Eats,Palmetto Provisions; Vice City Eats,Podcast appearance on ghost kitchen unit economics and where they break.,2025-05-26,https://www.linkedin.com/in/marcusberger
Hugo Weber,Quarry Venture Partners,Principal,hugo.weber@quarry.vc,https://quarry.vc,New York,United States,America/New_York,Pre-Seed; Seed,Enterprise SaaS; Security; DevTools,$1M,$3M,Enterprise infrastructure and developer tools at seed.,Bluewire; Orbital Freight; Basalt; Ninefold,Basalt; Ninefold,Published notes on developer tooling consolidation.,2026-02-08,https://www.linkedin.com/in/hugoweber
Talia Tanaka,Vantage Hill Venture Partners,Individual Investor,talia.tanaka@vantagehill.vc,https://vantagehill.vc,Boston,United States,America/New_York,Pre-Seed; Seed,Climate; Energy Storage; Industrial,$500k,$2M,We invest in therapeutics and platform biology.,Ember Grid; Cartwheel; Pixelforge; Terrace,Pixelforge; Cartwheel,Wrote about validator economics and where the fees really go.,2026-03-13,https://www.linkedin.com/in/taliatanaka
Noah Brenner,Beacon Ridge Labs,Angel,noah.brenner@beaconridge.vc,https://beaconridge.vc,New York,United States,America/New_York,"seed, series a",Food & Beverage; Restaurant Tech; Consumer,$50k,$250k,We fund multi-unit and franchise-ready food concepts that can replicate a playbook across corridors without heavy capex.,Second Shift Foods; Brickell Provisions; Nightcap Brands; Harborline Hospitality,Nightcap Brands; Second Shift Foods,Blog post on why delivery-first brands beat restaurants that bolt delivery on.,2025-03-15,https://www.linkedin.com/in/noahbrenner
Arjun Tanaka,Silverline Venture Partners,Founding Partner,arjun.tanaka@silverline.vc,https://silverline.vc,Fort Lauderdale,United States,America/New_York,Early Stage,Consumer; DTC; Marketplaces,$100k,$500k,"Consumer and marketplace businesses at seed, especially last-mile logistics and anything that moves physical goods to a doorstep.",Coral Way Kitchen; Second Shift Foods; Harborline Hospitality; Late Plate,Coral Way Kitchen; Late Plate,Wrote about packaging as the real product problem in premium delivery.,2025-02-26,https://www.linkedin.com/in/arjuntanaka
Marcus Mbeki,Ashford Labs,General Partner,marcus.mbeki@ashford.vc,https://ashford.vc,Fort Lauderdale,United States,America/New_York,Growth,Food & Beverage; Restaurant Tech; Consumer,$100k,$500k,"Early-stage consumer brands with real unit economics. We care about average order value, repeat rate and contribution margin before we care about the story.",Nightcap Brands; Corridor Kitchens; Nocturne Hospitality; Brickell Provisions,Nocturne Hospitality; Nightcap Brands,Podcast appearance on ghost kitchen unit economics and where they break.,2025-07-12,https://www.linkedin.com/in/marcusmbeki
Freya Haddad,Blue Meridian Capital Partners,Associate,freya.haddad@bluemeridian.vc,https://bluemeridian.vc,Chicago,United States,America/Chicago,"seed, series a",Restaurant Technology; Vertical SaaS; Hospitality,250000,1500000,"We back consumer food and beverage brands at pre-seed and seed, with a strong preference for operators who have actually run kitchens.",Brickell Provisions; Sunbelt Foods; Harborline Hospitality; Vice City Eats,Brickell Provisions; Harborline Hospitality,Blog post on why delivery-first brands beat restaurants that bolt delivery on.,2025-08-16,https://www.linkedin.com/in/freyahaddad
Leah Fontaine,Vantage Hill Ventures,Managing Director,leah.fontaine@vantagehill.vc,https://vantagehill.vc,San Francisco,United States,America/Los_Angeles,"seed, series a",Consumer Brands; CPG; Food,$250k,$1M,"We back consumer food and beverage brands at pre-seed and seed, with a strong preference for operators who have actually run kitchens.",Vice City Eats; Harborline Hospitality; Coral Way Kitchen; Second Shift Foods,Harborline Hospitality; Second Shift Foods,Wrote about packaging as the real product problem in premium delivery.,2025-05-13,https://www.linkedin.com/in/leahfontaine
Arjun Osei,Pinemark Partners,General Partner,arjun.osei@pinemark.vc,https://pinemark.vc,Austin,United States,America/Chicago,"seed, series a",Biotech; Therapeutics; Life Sciences,$1M,$3M,Enterprise infrastructure and developer tools at seed.,Loomstack; Pixelforge; Cartwheel; Basalt,Pixelforge; Loomstack,Published notes on developer tooling consolidation.,2026-02-18,https://www.linkedin.com/in/arjunosei
Rosa Weber,Marlow Partners,Angel,rosa.weber@marlow.vc,https://marlow.vc,Coral Gables,United States,America/New_York,Series A; Series B,Biotech; Therapeutics; Life Sciences,$500k,$2M,"Hard tech at seed: space, defense and advanced manufacturing.",Terrace; Cartwheel; Basalt; Ember Grid,Basalt; Ember Grid,Wrote about validator economics and where the fees really go.,2025-12-20,https://www.linkedin.com/in/rosaweber
Ruth Berger,Foundry Row Capital Partners,Managing Director,ruth.berger@foundryrow.vc,https://foundryrow.vc,New York,United States,America/New_York,Seed; Series A,Hospitality; Consumer; Franchise,250000,1500000,"Our focus is the restaurant and hospitality stack: delivery, ghost kitchens, virtual brands and the logistics underneath them.",Second Shift Foods; Coral Way Kitchen; Corridor Kitchens; Nocturne Hospitality,Corridor Kitchens; Second Shift Foods,Wrote about why late night is the only daypart still growing for restaurants.,2026-04-11,https://www.linkedin.com/in/ruthberger
Peter Sharma,Fifth Harbor Labs,Partner,peter.sharma@fifthharbor.vc,https://fifthharbor.vc,West Palm Beach,United States,America/New_York,Growth,Restaurant Technology; Vertical SaaS; Hospitality,$500k,$2M,"We back consumer food and beverage brands at pre-seed and seed, with a strong preference for operators who have actually run kitchens.",Corridor Kitchens; Coral Way Kitchen; Vice City Eats; Sunbelt Foods,Coral Way Kitchen; Sunbelt Foods,Wrote about why late night is the only daypart still growing for restaurants.,2026-06-04,https://www.linkedin.com/in/petersharma
Sofia Novak,Beacon Ridge Ventures,Founding Partner,,https://beaconridge.vc,Miami Beach,United States,America/New_York,Growth,Hospitality; Consumer; Franchise,$500k,$2M,"Early-stage consumer brands with real unit economics. We care about average order value, repeat rate and contribution margin before we care about the story.",Corridor Kitchens; Late Plate; Second Shift Foods; Sunbelt Foods,Late Plate; Sunbelt Foods,Wrote about why late night is the only daypart still growing for restaurants.,2026-07-02,https://www.linkedin.com/in/sofianovak
Leah Mbeki,Lantern Venture Partners,Founding Partner,leah.mbeki@lantern.vc,https://lantern.vc,Seattle,United States,America/Los_Angeles,Pre-seed/Seed,Consumer; DTC; Marketplaces,$250k,$1M,Hospitality real estate and the operating businesses inside it.,Sunbelt Foods; Brickell Provisions; Orbital Freight; Terrace,Sunbelt Foods; Orbital Freight,Wrote about why late night is the only daypart still growing for restaurants.,2025-12-24,https://www.linkedin.com/in/leahmbeki
Felix Costa,Rivermark Partners,Managing Director,felix.costa@rivermark.vc,https://rivermark.vc,San Francisco,United States,America/Los_Angeles,Seed,Climate; Energy Storage; Industrial,$1M,$3M,"Climate infrastructure, with a focus on grid-scale storage.",Bluewire; Loomstack; Orbital Freight; Cartwheel,Bluewire; Orbital Freight,Posted on why grid interconnection queues are the real climate bottleneck.,2025-07-06,https://www.linkedin.com/in/felixcosta
Jonas Tanaka,Quarry Partners,GP,jonas.tanaka@quarry.vc,https://quarry.vc,New York,United States,America/New_York,Growth,Enterprise SaaS; Security; DevTools,$100k,$500k,We invest in therapeutics and platform biology.,Pixelforge; Orbital Freight; Bluewire; Loomstack,Orbital Freight; Loomstack,Wrote about validator economics and where the fees really go.,2026-03-21,https://www.linkedin.com/in/jonastanaka
Kenji Kaur,Copper Beach Capital,GP,kenji.kaur@copperbeach.vc,https://copperbeach.vc,Seattle,United States,America/Los_Angeles,Seed; Series A,Hospitality; Consumer; Franchise,$1M,$3M,"We back consumer food and beverage brands at pre-seed and seed, with a strong preference for operators who have actually run kitchens.",Harborline Hospitality; Sunbelt Foods; Brickell Provisions; Coral Way Kitchen,Brickell Provisions; Sunbelt Foods,Wrote about packaging as the real product problem in premium delivery.,2026-06-03,https://www.linkedin.com/in/kenjikaur
Omar Weber,Quarry Partners,Founding Partner,omar.weber@quarry.vc,https://quarry.vc,New York,United States,America/New_York,Growth,Enterprise SaaS; Security; DevTools,$100k,$500k,We invest in therapeutics and platform biology.,Pixelforge; Orbital Freight; Bluewire; Loomstack,Orbital Freight; Bluewire,Posted on why grid interconnection queues are the real climate bottleneck.,2026-03-20,https://www.linkedin.com/in/omarweber
Samir Iqbal,Grove Lane Venture Partners,Principal,samir.iqbal@grovelane.vc,https://grovelane.vc,Chicago,United States,America/Chicago,Growth,Consumer Fintech; Loyalty; Payments,$250k,$1M,We invest in DTC and consumer brands where the founder owns the customer relationship rather than renting it from a platform.,Pixelforge; Harborline Hospitality; Basalt; Corridor Kitchens,Pixelforge; Basalt,Blog post on why delivery-first brands beat restaurants that bolt delivery on.,2026-02-25,https://www.linkedin.com/in/samiriqbal
Zoe Andersen,Foundry Row Partners,Partner,zoe.andersen@foundryrow.vc,https://foundryrow.vc,Austin,United States,America/Chicago,Seed,Real Estate; Hospitality; PropTech,$500k,$2M,We invest in DTC and consumer brands where the founder owns the customer relationship rather than renting it from a platform.,Ninefold; Orbital Freight; Brickell Provisions; Bluewire,Brickell Provisions; Ninefold,Posted on why multi-unit food concepts should stop signing restaurant leases.,2026-06-03,https://www.linkedin.com/in/zoeandersen
Wei Moreau,Lantern Capital Partners,Venture Partner,wei.moreau@lantern.vc,https://lantern.vc,Coral Gables,United States,America/New_York,Growth,Ghost Kitchens; Food Delivery; Logistics,$1M,$3M,"Early-stage consumer brands with real unit economics. We care about average order value, repeat rate and contribution margin before we care about the story.",Brickell Provisions; Second Shift Foods; Coral Way Kitchen; Sunbelt Foods,Second Shift Foods; Brickell Provisions,Blog post on why delivery-first brands beat restaurants that bolt delivery on.,2026-03-20,https://www.linkedin.com/in/weimoreau
Ivan Ramirez,Silverline Ventures,Founding Partner,ivan.ramirez@silverline.vc,https://silverline.vc,Coral Gables,United States,America/New_York,Early Stage,Food & Beverage; Restaurant Tech; Consumer,250000,1500000,"We back consumer food and beverage brands at pre-seed and seed, with a strong preference for operators who have actually run kitchens.",Brickell Provisions; Sunbelt Foods; Vice City Eats; Corridor Kitchens,Sunbelt Foods; Brickell Provisions,Posted on why multi-unit food concepts should stop signing restaurant leases.,2026-07-04,https://www.linkedin.com/in/ivanramirez
Freya Fontaine,Halcyon Labs,GP,freya.fontaine@halcyon.vc,https://halcyon.vc,London,United Kingdom,Europe/London,Series A; Series B,Biotech; Therapeutics; Life Sciences,$50k,$250k,We invest in therapeutics and platform biology.,Ember Grid; Ninefold; Loomstack; Pixelforge,Loomstack; Ninefold,Wrote about validator economics and where the fees really go.,2026-03-31,https://www.linkedin.com/in/freyafontaine
Elena Vasquez,Marlow Ventures,GP,elena.vasquez@marlow.vc,https://marlow.vc,Coral Gables,United States,America/New_York,Pre-Seed; Seed,Biotech; Therapeutics; Life Sciences,$500k,$2M,"Climate infrastructure, with a focus on grid-scale storage.",Bluewire; Loomstack; Ember Grid; Cartwheel; Local Kitchens,Bluewire; Loomstack,Wrote about validator economics and where the fees really go.,2025-03-17,https://www.linkedin.com/in/elenavasquez
Aisha Osei,Windward Capital Partners,General Partner,aisha.osei@windward.vc,https://windward.vc,Miami Beach,United States,America/New_York,"seed, series a",Last Mile Logistics; Marketplaces; Consumer,250000,1500000,"Consumer and marketplace businesses at seed, especially last-mile logistics and anything that moves physical goods to a doorstep.",Sunbelt Foods; Orbital Freight; Ninefold; Coral Way Kitchen,Coral Way Kitchen; Ninefold,Posted a breakdown of Miami's nightlife spend and who actually captures it.,2026-05-25,https://www.linkedin.com/in/aishaosei
Amara Kaur,Pinemark Venture Partners,Angel / Operator,amara.kaur@pinemark.vc,https://pinemark.vc,Coral Gables,United States,America/New_York,Early Stage,Restaurant Technology; Vertical SaaS; Hospitality,$100k,$500k,"Our focus is the restaurant and hospitality stack: delivery, ghost kitchens, virtual brands and the logistics underneath them.",Vice City Eats; Nightcap Brands; Second Shift Foods; Coral Way Kitchen,Vice City Eats; Coral Way Kitchen,Posted on why multi-unit food concepts should stop signing restaurant leases.,2026-04-05,https://www.linkedin.com/in/amarakaur
Lucas Lindqvist,Two Bridges Partners,Partner,lucas.lindqvist@twobridges.vc,https://twobridges.vc,Miami Beach,United States,America/New_York,Seed; Series A,Crypto; Web3; DeFi,$50k,$250k,We invest in therapeutics and platform biology.,Ember Grid; Pixelforge; Orbital Freight; Loomstack,Loomstack; Orbital Freight,Posted on why grid interconnection queues are the real climate bottleneck.,2025-05-27,https://www.linkedin.com/in/lucaslindqvist
KENJI BRENNER,"Cedar Point Capital, LLC",Founding Partner,kenji.brenner@cedarpoint.vc,https://cedarpoint.vc,Stockholm,Sweden,Europe/Stockholm,Seed,Space; Defense; Advanced Manufacturing,$1M,$3M,"Hard tech at seed: space, defense and advanced manufacturing.",Orbital Freight; Loomstack; Pixelforge; Ember Grid,Orbital Freight; Pixelforge,Posted on why grid interconnection queues are the real climate bottleneck.,2025-08-10,https://www.linkedin.com/in/kenjibrenner
Zoe Sharma,Alder Capital Partners,Managing Partner,hello@alder.vc,https://alder.vc,San Francisco,United States,America/Los_Angeles,Growth,Consumer Brands; CPG; Food,$100k,$500k,"We back consumer food and beverage brands at pre-seed and seed, with a strong preference for operators who have actually run kitchens.",Brickell Provisions; Corridor Kitchens; Late Plate; Palmetto Provisions,Palmetto Provisions; Late Plate,Posted a breakdown of Miami's nightlife spend and who actually captures it.,2026-05-05,https://www.linkedin.com/in/zoesharma
Rosa Nguyen,Fifth Harbor Venture Partners,Partner,rosa.nguyen@fifthharbor.vc,https://fifthharbor.vc,Fort Lauderdale,United States,America/New_York,Early Stage,Consumer Fintech; Loyalty; Payments,250000,1500000,Hospitality real estate and the operating businesses inside it.,Loomstack; Vice City Eats; Bluewire; Orbital Freight,Vice City Eats; Loomstack,Published notes on developer tooling consolidation.,2025-12-04,https://www.linkedin.com/in/rosanguyen
Aisha Iqbal,Fifth Harbor Labs,Managing Director,aisha.iqbal@fifthharbor.vc,https://fifthharbor.vc,West Palm Beach,United States,America/New_York,Growth,Restaurant Technology; Vertical SaaS; Hospitality,$500k,$2M,"We back consumer food and beverage brands at pre-seed and seed, with a strong preference for operators who have actually run kitchens.",Corridor Kitchens; Coral Way Kitchen; Vice City Eats; Sunbelt Foods,Sunbelt Foods; Coral Way Kitchen,Posted on why multi-unit food concepts should stop signing restaurant leases.,2026-01-04,https://www.linkedin.com/in/aishaiqbal
Felix Brenner,Northaven Labs,Talent Partner,felix.brenner@northaven.vc,https://northaven.vc,Fort Lauderdale,United States,America/New_York,Pre-Seed; Seed,Space; Defense; Advanced Manufacturing,$250k,$1M,We invest in crypto protocols and the tooling around them.,Terrace; Basalt; Ember Grid; Ninefold,Terrace; Ninefold,Published notes on developer tooling consolidation.,2025-11-18,https://www.linkedin.com/in/felixbrenner
Wei Haddad,Silverline Venture Partners,Managing Partner,wei.haddad@silverline.vc,https://silverline.vc,Fort Lauderdale,United States,America/New_York,Early Stage,Consumer; DTC; Marketplaces,$100k,$500k,"Consumer and marketplace businesses at seed, especially last-mile logistics and anything that moves physical goods to a doorstep.",Coral Way Kitchen; Second Shift Foods; Harborline Hospitality; Late Plate,Harborline Hospitality; Late Plate,Posted on why grid interconnection queues are the real climate bottleneck.,2026-03-20,https://www.linkedin.com/in/weihaddad
Fatima Fontaine,Northaven Venture Partners,General Partner,fatima.fontaine@northaven.vc,https://northaven.vc,Seattle,United States,America/Los_Angeles,Series A; Series B,Enterprise SaaS; Security; DevTools,$500k,$2M,Enterprise infrastructure and developer tools at seed.,Basalt; Cartwheel; Loomstack; Terrace,Terrace; Basalt,Posted on why grid interconnection queues are the real climate bottleneck.,2026-02-15,https://www.linkedin.com/in/fatimafontaine
Samir Weber,Alder Capital Partners,Founding Partner,samir.weber@alder.vc,https://alder.vc,San Francisco,United States,America/Los_Angeles,Growth,Consumer Brands; CPG; Food,$100k,$500k,"We back consumer food and beverage brands at pre-seed and seed, with a strong preference for operators who have actually run kitchens.",Brickell Provisions; Corridor Kitchens; Late Plate; Palmetto Provisions,Late Plate; Palmetto Provisions,Wrote about packaging as the real product problem in premium delivery.,2026-03-13,https://www.linkedin.com/in/samirweber
Lucas Iqbal,Ashford Partners,Managing Director,lucas.iqbal@ashford.vc,https://ashford.vc,San Francisco,United States,America/Los_Angeles,Growth,Restaurant Technology; Vertical SaaS; Hospitality,250000,1500000,"We back consumer food and beverage brands at pre-seed and seed, with a strong preference for operators who have actually run kitchens.",Palmetto Provisions; Late Plate; Vice City Eats; Nightcap Brands,Palmetto Provisions; Late Plate,Wrote about packaging as the real product problem in premium delivery.,2026-02-17,https://www.linkedin.com/in/lucasiqbal
Lucas Larsen,Alder Capital,General Partner,lucas.larsen@alder.vc,https://alder.vc,Miami,United States,America/New_York,Early Stage,Consumer; DTC; Marketplaces,250000,1500000,Hospitality real estate and the operating businesses inside it.,Second Shift Foods; Brickell Provisions; Basalt; Sunbelt Foods,Sunbelt Foods; Basalt,Podcast appearance on ghost kitchen unit economics and where they break.,2026-06-25,https://www.linkedin.com/in/lucaslarsen
Felix Okafor,Ironwood Capital Partners,Partner,felix.okafor@ironwood.vc,https://ironwood.vc,Fort Lauderdale,United States,America/New_York,Pre-Seed; Seed,Climate; Energy Storage; Industrial,$1M,$3M,We invest in therapeutics and platform biology.,Cartwheel; Bluewire; Ninefold; Ember Grid,Ninefold; Cartwheel,Wrote about validator economics and where the fees really go.,2026-05-24,https://www.linkedin.com/in/felixokafor
Felix Ramirez,Silverline Partners,Analyst,felix.ramirez@silverline.vc,https://silverline.vc,Fort Lauderdale,United States,America/New_York,Pre-Seed; Seed,Biotech; Therapeutics; Life Sciences,$100k,$500k,"Hard tech at seed: space, defense and advanced manufacturing.",Pixelforge; Basalt; Terrace; Ninefold,Ninefold; Pixelforge,Published notes on developer tooling consolidation.,2026-07-03,https://www.linkedin.com/in/felixramirez
Wei Andersen,Ironwood Venture Partners,Angel Investor,wei.andersen@ironwood.vc,https://ironwood.vc,Toronto,Canada,America/Toronto,Seed; Series A,Enterprise SaaS; Security; DevTools,$500k,$2M,Enterprise infrastructure and developer tools at seed.,Pixelforge; Bluewire; Ember Grid; Loomstack,Pixelforge; Loomstack,Posted on why grid interconnection queues are the real climate bottleneck.,2025-12-27,https://www.linkedin.com/in/weiandersen
Noah Baumann,Ashford Venture Partners,Partner,,https://ashford.vc,San Francisco,United States,America/Los_Angeles,Series A; Series B,Climate; Energy Storage; Industrial,$500k,$2M,"Hard tech at seed: space, defense and advanced manufacturing.",Ninefold; Bluewire; Orbital Freight; Ember Grid,Bluewire; Ember Grid,Published notes on developer tooling consolidation.,2026-06-30,https://www.linkedin.com/in/noahbaumann
Clara Chen,Granite Row Capital,Managing Partner,clara.chen@graniterow.vc,https://graniterow.vc,Singapore,Singapore,Asia/Singapore,Pre-seed/Seed,Space; Defense; Advanced Manufacturing,250000,1500000,Enterprise infrastructure and developer tools at seed.,Orbital Freight; Pixelforge; Terrace; Cartwheel,Terrace; Orbital Freight,Posted on why grid interconnection queues are the real climate bottleneck.,2025-09-13,https://www.linkedin.com/in/clarachen
TALIA KAUR,"Compass Rose Partners, LLC",Principal,talia.kaur@compassrose.vc,https://compassrose.vc,Austin,United States,America/Chicago,Series A; Series B,Real Estate; Hospitality; PropTech,250000,1500000,"Consumer and marketplace businesses at seed, especially last-mile logistics and anything that moves physical goods to a doorstep.",Coral Way Kitchen; Bluewire; Vice City Eats; Ninefold,Bluewire; Vice City Eats,Posted a breakdown of Miami's nightlife spend and who actually captures it.,2026-06-12,https://www.linkedin.com/in/taliakaur
Mei Brenner,Ironwood Labs,Individual Investor,mei.brenner@ironwood.vc,https://ironwood.vc,New York,United States,America/New_York,"seed, series a",Real Estate; Hospitality; PropTech,$250k,$1M,Hospitality real estate and the operating businesses inside it.,Corridor Kitchens; Harborline Hospitality; Ember Grid; Brickell Provisions,Corridor Kitchens; Ember Grid,Published notes on developer tooling consolidation.,2026-02-14,https://www.linkedin.com/in/meibrenner
Zoe Fontaine,Granite Row Partners,Managing Director,zoe.fontaine@graniterow.vc,https://graniterow.vc,Chicago,United States,America/Chicago,Seed,Climate; Energy Storage; Industrial,$1M,$3M,We invest in crypto protocols and the tooling around them.,Pixelforge; Ninefold; Orbital Freight; Basalt,Ninefold; Pixelforge,Posted on why grid interconnection queues are the real climate bottleneck.,2026-03-09,https://www.linkedin.com/in/zoefontaine
Ruth Costa,Lantern Ventures,General Partner,ruth.costa@lantern.vc,https://lantern.vc,West Palm Beach,United States,America/New_York,Growth,Hospitality; Consumer; Franchise,250000,1500000,We fund multi-unit and franchise-ready food concepts that can replicate a playbook across corridors without heavy capex.,Sunbelt Foods; Nightcap Brands; Coral Way Kitchen; Nocturne Hospitality,Sunbelt Foods; Coral Way Kitchen,Blog post on why delivery-first brands beat restaurants that bolt delivery on.,2025-09-09,https://www.linkedin.com/in/ruthcosta
Ana Vasquez,Marlow Labs,Angel Investor,ana.vasquez@marlow.vc,https://marlow.vc,Seattle,United States,America/Los_Angeles,Series A; Series B,Climate; Energy Storage; Industrial,$1M,$3M,Enterprise infrastructure and developer tools at seed.,Ember Grid; Ninefold; Cartwheel; Terrace,Ninefold; Terrace,Wrote about validator economics and where the fees really go.,2026-02-25,https://www.linkedin.com/in/anavasquez
Fatima Weber,Longshore Capital Partners,Partner,fatima.weber@longshore.vc,https://longshore.vc,Fort Lauderdale,United States,America/New_York,Pre-Seed; Seed,Real Estate; Hospitality; PropTech,$50k,$250k,"Consumer and marketplace businesses at seed, especially last-mile logistics and anything that moves physical goods to a doorstep.",Harborline Hospitality; Sunbelt Foods; Ninefold; Coral Way Kitchen,Coral Way Kitchen; Harborline Hospitality,Published notes on developer tooling consolidation.,2026-05-23,https://www.linkedin.com/in/fatimaweber
Elena Tanaka,Longshore Capital,Managing Director,elena.tanaka@longshore.vc,https://longshore.vc,Chicago,United States,America/Chicago,Pre-seed/Seed,Food & Beverage; Restaurant Tech; Consumer,250000,1500000,"We back consumer food and beverage brands at pre-seed and seed, with a strong preference for operators who have actually run kitchens.",Corridor Kitchens; Sunbelt Foods; Nightcap Brands; Late Plate,Late Plate; Corridor Kitchens,Wrote about why late night is the only daypart still growing for restaurants.,2025-10-22,https://www.linkedin.com/in/elenatanaka
Amara Alvarez,Northaven Ventures,Founding Partner,amara.alvarez@northaven.vc,https://northaven.vc,Miami,United States,America/New_York,Seed; Series A,Food & Beverage; Restaurant Tech; Consumer,$500k,$2M,"We invest in Miami consumer companies. Nightlife, hospitality and food are the categories this city exports, and we fund founders building in them.",Corridor Kitchens; Palmetto Provisions; Brickell Provisions; Late Plate; Kitchen United,Corridor Kitchens; Kitchen United,Wrote about why late night is the only daypart still growing for restaurants.,2026-05-06,https://www.linkedin.com/in/amaraalvarez
Talia Kaur,Compass Rose Partners,Principal,talia.kaur@compassrose.vc,https://compassrose.vc,Austin,United States,America/Chicago,Series A; Series B,Real Estate; Hospitality; PropTech,250000,1500000,"Consumer and marketplace businesses at seed, especially last-mile logistics and anything that moves physical goods to a doorstep.",Coral Way Kitchen; Bluewire; Vice City Eats; Ninefold,Bluewire; Vice City Eats,Posted a breakdown of Miami's nightlife spend and who actually captures it.,2026-06-12,https://www.linkedin.com/in/taliakaur
Kenji Andersen,Ironwood Ventures,Founding Partner,kenji.andersen@ironwood.vc,https://ironwood.vc,Coral Gables,United States,America/New_York,Growth,Consumer; DTC; Marketplaces,$250k,$1M,"Consumer and marketplace businesses at seed, especially last-mile logistics and anything that moves physical goods to a doorstep.",Sunbelt Foods; Palmetto Provisions; Harborline Hospitality; Cartwheel,Palmetto Provisions; Harborline Hospitality,Blog post on why delivery-first brands beat restaurants that bolt delivery on.,2026-06-15,https://www.linkedin.com/in/kenjiandersen
Freya Kaur,Granite Row Capital,Chief of Staff,freya.kaur@graniterow.vc,https://graniterow.vc,Singapore,Singapore,Asia/Singapore,Pre-seed/Seed,Space; Defense; Advanced Manufacturing,250000,1500000,Enterprise infrastructure and developer tools at seed.,Orbital Freight; Pixelforge; Terrace; Cartwheel,Pixelforge; Terrace,Published notes on developer tooling consolidation.,2026-04-16,https://www.linkedin.com/in/freyakaur
Jonas Brenner,Compass Rose Capital,GP,jonas.brenner@compassrose.vc,https://compassrose.vc,West Palm Beach,United States,America/New_York,"seed, series a",Consumer; DTC; Marketplaces,250000,1500000,Hospitality real estate and the operating businesses inside it.,Loomstack; Cartwheel; Orbital Freight; Bluewire,Loomstack; Cartwheel,Posted a breakdown of Miami's nightlife spend and who actually captures it.,2025-04-23,https://www.linkedin.com/in/jonasbrenner
Sofia Kowalski,Highgate Capital,General Partner,sofia.kowalski@highgate.vc,https://highgate.vc,San Francisco,United States,America/Los_Angeles,Growth,Crypto; Web3; DeFi,$100k,$500k,"Climate infrastructure, with a focus on grid-scale storage.",Orbital Freight; Terrace; Loomstack; Ninefold,Ninefold; Orbital Freight,Wrote about validator economics and where the fees really go.,2025-07-16,https://www.linkedin.com/in/sofiakowalski
Ana Moreau,Tidewater Capital,Individual Investor,ana.moreau@tidewater.vc,https://tidewater.vc,Miami,United States,America/New_York,Series A; Series B,Restaurant Technology; Vertical SaaS; Hospitality,$100k,$500k,"We back consumer food and beverage brands at pre-seed and seed, with a strong preference for operators who have actually run kitchens.",Second Shift Foods; Palmetto Provisions; Corridor Kitchens; Nightcap Brands,Palmetto Provisions; Nightcap Brands,Wrote about why late night is the only daypart still growing for restaurants.,2026-04-10,https://www.linkedin.com/in/anamoreau
Noah Tanaka,Kestrel Venture Partners,Founding Partner,noah.tanaka@kestrel.vc,https://kestrel.vc,Chicago,United States,America/Chicago,Series A; Series B,Space; Defense; Advanced Manufacturing,250000,1500000,Enterprise infrastructure and developer tools at seed.,Cartwheel; Orbital Freight; Pixelforge; Terrace,Terrace; Orbital Freight,Posted on why grid interconnection queues are the real climate bottleneck.,2026-05-05,https://www.linkedin.com/in/noahtanaka
Ruth Farrell,Quarry Labs,GP,ruth.farrell@quarry.vc,https://quarry.vc,Miami,United States,America/New_York,Seed; Series A,Biotech; Therapeutics; Life Sciences,$100k,$500k,We invest in therapeutics and platform biology.,Ember Grid; Loomstack; Basalt; Cartwheel,Cartwheel; Ember Grid,Posted on why grid interconnection queues are the real climate bottleneck.,2025-10-23,https://www.linkedin.com/in/ruthfarrell
Fatima Rossi,Marlow Venture Partners,General Partner,fatima.rossi@marlow.vc,https://marlow.vc,New York,United States,America/New_York,Seed,Restaurant Technology; Vertical SaaS; Hospitality,$1M,$3M,"Early-stage consumer brands with real unit economics. We care about average order value, repeat rate and contribution margin before we care about the story.",Palmetto Provisions; Nocturne Hospitality; Coral Way Kitchen; Corridor Kitchens,Palmetto Provisions; Corridor Kitchens,Posted a breakdown of Miami's nightlife spend and who actually captures it.,2025-05-06,https://www.linkedin.com/in/fatimarossi
Elena Osei,Silverline Capital Partners,Principal,elena.osei@silverline.vc,https://silverline.vc,Coral Gables,United States,America/New_York,Series A; Series B,Food & Beverage; Restaurant Tech; Consumer,$250k,$1M,We fund multi-unit and franchise-ready food concepts that can replicate a playbook across corridors without heavy capex.,Brickell Provisions; Nightcap Brands; Sunbelt Foods; Harborline Hospitality,Nightcap Brands; Harborline Hospitality,Podcast appearance on ghost kitchen unit economics and where they break.,2026-05-09,https://www.linkedin.com/in/elenaosei
Freya Brenner,Compass Rose Venture Partners,Partner,freya.brenner@compassrose.vc,https://compassrose.vc,Fort Lauderdale,United States,America/New_York,Series A; Series B,Enterprise SaaS; Security; DevTools,$250k,$1M,Enterprise infrastructure and developer tools at seed.,Loomstack; Ember Grid; Ninefold; Basalt,Loomstack; Ember Grid,Wrote about validator economics and where the fees really go.,2026-06-23,https://www.linkedin.com/in/freyabrenner
Fatima Mbeki,Foundry Row Venture Partners,Venture Partner,fatima.mbeki@foundryrow.vc,https://foundryrow.vc,Coral Gables,United States,America/New_York,Seed; Series A,Last Mile Logistics; Marketplaces; Consumer,$250k,$1M,"Consumer and marketplace businesses at seed, especially last-mile logistics and anything that moves physical goods to a doorstep.",Loomstack; Ember Grid; Ninefold; Terrace,Loomstack; Ninefold,Posted on why grid interconnection queues are the real climate bottleneck.,2026-03-17,https://www.linkedin.com/in/fatimambeki
Clara Silva,Granite Row Ventures,Individual Investor,clara.silva@graniterow.vc,https://graniterow.vc,Miami,United States,America/New_York,Series A; Series B,Climate; Energy Storage; Industrial,$500k,$2M,We invest in therapeutics and platform biology.,Orbital Freight; Ninefold; Ember Grid; Terrace,Ninefold; Orbital Freight,Published notes on developer tooling consolidation.,2026-05-12,https://www.linkedin.com/in/clarasilva
Wei Novak,Blue Meridian Capital Partners,Angel / Operator,wei.novak@bluemeridian.vc,https://bluemeridian.vc,Chicago,United States,America/Chicago,"seed, series a",Restaurant Technology; Vertical SaaS; Hospitality,250000,1500000,"We back consumer food and beverage brands at pre-seed and seed, with a strong preference for operators who have actually run kitchens.",Brickell Provisions; Sunbelt Foods; Harborline Hospitality; Vice City Eats,Harborline Hospitality; Sunbelt Foods,Posted on why multi-unit food concepts should stop signing restaurant leases.,2026-04-25,https://www.linkedin.com/in/weinovak
Tomas Kaur,Quarry Ventures,Individual Investor,tomas.kaur@quarry.vc,https://quarry.vc,New York,United States,America/New_York,Seed,Consumer; DTC; Marketplaces,$250k,$1M,We invest in DTC and consumer brands where the founder owns the customer relationship rather than renting it from a platform.,Nightcap Brands; Corridor Kitchens; Ember Grid; Second Shift Foods,Second Shift Foods; Corridor Kitchens,Blog post on why delivery-first brands beat restaurants that bolt delivery on.,2026-05-27,https://www.linkedin.com/in/tomaskaur
Lucas Sharma,Cedar Point Capital Partners,Founding Partner,lucas.sharma@cedarpoint.vc,https://cedarpoint.vc,Miami Beach,United States,America/New_York,"seed, series a",Last Mile Logistics; Marketplaces; Consumer,$500k,$2M,We invest in DTC and consumer brands where the founder owns the customer relationship rather than renting it from a platform.,Vice City Eats; Orbital Freight; Ember Grid; Basalt,Ember Grid; Orbital Freight,Wrote about packaging as the real product problem in premium delivery.,2026-04-07,https://www.linkedin.com/in/lucassharma
Ana Dubois,Rivermark Labs,Principal,ana.dubois@rivermark.vc,https://rivermark.vc,Miami,United States,America/New_York,Early Stage,Consumer Fintech; Loyalty; Payments,$500k,$2M,Hospitality real estate and the operating businesses inside it.,Terrace; Loomstack; Late Plate; Vice City Eats,Vice City Eats; Late Plate,Published notes on developer tooling consolidation.,2026-05-11,https://www.linkedin.com/in/anadubois
Kenji Alvarez,Granite Row Ventures,Venture Partner,kenji.alvarez@graniterow.vc,https://graniterow.vc,Miami,United States,America/New_York,Series A; Series B,Climate; Energy Storage; Industrial,$500k,$2M,We invest in therapeutics and platform biology.,Orbital Freight; Ninefold; Ember Grid; Terrace,Terrace; Ninefold,Wrote about validator economics and where the fees really go.,2026-06-08,https://www.linkedin.com/in/kenjialvarez
Ade Vasquez,Beacon Ridge Ventures,Partner,ade.vasquez@beaconridge.vc,https://beaconridge.vc,Miami Beach,United States,America/New_York,Growth,Hospitality; Consumer; Franchise,$500k,$2M,"Early-stage consumer brands with real unit economics. We care about average order value, repeat rate and contribution margin before we care about the story.",Corridor Kitchens; Late Plate; Second Shift Foods; Sunbelt Foods,Corridor Kitchens; Late Plate,Posted a breakdown of Miami's nightlife spend and who actually captures it.,2026-04-02,https://www.linkedin.com/in/adevasquez
Grace Chen,Highgate Capital Partners,Venture Partner,grace.chen@highgate.vc,https://highgate.vc,Boston,United States,America/New_York,Growth,Real Estate; Hospitality; PropTech,$250k,$1M,We invest in DTC and consumer brands where the founder owns the customer relationship rather than renting it from a platform.,Brickell Provisions; Terrace; Coral Way Kitchen; Vice City Eats,Vice City Eats; Coral Way Kitchen,Published notes on developer tooling consolidation.,2026-05-10,https://www.linkedin.com/in/gracechen
Hana Mbeki,Cedar Point Venture Partners,Managing Partner,hana.mbeki@cedarpoint.vc,https://cedarpoint.vc,San Francisco,United States,America/Los_Angeles,Early Stage,Space; Defense; Advanced Manufacturing,$50k,$250k,"Hard tech at seed: space, defense and advanced manufacturing.",Orbital Freight; Ember Grid; Cartwheel; Loomstack,Cartwheel; Orbital Freight,Published notes on developer tooling consolidation.,2025-09-28,https://www.linkedin.com/in/hanambeki
Zoe Ramirez,Kestrel Capital Partners,GP,zoe.ramirez@kestrel.vc,https://kestrel.vc,New York,United States,America/New_York,"seed, series a",Ghost Kitchens; Food Delivery; Logistics,$100k,$500k,"Our focus is the restaurant and hospitality stack: delivery, ghost kitchens, virtual brands and the logistics underneath them.",Sunbelt Foods; Second Shift Foods; Corridor Kitchens; Palmetto Provisions,Corridor Kitchens; Sunbelt Foods,Posted on why multi-unit food concepts should stop signing restaurant leases.,2026-04-10,https://www.linkedin.com/in/zoeramirez
Fatima Dubois,Tidewater Labs,Managing Partner,fatima.dubois@tidewater.vc,https://tidewater.vc,New York,United States,America/New_York,"seed, series a",Hospitality; Consumer; Franchise,$50k,$250k,"We invest in Miami consumer companies. Nightlife, hospitality and food are the categories this city exports, and we fund founders building in them.",Second Shift Foods; Sunbelt Foods; Late Plate; Nocturne Hospitality,Late Plate; Sunbelt Foods,Podcast appearance on ghost kitchen unit economics and where they break.,2026-07-16,https://www.linkedin.com/in/fatimadubois
Jonas Fontaine,Compass Rose Ventures,Managing Partner,jonas.fontaine@compassrose.vc,https://compassrose.vc,Boston,United States,America/New_York,"seed, series a",Hospitality; Consumer; Franchise,$500k,$2M,"Early-stage consumer brands with real unit economics. We care about average order value, repeat rate and contribution margin before we care about the story.",Nightcap Brands; Palmetto Provisions; Coral Way Kitchen; Second Shift Foods,Coral Way Kitchen; Palmetto Provisions,Blog post on why delivery-first brands beat restaurants that bolt delivery on.,2026-03-29,https://www.linkedin.com/in/jonasfontaine
Hana Costa,Cedar Point Labs,Angel / Operator,hana.costa@cedarpoint.vc,https://cedarpoint.vc,San Francisco,United States,America/Los_Angeles,Growth,Hospitality; Consumer; Franchise,$1M,$3M,"We back consumer food and beverage brands at pre-seed and seed, with a strong preference for operators who have actually run kitchens.",Harborline Hospitality; Coral Way Kitchen; Nocturne Hospitality; Palmetto Provisions,Coral Way Kitchen; Nocturne Hospitality,Wrote about why late night is the only daypart still growing for restaurants.,2026-03-19,https://www.linkedin.com/in/hanacosta
Felix Dubois,Alder Ventures,Managing Director,felix.dubois@alder.vc,https://alder.vc,Austin,United States,America/Chicago,Growth,Hospitality; Consumer; Franchise,$500k,$2M,We fund multi-unit and franchise-ready food concepts that can replicate a playbook across corridors without heavy capex.,Brickell Provisions; Coral Way Kitchen; Second Shift Foods; Late Plate,Second Shift Foods; Brickell Provisions,Podcast appearance on ghost kitchen unit economics and where they break.,2026-03-02,https://www.linkedin.com/in/felixdubois
Lucas Dubois,Kestrel Capital,General Partner,lucas.dubois@kestrel.vc,https://kestrel.vc,Boston,United States,America/New_York,Pre-Seed; Seed,Space; Defense; Advanced Manufacturing,$500k,$2M,"Hard tech at seed: space, defense and advanced manufacturing.",Pixelforge; Loomstack; Bluewire; Terrace,Pixelforge; Terrace,Wrote about validator economics and where the fees really go.,2026-03-04,https://www.linkedin.com/in/lucasdubois
Ana Novak,Rivermark Ventures,Managing Partner,ana.novak@rivermark.vc,https://rivermark.vc,Austin,United States,America/Chicago,Seed,Biotech; Therapeutics; Life Sciences,250000,1500000,We invest in therapeutics and platform biology.,Orbital Freight; Pixelforge; Bluewire; Loomstack; Wonder,Wonder; Orbital Freight,Wrote about validator economics and where the fees really go.,2026-06-02,https://www.linkedin.com/in/ananovak
Ruth Larsen,Highgate Labs,Partner,hello@highgate.vc,https://highgate.vc,Miami,United States,America/New_York,Early Stage,Food & Beverage; Restaurant Tech; Consumer,$500k,$2M,"We back consumer food and beverage brands at pre-seed and seed, with a strong preference for operators who have actually run kitchens.",Nightcap Brands; Nocturne Hospitality; Vice City Eats; Corridor Kitchens,Vice City Eats; Nocturne Hospitality,Posted on why multi-unit food concepts should stop signing restaurant leases.,2026-06-16,https://www.linkedin.com/in/ruthlarsen
Ivan Lindqvist,Solstice Capital,Principal,ivan.lindqvist@solstice.vc,https://solstice.vc,Seattle,United States,America/Los_Angeles,Series A; Series B,Climate; Energy Storage; Industrial,$100k,$500k,We invest in crypto protocols and the tooling around them.,Basalt; Ninefold; Bluewire; Cartwheel,Cartwheel; Ninefold,Published notes on developer tooling consolidation.,2026-02-07,https://www.linkedin.com/in/ivanlindqvist
Felix Rossi,Marlow Venture Partners,Managing Director,felix.rossi@marlow.vc,https://marlow.vc,New York,United States,America/New_York,Seed,Restaurant Technology; Vertical SaaS; Hospitality,$1M,$3M,"Early-stage consumer brands with real unit economics. We care about average order value, repeat rate and contribution margin before we care about the story.",Palmetto Provisions; Nocturne Hospitality; Coral Way Kitchen; Corridor Kitchens,Palmetto Provisions; Coral Way Kitchen,Wrote about packaging as the real product problem in premium delivery.,2026-04-26,https://www.linkedin.com/in/felixrossi
Kenji Moreau,Grove Lane Partners,Principal,kenji.moreau@grovelane.vc,https://grovelane.vc,Coral Gables,United States,America/New_York,Pre-seed/Seed,Consumer Fintech; Loyalty; Payments,$1M,$3M,Hospitality real estate and the operating businesses inside it.,Harborline Hospitality; Palmetto Provisions; Vice City Eats; Nocturne Hospitality,Harborline Hospitality; Palmetto Provisions,Published notes on developer tooling consolidation.,2026-02-11,https://www.linkedin.com/in/kenjimoreau
Peter Kowalski,Beacon Ridge Labs,Principal,peter.kowalski@beaconridge.vc,https://beaconridge.vc,New York,United States,America/New_York,"seed, series a",Food & Beverage; Restaurant Tech; Consumer,$50k,$250k,We fund multi-unit and franchise-ready food concepts that can replicate a playbook across corridors without heavy capex.,Second Shift Foods; Brickell Provisions; Nightcap Brands; Harborline Hospitality,Harborline Hospitality; Second Shift Foods,Podcast appearance on ghost kitchen unit economics and where they break.,2026-03-06,https://www.linkedin.com/in/peterkowalski
Aisha Ramirez,Longshore Capital Partners,Principal,aisha.ramirez@longshore.vc,https://longshore.vc,Fort Lauderdale,United States,America/New_York,Pre-Seed; Seed,Real Estate; Hospitality; PropTech,$50k,$250k,"Consumer and marketplace businesses at seed, especially last-mile logistics and anything that moves physical goods to a doorstep.",Harborline Hospitality; Sunbelt Foods; Ninefold; Coral Way Kitchen,Harborline Hospitality; Sunbelt Foods,Posted on why multi-unit food concepts should stop signing restaurant leases.,2026-02-18,https://www.linkedin.com/in/aisharamirez
Nils Kowalski,Fifth Harbor Partners,GP,nils.kowalski@fifthharbor.vc,https://fifthharbor.vc,Miami Beach,United States,America/New_York,Seed,Restaurant Technology; Vertical SaaS; Hospitality,$100k,$500k,"We back consumer food and beverage brands at pre-seed and seed, with a strong preference for operators who have actually run kitchens.",Sunbelt Foods; Nocturne Hospitality; Late Plate; Coral Way Kitchen,Coral Way Kitchen; Nocturne Hospitality,Posted a breakdown of Miami's nightlife spend and who actually captures it.,2025-05-28,https://www.linkedin.com/in/nilskowalski
Omar Baumann,Grove Lane Capital,Partner,omar.baumann@grovelane.vc,https://grovelane.vc,Austin,United States,America/Chicago,Pre-Seed; Seed,Consumer Brands; CPG; Food,$250k,$1M,"We invest in Miami consumer companies. Nightlife, hospitality and food are the categories this city exports, and we fund founders building in them.",Late Plate; Harborline Hospitality; Vice City Eats; Nocturne Hospitality,Late Plate; Harborline Hospitality,Podcast appearance on ghost kitchen unit economics and where they break.,2026-05-15,https://www.linkedin.com/in/omarbaumann
Arjun Andersen,Kestrel Ventures,Venture Partner,arjun.andersen@kestrel.vc,https://kestrel.vc,Miami Beach,United States,America/New_York,Seed,Food & Beverage; Restaurant Tech; Consumer,$250k,$1M,"Early-stage consumer brands with real unit economics. We care about average order value, repeat rate and contribution margin before we care about the story.",Vice City Eats; Sunbelt Foods; Late Plate; Brickell Provisions,Sunbelt Foods; Late Plate,Posted on why multi-unit food concepts should stop signing restaurant leases.,2025-07-23,https://www.linkedin.com/in/arjunandersen
Zoe Larsen,Alder Partners,GP,zoe.larsen@alder.vc,https://alder.vc,San Francisco,United States,America/Los_Angeles,Growth,Enterprise SaaS; Security; DevTools,$500k,$2M,Enterprise infrastructure and developer tools at seed.,Ember Grid; Cartwheel; Basalt; Pixelforge,Pixelforge; Ember Grid,Published notes on developer tooling consolidation.,2026-02-23,https://www.linkedin.com/in/zoelarsen
Mei Osei,Compass Rose Capital Partners,Managing Director,mei.osei@compassrose.vc,https://compassrose.vc,Coral Gables,United States,America/New_York,Growth,Restaurant Technology; Vertical SaaS; Hospitality,$1M,$3M,We fund multi-unit and franchise-ready food concepts that can replicate a playbook across corridors without heavy capex.,Brickell Provisions; Nocturne Hospitality; Palmetto Provisions; Nightcap Brands,Nightcap Brands; Palmetto Provisions,Blog post on why delivery-first brands beat restaurants that bolt delivery on.,2026-05-12,https://www.linkedin.com/in/meiosei
Hana Haddad,Solstice Venture Partners,Managing Partner,hana.haddad@solstice.vc,https://solstice.vc,Seattle,United States,America/Los_Angeles,Seed,Enterprise SaaS; Security; DevTools,250000,1500000,"Hard tech at seed: space, defense and advanced manufacturing.",Ember Grid; Ninefold; Basalt; Loomstack,Loomstack; Ember Grid,Wrote about validator economics and where the fees really go.,2026-07-04,https://www.linkedin.com/in/hanahaddad
Grace Costa,Granite Row Partners,Founding Partner,grace.costa@graniterow.vc,https://graniterow.vc,Chicago,United States,America/Chicago,Seed,Climate; Energy Storage; Industrial,$1M,$3M,We invest in crypto protocols and the tooling around them.,Pixelforge; Ninefold; Orbital Freight; Basalt,Ninefold; Orbital Freight,Wrote about validator economics and where the fees really go.,2026-03-22,https://www.linkedin.com/in/gracecosta
Nils Baumann,Granite Row Capital Partners,Managing Partner,nils.baumann@graniterow.vc,https://graniterow.vc,Coral Gables,United States,America/New_York,Pre-Seed; Seed,Climate; Energy Storage; Industrial,$100k,$500k,"Hard tech at seed: space, defense and advanced manufacturing.",Pixelforge; Orbital Freight; Loomstack; Ninefold,Pixelforge; Loomstack,Posted on why grid interconnection queues are the real climate bottleneck.,2025-03-16,https://www.linkedin.com/in/nilsbaumann
Kenji Chen,Windward Capital Partners,Managing Director,kenji.chen@windward.vc,https://windward.vc,Miami Beach,United States,America/New_York,"seed, series a",Last Mile Logistics; Marketplaces; Consumer,250000,1500000,"Consumer and marketplace businesses at seed, especially last-mile logistics and anything that moves physical goods to a doorstep.",Sunbelt Foods; Orbital Freight; Ninefold; Coral Way Kitchen,Sunbelt Foods; Orbital Freight,Posted on why multi-unit food concepts should stop signing restaurant leases.,2025-05-07,https://www.linkedin.com/in/kenjichen
Jonas Kaur,Two Bridges Capital,Angel / Operator,jonas.kaur@twobridges.vc,https://twobridges.vc,Singapore,Singapore,Asia/Singapore,Seed; Series A,Biotech; Therapeutics; Life Sciences,$50k,$250k,We invest in crypto protocols and the tooling around them.,Ninefold; Pixelforge; Basalt; Orbital Freight,Basalt; Pixelforge,Wrote about validator economics and where the fees really go.,2025-04-30,https://www.linkedin.com/in/jonaskaur
Sofia Lindqvist,Beacon Ridge Capital Partners,Partner,sofia.lindqvist@beaconridge.vc,https://beaconridge.vc,Miami,United States,America/New_York,Growth,Hospitality; Consumer; Franchise,$1M,$3M,"Early-stage consumer brands with real unit economics. We care about average order value, repeat rate and contribution margin before we care about the story.",Harborline Hospitality; Vice City Eats; Coral Way Kitchen; Late Plate,Harborline Hospitality; Coral Way Kitchen,Wrote about packaging as the real product problem in premium delivery.,2026-03-31,https://www.linkedin.com/in/sofialindqvist
Omar Tanaka,Grove Lane Labs,Angel Investor,omar.tanaka@grovelane.vc,https://grovelane.vc,Fort Lauderdale,United States,America/New_York,Seed; Series A,Last Mile Logistics; Marketplaces; Consumer,$100k,$500k,We invest in DTC and consumer brands where the founder owns the customer relationship rather than renting it from a platform.,Late Plate; Coral Way Kitchen; Cartwheel; Vice City Eats,Vice City Eats; Coral Way Kitchen,Podcast appearance on ghost kitchen unit economics and where they break.,2025-04-29,https://www.linkedin.com/in/omartanaka
Hugo Chen,Halcyon Capital,Managing Partner,hugo.chen@halcyon.vc,https://halcyon.vc,West Palm Beach,United States,America/New_York,Growth,Restaurant Technology; Vertical SaaS; Hospitality,$1M,$3M,"Our focus is the restaurant and hospitality stack: delivery, ghost kitchens, virtual brands and the logistics underneath them.",Vice City Eats; Second Shift Foods; Sunbelt Foods; Brickell Provisions,Vice City Eats; Sunbelt Foods,Posted on why multi-unit food concepts should stop signing restaurant leases.,2026-05-06,https://www.linkedin.com/in/hugochen
Felix Nguyen,Highgate Labs,Founding Partner,felix.nguyen@highgate.vc,https://highgate.vc,Miami,United States,America/New_York,Early Stage,Food & Beverage; Restaurant Tech; Consumer,$500k,$2M,"We back consumer food and beverage brands at pre-seed and seed, with a strong preference for operators who have actually run kitchens.",Nightcap Brands; Nocturne Hospitality; Vice City Eats; Corridor Kitchens,Vice City Eats; Nightcap Brands,Wrote about why late night is the only daypart still growing for restaurants.,2026-05-29,https://www.linkedin.com/in/felixnguyen
Wei Fontaine,Larkspur Venture Partners,GP,wei.fontaine@larkspur.vc,https://larkspur.vc,San Francisco,United States,America/Los_Angeles,Seed; Series A,Climate; Energy Storage; Industrial,$1M,$3M,We invest in therapeutics and platform biology.,Terrace; Basalt; Ember Grid; Loomstack,Basalt; Ember Grid,Posted on why grid interconnection queues are the real climate bottleneck.,2025-10-19,https://www.linkedin.com/in/weifontaine
Omar Vasquez,Hollow Creek Labs,Principal,omar.vasquez@hollowcreek.vc,https://hollowcreek.vc,Chicago,United States,America/Chicago,Seed,Consumer Fintech; Loyalty; Payments,$250k,$1M,Hospitality real estate and the operating businesses inside it.,Palmetto Provisions; Terrace; Sunbelt Foods; Basalt,Basalt; Sunbelt Foods,Wrote about packaging as the real product problem in premium delivery.,2026-06-17,https://www.linkedin.com/in/omarvasquez
Nils Haddad,Grove Lane Capital Partners,Venture Partner,nils.haddad@grovelane.vc,https://grovelane.vc,West Palm Beach,United States,America/New_York,Series A; Series B,Ghost Kitchens; Food Delivery; Logistics,$50k,$250k,"We invest in Miami consumer companies. Nightlife, hospitality and food are the categories this city exports, and we fund founders building in them.",Sunbelt Foods; Corridor Kitchens; Vice City Eats; Nocturne Hospitality,Vice City Eats; Corridor Kitchens,Posted on why multi-unit food concepts should stop signing restaurant leases.,2026-05-11,https://www.linkedin.com/in/nilshaddad
Mei Sharma,Beacon Ridge Capital Partners,GP,mei.sharma@beaconridge.vc,https://beaconridge.vc,Miami,United States,America/New_York,Growth,Hospitality; Consumer; Franchise,$1M,$3M,"Early-stage consumer brands with real unit economics. We care about average order value, repeat rate and contribution margin before we care about the story.",Harborline Hospitality; Vice City Eats; Coral Way Kitchen; Late Plate,Vice City Eats; Harborline Hospitality,Wrote about packaging as the real product problem in premium delivery.,2025-11-30,https://www.linkedin.com/in/meisharma
Sofia Petrov,Granite Row Capital,General Partner,sofia.petrov@graniterow.vc,https://graniterow.vc,Singapore,Singapore,Asia/Singapore,Pre-seed/Seed,Space; Defense; Advanced Manufacturing,250000,1500000,Enterprise infrastructure and developer tools at seed.,Orbital Freight; Pixelforge; Terrace; Cartwheel,Pixelforge; Terrace,Posted on why grid interconnection queues are the real climate bottleneck.,2026-07-19,https://www.linkedin.com/in/sofiapetrov
Lucas Kowalski,Windward Venture Partners,Venture Partner,lucas.kowalski@windward.vc,https://windward.vc,Seattle,United States,America/Los_Angeles,Early Stage,Ghost Kitchens; Food Delivery; Logistics,$500k,$2M,"We back consumer food and beverage brands at pre-seed and seed, with a strong preference for operators who have actually run kitchens.",Coral Way Kitchen; Harborline Hospitality; Nightcap Brands; Palmetto Provisions,Palmetto Provisions; Nightcap Brands,Posted a breakdown of Miami's nightlife spend and who actually captures it.,2025-05-30,https://www.linkedin.com/in/lucaskowalski
Omar Rossi,Ashford Capital Partners,General Partner,omar.rossi@ashford.vc,https://ashford.vc,Coral Gables,United States,America/New_York,Seed; Series A,Restaurant Technology; Vertical SaaS; Hospitality,$50k,$250k,"Early-stage consumer brands with real unit economics. We care about average order value, repeat rate and contribution margin before we care about the story.",Nightcap Brands; Palmetto Provisions; Brickell Provisions; Vice City Eats,Vice City Eats; Nightcap Brands,Wrote about why late night is the only daypart still growing for restaurants.,2025-08-03,https://www.linkedin.com/in/omarrossi
Rosa Ramirez,Beacon Ridge Ventures,Angel / Operator,rosa.ramirez@beaconridge.vc,https://beaconridge.vc,Miami Beach,United States,America/New_York,Growth,Hospitality; Consumer; Franchise,$500k,$2M,"Early-stage consumer brands with real unit economics. We care about average order value, repeat rate and contribution margin before we care about the story.",Corridor Kitchens; Late Plate; Second Shift Foods; Sunbelt Foods,Second Shift Foods; Late Plate,Posted a breakdown of Miami's nightlife spend and who actually captures it.,2025-04-04,https://www.linkedin.com/in/rosaramirez
Hana Okafor,Ironwood Capital Partners,Partner,hana.okafor@ironwood.vc,https://ironwood.vc,Fort Lauderdale,United States,America/New_York,Pre-Seed; Seed,Climate; Energy Storage; Industrial,$1M,$3M,We invest in therapeutics and platform biology.,Cartwheel; Bluewire; Ninefold; Ember Grid,Cartwheel; Bluewire,Published notes on developer tooling consolidation.,2026-07-05,https://www.linkedin.com/in/hanaokafor
Jonas Haddad,Granite Row Venture Partners,General Partner,jonas.haddad@graniterow.vc,https://graniterow.vc,Berlin,Germany,Europe/Berlin,"seed, series a",Biotech; Therapeutics; Life Sciences,250000,1500000,"Climate infrastructure, with a focus on grid-scale storage.",Orbital Freight; Ember Grid; Loomstack; Basalt,Basalt; Orbital Freight,Wrote about validator economics and where the fees really go.,2025-08-08,https://www.linkedin.com/in/jonashaddad
Ravi Osei,Compass Rose Ventures,Talent Partner,ravi.osei@compassrose.vc,https://compassrose.vc,Boston,United States,America/New_York,"seed, series a",Hospitality; Consumer; Franchise,$500k,$2M,"Early-stage consumer brands with real unit economics. We care about average order value, repeat rate and contribution margin before we care about the story.",Nightcap Brands; Palmetto Provisions; Coral Way Kitchen; Second Shift Foods,Coral Way Kitchen; Palmetto Provisions,Posted on why multi-unit food concepts should stop signing restaurant leases.,2026-05-09,https://www.linkedin.com/in/raviosei
Samir Silva,Highgate Capital,Partner,samir.silva@highgate.vc,https://highgate.vc,San Francisco,United States,America/Los_Angeles,Growth,Crypto; Web3; DeFi,$100k,$500k,"Climate infrastructure, with a focus on grid-scale storage.",Orbital Freight; Terrace; Loomstack; Ninefold,Ninefold; Loomstack,Wrote about validator economics and where the fees really go.,2026-04-24,https://www.linkedin.com/in/samirsilva
Freya Mbeki,Larkspur Capital,Managing Partner,freya.mbeki@larkspur.vc,https://larkspur.vc,San Francisco,United States,America/Los_Angeles,"seed, series a",Hospitality; Consumer; Franchise,250000,1500000,"Our focus is the restaurant and hospitality stack: delivery, ghost kitchens, virtual brands and the logistics underneath them.",Coral Way Kitchen; Brickell Provisions; Sunbelt Foods; Corridor Kitchens,Sunbelt Foods; Corridor Kitchens,Posted a breakdown of Miami's nightlife spend and who actually captures it.,2026-03-31,https://www.linkedin.com/in/freyambeki
Diego Nguyen,Foundry Row Ventures,Angel,diego.nguyen@foundryrow.vc,https://foundryrow.vc,Fort Lauderdale,United States,America/New_York,Pre-seed/Seed,Biotech; Therapeutics; Life Sciences,$250k,$1M,We invest in crypto protocols and the tooling around them.,Basalt; Orbital Freight; Ember Grid; Cartwheel; Nextbite,Nextbite; Cartwheel,Published notes on developer tooling consolidation.,2025-07-04,https://www.linkedin.com/in/diegonguyen
Omar Okafor,Windward Ventures,Venture Partner,omar.okafor@windward.vc,https://windward.vc,Coral Gables,United States,America/New_York,Pre-seed/Seed,Climate; Energy Storage; Industrial,$50k,$250k,We invest in crypto protocols and the tooling around them.,Basalt; Orbital Freight; Ember Grid; Loomstack; CloudKitchens,CloudKitchens; Basalt,Published notes on developer tooling consolidation.,2026-02-20,https://www.linkedin.com/in/omarokafor
Rosa Kowalski,Tidewater Partners,Partner,hello@tidewater.vc,https://tidewater.vc,New York,United States,America/New_York,"seed, series a",Enterprise SaaS; Security; DevTools,$50k,$250k,We invest in crypto protocols and the tooling around them.,Pixelforge; Bluewire; Terrace; Ember Grid,Pixelforge; Terrace,Published notes on developer tooling consolidation.,2026-02-17,https://www.linkedin.com/in/rosakowalski
Talia Fontaine,Pinemark Labs,Angel,talia.fontaine@pinemark.vc,https://pinemark.vc,Austin,United States,America/Chicago,Seed; Series A,Crypto; Web3; DeFi,250000,1500000,"Climate infrastructure, with a focus on grid-scale storage.",Loomstack; Pixelforge; Orbital Freight; Ember Grid,Loomstack; Pixelforge,Published notes on developer tooling consolidation.,2026-06-01,https://www.linkedin.com/in/taliafontaine
Ravi Baumann,Marlow Ventures,Managing Director,ravi.baumann@marlow.vc,https://marlow.vc,Coral Gables,United States,America/New_York,Pre-Seed; Seed,Biotech; Therapeutics; Life Sciences,$500k,$2M,"Climate infrastructure, with a focus on grid-scale storage.",Bluewire; Loomstack; Ember Grid; Cartwheel; Local Kitchens,Local Kitchens; Ember Grid,Wrote about validator economics and where the fees really go.,2026-04-05,https://www.linkedin.com/in/ravibaumann
Aisha Baumann,Hollow Creek Capital Partners,Founding Partner,aisha.baumann@hollowcreek.vc,https://hollowcreek.vc,New York,United States,America/New_York,Seed; Series A,Consumer; DTC; Marketplaces,$100k,$500k,We invest in DTC and consumer brands where the founder owns the customer relationship rather than renting it from a platform.,Corridor Kitchens; Harborline Hospitality; Second Shift Foods; Loomstack,Second Shift Foods; Harborline Hospitality,Podcast appearance on ghost kitchen unit economics and where they break.,2025-03-26,https://www.linkedin.com/in/aishabaumann
Nadia Vasquez,Alder Labs,Individual Investor,nadia.vasquez@alder.vc,https://alder.vc,San Francisco,United States,America/Los_Angeles,Pre-Seed; Seed,Ghost Kitchens; Food Delivery; Logistics,$1M,$3M,We fund multi-unit and franchise-ready food concepts that can replicate a playbook across corridors without heavy capex.,Coral Way Kitchen; Corridor Kitchens; Vice City Eats; Harborline Hospitality,Coral Way Kitchen; Vice City Eats,Blog post on why delivery-first brands beat restaurants that bolt delivery on.,2026-02-26,https://www.linkedin.com/in/nadiavasquez
Priya Andersen,Silverline Venture Partners,Founding Partner,priya.andersen@silverline.vc,https://silverline.vc,Fort Lauderdale,United States,America/New_York,Early Stage,Consumer; DTC; Marketplaces,$100k,$500k,"Consumer and marketplace businesses at seed, especially last-mile logistics and anything that moves physical goods to a doorstep.",Coral Way Kitchen; Second Shift Foods; Harborline Hospitality; Late Plate,Second Shift Foods; Harborline Hospitality,Posted on why multi-unit food concepts should stop signing restaurant leases.,2026-03-15,https://www.linkedin.com/in/priyaandersen
Yara Rossi,Silverline Labs,Managing Director,yara.rossi@silverline.vc,https://silverline.vc,Chicago,United States,America/Chicago,Early Stage,Space; Defense; Advanced Manufacturing,$1M,$3M,"Climate infrastructure, with a focus on grid-scale storage.",Orbital Freight; Ninefold; Ember Grid; Loomstack,Loomstack; Ninefold,Posted on why grid interconnection queues are the real climate bottleneck.,2026-04-04,https://www.linkedin.com/in/yararossi
Omar Silva,Ashford Ventures,General Partner,omar.silva@ashford.vc,https://ashford.vc,London,United Kingdom,Europe/London,"seed, series a",Climate; Energy Storage; Industrial,$1M,$3M,We invest in therapeutics and platform biology.,Loomstack; Terrace; Basalt; Ninefold,Ninefold; Terrace,Wrote about validator economics and where the fees really go.,2026-05-23,https://www.linkedin.com/in/omarsilva
Omar Mbeki,Larkspur Ventures,Angel / Operator,omar.mbeki@larkspur.vc,https://larkspur.vc,West Palm Beach,United States,America/New_York,Early Stage,Food & Beverage; Restaurant Tech; Consumer,$500k,$2M,"Early-stage consumer brands with real unit economics. We care about average order value, repeat rate and contribution margin before we care about the story.",Vice City Eats; Second Shift Foods; Coral Way Kitchen; Nocturne Hospitality,Vice City Eats; Nocturne Hospitality,Blog post on why delivery-first brands beat restaurants that bolt delivery on.,2025-08-24,https://www.linkedin.com/in/omarmbeki
Ade Rossi,Northaven Partners,Venture Partner,ade.rossi@northaven.vc,https://northaven.vc,Chicago,United States,America/Chicago,Seed,Food & Beverage; Restaurant Tech; Consumer,250000,1500000,"We back consumer food and beverage brands at pre-seed and seed, with a strong preference for operators who have actually run kitchens.",Vice City Eats; Nightcap Brands; Second Shift Foods; Palmetto Provisions,Second Shift Foods; Nightcap Brands,Wrote about why late night is the only daypart still growing for restaurants.,2025-06-03,https://www.linkedin.com/in/aderossi
Priya Vasquez,Highgate Labs,Founding Partner,priya.vasquez@highgate.vc,https://highgate.vc,Miami,United States,America/New_York,Early Stage,Food & Beverage; Restaurant Tech; Consumer,$500k,$2M,"We back consumer food and beverage brands at pre-seed and seed, with a strong preference for operators who have actually run kitchens.",Nightcap Brands; Nocturne Hospitality; Vice City Eats; Corridor Kitchens,Vice City Eats; Corridor Kitchens,Posted on why multi-unit food concepts should stop signing restaurant leases.,2026-07-02,https://www.linkedin.com/in/priyavasquez
Priya Dubois,Vantage Hill Venture Partners,GP,priya.dubois@vantagehill.vc,https://vantagehill.vc,Boston,United States,America/New_York,Pre-Seed; Seed,Climate; Energy Storage; Industrial,$500k,$2M,We invest in therapeutics and platform biology.,Ember Grid; Cartwheel; Pixelforge; Terrace,Terrace; Pixelforge,Published notes on developer tooling consolidation.,2025-10-19,https://www.linkedin.com/in/priyadubois
Mei Fontaine,Lantern Capital,Principal,mei.fontaine@lantern.vc,https://lantern.vc,West Palm Beach,United States,America/New_York,Growth,Climate; Energy Storage; Industrial,$1M,$3M,Enterprise infrastructure and developer tools at seed.,Cartwheel; Pixelforge; Basalt; Ember Grid,Cartwheel; Basalt,Posted on why grid interconnection queues are the real climate bottleneck.,2025-07-28,https://www.linkedin.com/in/meifontaine
Diego Vasquez,Pinemark Ventures,Head of Platform,diego.vasquez@pinemark.vc,https://pinemark.vc,London,United Kingdom,Europe/London,Seed; Series A,Consumer Fintech; Loyalty; Payments,$500k,$2M,"Consumer and marketplace businesses at seed, especially last-mile logistics and anything that moves physical goods to a doorstep.",Bluewire; Late Plate; Coral Way Kitchen; Nightcap Brands,Late Plate; Coral Way Kitchen,Posted on why multi-unit food concepts should stop signing restaurant leases.,2026-02-20,https://www.linkedin.com/in/diegovasquez
Omar Osei,Ironwood Venture Partners,Managing Partner,omar.osei@ironwood.vc,https://ironwood.vc,Toronto,Canada,America/Toronto,Seed; Series A,Enterprise SaaS; Security; DevTools,$500k,$2M,Enterprise infrastructure and developer tools at seed.,Pixelforge; Bluewire; Ember Grid; Loomstack,Ember Grid; Pixelforge,Posted on why grid interconnection queues are the real climate bottleneck.,2025-05-29,https://www.linkedin.com/in/omarosei
Peter Alvarez,Rivermark Venture Partners,Managing Director,peter.alvarez@rivermark.vc,https://rivermark.vc,West Palm Beach,United States,America/New_York,Growth,Consumer; DTC; Marketplaces,$50k,$250k,Hospitality real estate and the operating businesses inside it.,Brickell Provisions; Loomstack; Ninefold; Late Plate,Ninefold; Late Plate,Published notes on developer tooling consolidation.,2025-12-01,https://www.linkedin.com/in/peteralvarez
Ade Novak,Lantern Labs,General Partner,ade.novak@lantern.vc,https://lantern.vc,Fort Lauderdale,United States,America/New_York,Growth,Food & Beverage; Restaurant Tech; Consumer,$100k,$500k,"We back consumer food and beverage brands at pre-seed and seed, with a strong preference for operators who have actually run kitchens.",Vice City Eats; Brickell Provisions; Corridor Kitchens; Sunbelt Foods; Wonder,Wonder; Corridor Kitchens,Podcast appearance on ghost kitchen unit economics and where they break.,2025-10-26,https://www.linkedin.com/in/adenovak
Nils Vasquez,Solstice Labs,Venture Partner,nils.vasquez@solstice.vc,https://solstice.vc,Miami,United States,America/New_York,Seed; Series A,Space; Defense; Advanced Manufacturing,$1M,$3M,We invest in therapeutics and platform biology.,Orbital Freight; Ninefold; Pixelforge; Loomstack,Orbital Freight; Pixelforge,Published notes on developer tooling consolidation.,2026-04-22,https://www.linkedin.com/in/nilsvasquez
Nils Farrell,Beacon Ridge Partners,Individual Investor,nils.farrell@beaconridge.vc,https://beaconridge.vc,Fort Lauderdale,United States,America/New_York,Pre-seed/Seed,Hospitality; Consumer; Franchise,$1M,$3M,We fund multi-unit and franchise-ready food concepts that can replicate a playbook across corridors without heavy capex.,Nocturne Hospitality; Palmetto Provisions; Late Plate; Coral Way Kitchen,Nocturne Hospitality; Coral Way Kitchen,Wrote about packaging as the real product problem in premium delivery.,2026-06-21,https://www.linkedin.com/in/nilsfarrell
Samir Alvarez,Ashford Ventures,Analyst,samir.alvarez@ashford.vc,https://ashford.vc,London,United Kingdom,Europe/London,"seed, series a",Climate; Energy Storage; Industrial,$1M,$3M,We invest in therapeutics and platform biology.,Loomstack; Terrace; Basalt; Ninefold,Basalt; Terrace,Published notes on developer tooling consolidation.,2026-03-06,https://www.linkedin.com/in/samiralvarez
Zoe Dubois,Two Bridges Labs,Angel Investor,zoe.dubois@twobridges.vc,https://twobridges.vc,Austin,United States,America/Chicago,Pre-Seed; Seed,Consumer Fintech; Loyalty; Payments,$500k,$2M,Hospitality real estate and the operating businesses inside it.,Coral Way Kitchen; Second Shift Foods; Ember Grid; Loomstack,Ember Grid; Coral Way Kitchen,Posted a breakdown of Miami's nightlife spend and who actually captures it.,2026-02-07,https://www.linkedin.com/in/zoedubois
Talia Kowalski,Blue Meridian Labs,GP,talia.kowalski@bluemeridian.vc,https://bluemeridian.vc,New York,United States,America/New_York,"seed, series a",Food & Beverage; Restaurant Tech; Consumer,250000,1500000,"We invest in Miami consumer companies. Nightlife, hospitality and food are the categories this city exports, and we fund founders building in them.",Late Plate; Vice City Eats; Second Shift Foods; Nocturne Hospitality,Late Plate; Vice City Eats,Posted a breakdown of Miami's nightlife spend and who actually captures it.,2025-04-05,https://www.linkedin.com/in/taliakowalski
Rosa Berger,Larkspur Partners,Partner,rosa.berger@larkspur.vc,https://larkspur.vc,Singapore,Singapore,Asia/Singapore,"seed, series a",Space; Defense; Advanced Manufacturing,$100k,$500k,"Hard tech at seed: space, defense and advanced manufacturing.",Loomstack; Bluewire; Cartwheel; Terrace,Loomstack; Terrace,Posted on why grid interconnection queues are the real climate bottleneck.,2026-05-09,https://www.linkedin.com/in/rosaberger
Ruth Sharma,Lantern Partners,General Partner,ruth.sharma@lantern.vc,https://lantern.vc,Singapore,Singapore,Asia/Singapore,Pre-Seed; Seed,Space; Defense; Advanced Manufacturing,$50k,$250k,Enterprise infrastructure and developer tools at seed.,Basalt; Cartwheel; Pixelforge; Terrace,Pixelforge; Cartwheel,Published notes on developer tooling consolidation.,2026-03-21,https://www.linkedin.com/in/ruthsharma
Wei Brenner,Longshore Capital,Principal,wei.brenner@longshore.vc,https://longshore.vc,Chicago,United States,America/Chicago,Pre-seed/Seed,Food & Beverage; Restaurant Tech; Consumer,250000,1500000,"We back consumer food and beverage brands at pre-seed and seed, with a strong preference for operators who have actually run kitchens.",Corridor Kitchens; Sunbelt Foods; Nightcap Brands; Late Plate,Corridor Kitchens; Nightcap Brands,Posted on why multi-unit food concepts should stop signing restaurant leases.,2025-04-16,https://www.linkedin.com/in/weibrenner
Talia Weber,Vantage Hill Venture Partners,Principal,talia.weber@vantagehill.vc,https://vantagehill.vc,Boston,United States,America/New_York,Pre-Seed; Seed,Climate; Energy Storage; Industrial,$500k,$2M,We invest in therapeutics and platform biology.,Ember Grid; Cartwheel; Pixelforge; Terrace,Terrace; Pixelforge,Published notes on developer tooling consolidation.,2025-12-02,https://www.linkedin.com/in/taliaweber
Ruth Iqbal,Compass Rose Venture Partners,Principal,ruth.iqbal@compassrose.vc,https://compassrose.vc,Fort Lauderdale,United States,America/New_York,Series A; Series B,Enterprise SaaS; Security; DevTools,$250k,$1M,Enterprise infrastructure and developer tools at seed.,Loomstack; Ember Grid; Ninefold; Basalt,Ninefold; Basalt,Posted on why grid interconnection queues are the real climate bottleneck.,2026-02-24,https://www.linkedin.com/in/ruthiqbal
Priya Osei,Compass Rose Venture Partners,Analyst,priya.osei@compassrose.vc,https://compassrose.vc,Fort Lauderdale,United States,America/New_York,Series A; Series B,Enterprise SaaS; Security; DevTools,$250k,$1M,Enterprise infrastructure and developer tools at seed.,Loomstack; Ember Grid; Ninefold; Basalt,Ember Grid; Loomstack,Wrote about validator economics and where the fees really go.,2026-05-27,https://www.linkedin.com/in/priyaosei
Clara Berger,Compass Rose Partners,Principal,clara.berger@compassrose.vc,https://compassrose.vc,Austin,United States,America/Chicago,Series A; Series B,Real Estate; Hospitality; PropTech,250000,1500000,"Consumer and marketplace businesses at seed, especially last-mile logistics and anything that moves physical goods to a doorstep.",Coral Way Kitchen; Bluewire; Vice City Eats; Ninefold,Ninefold; Bluewire,Posted on why grid interconnection queues are the real climate bottleneck.,2026-02-17,https://www.linkedin.com/in/claraberger
Lucas Andersen,Halcyon Venture Partners,Managing Partner,lucas.andersen@halcyon.vc,https://halcyon.vc,Toronto,Canada,America/Toronto,Pre-Seed; Seed,Space; Defense; Advanced Manufacturing,$500k,$2M,We invest in therapeutics and platform biology.,Cartwheel; Pixelforge; Terrace; Ninefold,Pixelforge; Cartwheel,Posted on why grid interconnection queues are the real climate bottleneck.,2026-02-12,https://www.linkedin.com/in/lucasandersen
Mei Ramirez,Silverline Partners,Managing Partner,mei.ramirez@silverline.vc,https://silverline.vc,Fort Lauderdale,United States,America/New_York,Pre-Seed; Seed,Biotech; Therapeutics; Life Sciences,$100k,$500k,"Hard tech at seed: space, defense and advanced manufacturing.",Pixelforge; Basalt; Terrace; Ninefold,Basalt; Ninefold,Posted on why grid interconnection queues are the real climate bottleneck.,2026-02-10,https://www.linkedin.com/in/meiramirez
Fatima Farrell,Larkspur Venture Partners,Partner,fatima.farrell@larkspur.vc,https://larkspur.vc,San Francisco,United States,America/Los_Angeles,Seed; Series A,Climate; Energy Storage; Industrial,$1M,$3M,We invest in therapeutics and platform biology.,Terrace; Basalt; Ember Grid; Loomstack,Basalt; Loomstack,Wrote about validator economics and where the fees really go.,2026-06-11,https://www.linkedin.com/in/fatimafarrell
Fatima Alvarez,Lantern Labs,Angel Investor,fatima.alvarez@lantern.vc,https://lantern.vc,Fort Lauderdale,United States,America/New_York,Growth,Food & Beverage; Restaurant Tech; Consumer,$100k,$500k,"We back consumer food and beverage brands at pre-seed and seed, with a strong preference for operators who have actually run kitchens.",Vice City Eats; Brickell Provisions; Corridor Kitchens; Sunbelt Foods; Wonder,Vice City Eats; Corridor Kitchens,Posted on why multi-unit food concepts should stop signing restaurant leases.,2026-01-06,https://www.linkedin.com/in/fatimaalvarez
Rosa Mbeki,Pinemark Partners,General Partner,rosa.mbeki@pinemark.vc,https://pinemark.vc,Austin,United States,America/Chicago,"seed, series a",Biotech; Therapeutics; Life Sciences,$1M,$3M,Enterprise infrastructure and developer tools at seed.,Loomstack; Pixelforge; Cartwheel; Basalt,Pixelforge; Basalt,Published notes on developer tooling consolidation.,2026-05-10,https://www.linkedin.com/in/rosambeki
Felix Silva,Blue Meridian Partners,Managing Partner,felix.silva@bluemeridian.vc,https://bluemeridian.vc,Boston,United States,America/New_York,Seed; Series A,Space; Defense; Advanced Manufacturing,$250k,$1M,We invest in therapeutics and platform biology.,Pixelforge; Terrace; Bluewire; Orbital Freight,Pixelforge; Terrace,Published notes on developer tooling consolidation.,2026-03-15,https://www.linkedin.com/in/felixsilva
Daniel Brenner,Foundry Row Capital,Principal,daniel.brenner@foundryrow.vc,https://foundryrow.vc,Berlin,Germany,Europe/Berlin,Pre-seed/Seed,Real Estate; Hospitality; PropTech,$1M,$3M,"Consumer and marketplace businesses at seed, especially last-mile logistics and anything that moves physical goods to a doorstep.",Harborline Hospitality; Nightcap Brands; Vice City Eats; Nocturne Hospitality,Vice City Eats; Nocturne Hospitality,Wrote about packaging as the real product problem in premium delivery.,2026-05-01,https://www.linkedin.com/in/danielbrenner
Daniel Baumann,Ironwood Capital,General Partner,daniel.baumann@ironwood.vc,https://ironwood.vc,Boston,United States,America/New_York,"seed, series a",Consumer Fintech; Loyalty; Payments,$100k,$500k,Hospitality real estate and the operating businesses inside it.,Orbital Freight; Harborline Hospitality; Corridor Kitchens; Vice City Eats,Orbital Freight; Corridor Kitchens,Wrote about packaging as the real product problem in premium delivery.,2026-07-14,https://www.linkedin.com/in/danielbaumann
Hugo Farrell,Ashford Capital,Managing Partner,hugo.farrell@ashford.vc,https://ashford.vc,Boston,United States,America/New_York,Pre-seed/Seed,Restaurant Technology; Vertical SaaS; Hospitality,$100k,$500k,We fund multi-unit and franchise-ready food concepts that can replicate a playbook across corridors without heavy capex.,Vice City Eats; Corridor Kitchens; Late Plate; Nocturne Hospitality,Nocturne Hospitality; Vice City Eats,Posted on why multi-unit food concepts should stop signing restaurant leases.,2026-02-17,https://www.linkedin.com/in/hugofarrell
Hana Ramirez,Northaven Labs,Partner,hana.ramirez@northaven.vc,https://northaven.vc,Fort Lauderdale,United States,America/New_York,Pre-Seed; Seed,Space; Defense; Advanced Manufacturing,$250k,$1M,We invest in crypto protocols and the tooling around them.,Terrace; Basalt; Ember Grid; Ninefold,Basalt; Terrace,Wrote about validator economics and where the fees really go.,2025-04-03,https://www.linkedin.com/in/hanaramirez
Nils Novak,Beacon Ridge Venture Partners,Founding Partner,nils.novak@beaconridge.vc,https://beaconridge.vc,New York,United States,America/New_York,Pre-seed/Seed,Real Estate; Hospitality; PropTech,$500k,$2M,Hospitality real estate and the operating businesses inside it.,Sunbelt Foods; Bluewire; Late Plate; Orbital Freight,Bluewire; Orbital Freight,Wrote about packaging as the real product problem in premium delivery.,2026-04-16,https://www.linkedin.com/in/nilsnovak
Noah Petrov,Lantern Ventures,Angel Investor,noah.petrov@lantern.vc,https://lantern.vc,West Palm Beach,United States,America/New_York,Growth,Hospitality; Consumer; Franchise,250000,1500000,We fund multi-unit and franchise-ready food concepts that can replicate a playbook across corridors without heavy capex.,Sunbelt Foods; Nightcap Brands; Coral Way Kitchen; Nocturne Hospitality,Nocturne Hospitality; Coral Way Kitchen,Wrote about why late night is the only daypart still growing for restaurants.,2026-04-15,https://www.linkedin.com/in/noahpetrov
Felix Moreau,Longshore Labs,Managing Partner,felix.moreau@longshore.vc,https://longshore.vc,Fort Lauderdale,United States,America/New_York,Early Stage,Ghost Kitchens; Food Delivery; Logistics,$500k,$2M,"Early-stage consumer brands with real unit economics. We care about average order value, repeat rate and contribution margin before we care about the story.",Second Shift Foods; Nocturne Hospitality; Sunbelt Foods; Palmetto Provisions,Nocturne Hospitality; Sunbelt Foods,Posted on why multi-unit food concepts should stop signing restaurant leases.,2026-04-03,https://www.linkedin.com/in/felixmoreau
Mei Haddad,Beacon Ridge Venture Partners,Founding Partner,mei.haddad@beaconridge.vc,https://beaconridge.vc,New York,United States,America/New_York,Pre-seed/Seed,Real Estate; Hospitality; PropTech,$500k,$2M,Hospitality real estate and the operating businesses inside it.,Sunbelt Foods; Bluewire; Late Plate; Orbital Freight,Orbital Freight; Late Plate,Wrote about why late night is the only daypart still growing for restaurants.,2026-07-19,https://www.linkedin.com/in/meihaddad
Ivan Kowalski,Foundry Row Capital,GP,ivan.kowalski@foundryrow.vc,https://foundryrow.vc,Berlin,Germany,Europe/Berlin,Pre-seed/Seed,Real Estate; Hospitality; PropTech,$1M,$3M,"Consumer and marketplace businesses at seed, especially last-mile logistics and anything that moves physical goods to a doorstep.",Harborline Hospitality; Nightcap Brands; Vice City Eats; Nocturne Hospitality,Vice City Eats; Harborline Hospitality,Posted on why multi-unit food concepts should stop signing restaurant leases.,2026-02-09,https://www.linkedin.com/in/ivankowalski
Aisha Haddad,Two Bridges Venture Partners,Angel,aisha.haddad@twobridges.vc,https://twobridges.vc,West Palm Beach,United States,America/New_York,"seed, series a",Climate; Energy Storage; Industrial,$500k,$2M,"Climate infrastructure, with a focus on grid-scale storage.",Ember Grid; Pixelforge; Ninefold; Orbital Freight,Orbital Freight; Ninefold,Published notes on developer tooling consolidation.,2026-05-25,https://www.linkedin.com/in/aishahaddad
Peter Nguyen,Alder Capital Partners,Angel Investor,peter.nguyen@alder.vc,https://alder.vc,San Francisco,United States,America/Los_Angeles,Growth,Consumer Brands; CPG; Food,$100k,$500k,"We back consumer food and beverage brands at pre-seed and seed, with a strong preference for operators who have actually run kitchens.",Brickell Provisions; Corridor Kitchens; Late Plate; Palmetto Provisions,Late Plate; Brickell Provisions,Posted on why multi-unit food concepts should stop signing restaurant leases.,2026-05-07,https://www.linkedin.com/in/peternguyen
CLARA VASQUEZ,"Halcyon Partners, LLC",Managing Partner,clara.vasquez@halcyon.vc,https://halcyon.vc,Austin,United States,America/Chicago,Series A; Series B,Enterprise SaaS; Security; DevTools,250000,1500000,"Hard tech at seed: space, defense and advanced manufacturing.",Terrace; Ninefold; Cartwheel; Basalt,Terrace; Ninefold,Published notes on developer tooling consolidation.,2026-05-13,https://www.linkedin.com/in/claravasquez
Ade Tanaka,Northaven Venture Partners,Partner,ade.tanaka@northaven.vc,https://northaven.vc,Seattle,United States,America/Los_Angeles,Series A; Series B,Enterprise SaaS; Security; DevTools,$500k,$2M,Enterprise infrastructure and developer tools at seed.,Basalt; Cartwheel; Loomstack; Terrace,Terrace; Cartwheel,Published notes on developer tooling consolidation.,2026-02-10,https://www.linkedin.com/in/adetanaka
Amara Rossi,Kestrel Capital,Managing Partner,amara.rossi@kestrel.vc,https://kestrel.vc,Boston,United States,America/New_York,Pre-Seed; Seed,Space; Defense; Advanced Manufacturing,$500k,$2M,"Hard tech at seed: space, defense and advanced manufacturing.",Pixelforge; Loomstack; Bluewire; Terrace,Bluewire; Pixelforge,Wrote about validator economics and where the fees really go.,2026-06-11,https://www.linkedin.com/in/amararossi
Ade Sharma,Windward Labs,GP,ade.sharma@windward.vc,https://windward.vc,Seattle,United States,America/Los_Angeles,"seed, series a",Enterprise SaaS; Security; DevTools,$100k,$500k,"Hard tech at seed: space, defense and advanced manufacturing.",Orbital Freight; Basalt; Pixelforge; Ember Grid,Basalt; Orbital Freight,Wrote about validator economics and where the fees really go.,2026-05-08,https://www.linkedin.com/in/adesharma
Kenji Baumann,Lantern Capital,Managing Director,kenji.baumann@lantern.vc,https://lantern.vc,West Palm Beach,United States,America/New_York,Growth,Climate; Energy Storage; Industrial,$1M,$3M,Enterprise infrastructure and developer tools at seed.,Cartwheel; Pixelforge; Basalt; Ember Grid,Pixelforge; Basalt,Posted on why grid interconnection queues are the real climate bottleneck.,2026-06-07,https://www.linkedin.com/in/kenjibaumann
Hugo Osei,Larkspur Partners,General Partner,hugo.osei@larkspur.vc,https://larkspur.vc,Singapore,Singapore,Asia/Singapore,"seed, series a",Space; Defense; Advanced Manufacturing,$100k,$500k,"Hard tech at seed: space, defense and advanced manufacturing.",Loomstack; Bluewire; Cartwheel; Terrace,Terrace; Cartwheel,Posted on why grid interconnection queues are the real climate bottleneck.,2026-03-09,https://www.linkedin.com/in/hugoosei
Marcus Baumann,Windward Capital,Venture Partner,marcus.baumann@windward.vc,https://windward.vc,Boston,United States,America/New_York,Growth,Ghost Kitchens; Food Delivery; Logistics,$1M,$3M,"Our focus is the restaurant and hospitality stack: delivery, ghost kitchens, virtual brands and the logistics underneath them.",Coral Way Kitchen; Palmetto Provisions; Nocturne Hospitality; Nightcap Brands; REEF Technology,Coral Way Kitchen; Nocturne Hospitality,Posted a breakdown of Miami's nightlife spend and who actually captures it.,2026-06-18,https://www.linkedin.com/in/marcusbaumann
NILS HADDAD,"Grove Lane Capital Partners, LLC",Venture Partner,nils.haddad@grovelane.vc,https://grovelane.vc,West Palm Beach,United States,America/New_York,Series A; Series B,Ghost Kitchens; Food Delivery; Logistics,$50k,$250k,"We invest in Miami consumer companies. Nightlife, hospitality and food are the categories this city exports, and we fund founders building in them.",Sunbelt Foods; Corridor Kitchens; Vice City Eats; Nocturne Hospitality,Vice City Eats; Corridor Kitchens,Posted on why multi-unit food concepts should stop signing restaurant leases.,2026-05-11,https://www.linkedin.com/in/nilshaddad
Arjun Lindqvist,Kestrel Labs,Angel,arjun.lindqvist@kestrel.vc,https://kestrel.vc,New York,United States,America/New_York,Seed; Series A,Food & Beverage; Restaurant Tech; Consumer,$250k,$1M,"Early-stage consumer brands with real unit economics. We care about average order value, repeat rate and contribution margin before we care about the story.",Late Plate; Sunbelt Foods; Coral Way Kitchen; Palmetto Provisions,Late Plate; Sunbelt Foods,Posted on why multi-unit food concepts should stop signing restaurant leases.,2026-02-28,https://www.linkedin.com/in/arjunlindqvist
Sofia Larsen,Hollow Creek Venture Partners,Founding Partner,sofia.larsen@hollowcreek.vc,https://hollowcreek.vc,Coral Gables,United States,America/New_York,Pre-seed/Seed,Climate; Energy Storage; Industrial,$1M,$3M,"Climate infrastructure, with a focus on grid-scale storage.",Loomstack; Terrace; Orbital Freight; Pixelforge,Terrace; Orbital Freight,Posted on why grid interconnection queues are the real climate bottleneck.,2026-03-16,https://www.linkedin.com/in/sofialarsen
Ade Baumann,Highgate Partners,General Partner,ade.baumann@highgate.vc,https://highgate.vc,Miami Beach,United States,America/New_York,Growth,Consumer Fintech; Loyalty; Payments,$100k,$500k,We invest in DTC and consumer brands where the founder owns the customer relationship rather than renting it from a platform.,Corridor Kitchens; Nocturne Hospitality; Nightcap Brands; Basalt,Basalt; Nightcap Brands,Posted on why grid interconnection queues are the real climate bottleneck.,2026-03-17,https://www.linkedin.com/in/adebaumann
Leah Sharma,Alder Labs,Principal,leah.sharma@alder.vc,https://alder.vc,San Francisco,United States,America/Los_Angeles,Pre-Seed; Seed,Ghost Kitchens; Food Delivery; Logistics,$1M,$3M,We fund multi-unit and franchise-ready food concepts that can replicate a playbook across corridors without heavy capex.,Coral Way Kitchen; Corridor Kitchens; Vice City Eats; Harborline Hospitality,Corridor Kitchens; Coral Way Kitchen,Wrote about why late night is the only daypart still growing for restaurants.,2026-04-09,https://www.linkedin.com/in/leahsharma
Ana Chen,Vantage Hill Capital,Managing Partner,ana.chen@vantagehill.vc,https://vantagehill.vc,Miami Beach,United States,America/New_York,Seed; Series A,Crypto; Web3; DeFi,$1M,$3M,Enterprise infrastructure and developer tools at seed.,Orbital Freight; Bluewire; Basalt; Ninefold,Orbital Freight; Ninefold,Posted on why grid interconnection queues are the real climate bottleneck.,2026-04-08,https://www.linkedin.com/in/anachen
Elena Berger,Tidewater Capital Partners,Managing Partner,elena.berger@tidewater.vc,https://tidewater.vc,San Francisco,United States,America/Los_Angeles,"seed, series a",Consumer; DTC; Marketplaces,$50k,$250k,We invest in DTC and consumer brands where the founder owns the customer relationship rather than renting it from a platform.,Coral Way Kitchen; Nocturne Hospitality; Corridor Kitchens; Terrace,Coral Way Kitchen; Corridor Kitchens,Wrote about why late night is the only daypart still growing for restaurants.,2026-03-11,https://www.linkedin.com/in/elenaberger
Noah Okafor,Ashford Venture Partners,Principal,noah.okafor@ashford.vc,https://ashford.vc,San Francisco,United States,America/Los_Angeles,Series A; Series B,Climate; Energy Storage; Industrial,$500k,$2M,"Hard tech at seed: space, defense and advanced manufacturing.",Ninefold; Bluewire; Orbital Freight; Ember Grid,Bluewire; Orbital Freight,Wrote about validator economics and where the fees really go.,2026-04-05,https://www.linkedin.com/in/noahokafor
Felix Alvarez,Grove Lane Partners,General Partner,felix.alvarez@grovelane.vc,https://grovelane.vc,Coral Gables,United States,America/New_York,Pre-seed/Seed,Consumer Fintech; Loyalty; Payments,$1M,$3M,Hospitality real estate and the operating businesses inside it.,Harborline Hospitality; Palmetto Provisions; Vice City Eats; Nocturne Hospitality,Palmetto Provisions; Vice City Eats,Posted on why grid interconnection queues are the real climate bottleneck.,2026-05-01,https://www.linkedin.com/in/felixalvarez
Sofia Vasquez,Kestrel Ventures,Individual Investor,sofia.vasquez@kestrel.vc,https://kestrel.vc,Miami Beach,United States,America/New_York,Seed,Food & Beverage; Restaurant Tech; Consumer,$250k,$1M,"Early-stage consumer brands with real unit economics. We care about average order value, repeat rate and contribution margin before we care about the story.",Vice City Eats; Sunbelt Foods; Late Plate; Brickell Provisions,Vice City Eats; Brickell Provisions,Wrote about packaging as the real product problem in premium delivery.,2025-09-24,https://www.linkedin.com/in/sofiavasquez
Nadia Osei,Silverline Ventures,General Partner,nadia.osei@silverline.vc,https://silverline.vc,Coral Gables,United States,America/New_York,Early Stage,Food & Beverage; Restaurant Tech; Consumer,250000,1500000,"We back consumer food and beverage brands at pre-seed and seed, with a strong preference for operators who have actually run kitchens.",Brickell Provisions; Sunbelt Foods; Vice City Eats; Corridor Kitchens,Brickell Provisions; Sunbelt Foods,Blog post on why delivery-first brands beat restaurants that bolt delivery on.,2026-04-14,https://www.linkedin.com/in/nadiaosei
Priya Costa,Halcyon Ventures,Angel Investor,priya.costa@halcyon.vc,https://halcyon.vc,Coral Gables,United States,America/New_York,Seed,Climate; Energy Storage; Industrial,$500k,$2M,"Hard tech at seed: space, defense and advanced manufacturing.",Pixelforge; Ember Grid; Orbital Freight; Ninefold,Orbital Freight; Pixelforge,Published notes on developer tooling consolidation.,2025-05-18,https://www.linkedin.com/in/priyacosta
Freya Berger,Solstice Capital Partners,Principal,freya.berger@solstice.vc,https://solstice.vc,Stockholm,Sweden,Europe/Stockholm,Early Stage,Consumer; DTC; Marketplaces,$250k,$1M,"Consumer and marketplace businesses at seed, especially last-mile logistics and anything that moves physical goods to a doorstep.",Ninefold; Palmetto Provisions; Terrace; Corridor Kitchens,Palmetto Provisions; Ninefold,Posted on why grid interconnection queues are the real climate bottleneck.,2025-04-07,https://www.linkedin.com/in/freyaberger
Diego Okafor,Kestrel Partners,Venture Partner,diego.okafor@kestrel.vc,https://kestrel.vc,New York,United States,America/New_York,Seed; Series A,Ghost Kitchens; Food Delivery; Logistics,$50k,$250k,"Our focus is the restaurant and hospitality stack: delivery, ghost kitchens, virtual brands and the logistics underneath them.",Corridor Kitchens; Palmetto Provisions; Vice City Eats; Harborline Hospitality,Corridor Kitchens; Vice City Eats,Podcast appearance on ghost kitchen unit economics and where they break.,2026-03-19,https://www.linkedin.com/in/diegookafor
Hugo Andersen,Lantern Labs,Managing Partner,hugo.andersen@lantern.vc,https://lantern.vc,Fort Lauderdale,United States,America/New_York,Growth,Food & Beverage; Restaurant Tech; Consumer,$100k,$500k,"We back consumer food and beverage brands at pre-seed and seed, with a strong preference for operators who have actually run kitchens.",Vice City Eats; Brickell Provisions; Corridor Kitchens; Sunbelt Foods; Wonder,Brickell Provisions; Corridor Kitchens,Posted on why multi-unit food concepts should stop signing restaurant leases.,2026-03-02,https://www.linkedin.com/in/hugoandersen
Wei Berger,Larkspur Labs,General Partner,wei.berger@larkspur.vc,https://larkspur.vc,Coral Gables,United States,America/New_York,Series A; Series B,Hospitality; Consumer; Franchise,$1M,$3M,We fund multi-unit and franchise-ready food concepts that can replicate a playbook across corridors without heavy capex.,Second Shift Foods; Corridor Kitchens; Vice City Eats; Nightcap Brands,Second Shift Foods; Corridor Kitchens,Wrote about why late night is the only daypart still growing for restaurants.,2026-06-26,https://www.linkedin.com/in/weiberger
Daniel Alvarez,Solstice Partners,Managing Partner,daniel.alvarez@solstice.vc,https://solstice.vc,Chicago,United States,America/Chicago,Early Stage,Consumer; DTC; Marketplaces,$1M,$3M,We invest in DTC and consumer brands where the founder owns the customer relationship rather than renting it from a platform.,Ember Grid; Basalt; Cartwheel; Harborline Hospitality,Cartwheel; Harborline Hospitality,Posted on why multi-unit food concepts should stop signing restaurant leases.,2026-06-24,https://www.linkedin.com/in/danielalvarez
Aisha Petrov,Halcyon Venture Partners,Principal,aisha.petrov@halcyon.vc,https://halcyon.vc,Toronto,Canada,America/Toronto,Pre-Seed; Seed,Space; Defense; Advanced Manufacturing,$500k,$2M,We invest in therapeutics and platform biology.,Cartwheel; Pixelforge; Terrace; Ninefold,Terrace; Ninefold,Wrote about validator economics and where the fees really go.,2026-03-02,https://www.linkedin.com/in/aishapetrov
Marcus Chen,Compass Rose Labs,Venture Partner,marcus.chen@compassrose.vc,https://compassrose.vc,Miami Beach,United States,America/New_York,Seed,Consumer Brands; CPG; Food,$250k,$1M,"Early-stage consumer brands with real unit economics. We care about average order value, repeat rate and contribution margin before we care about the story.",Palmetto Provisions; Nocturne Hospitality; Corridor Kitchens; Vice City Eats,Palmetto Provisions; Corridor Kitchens,Wrote about why late night is the only daypart still growing for restaurants.,2026-04-18,https://www.linkedin.com/in/marcuschen
Leah Baumann,Rivermark Partners,General Partner,leah.baumann@rivermark.vc,https://rivermark.vc,San Francisco,United States,America/Los_Angeles,Seed,Climate; Energy Storage; Industrial,$1M,$3M,"Climate infrastructure, with a focus on grid-scale storage.",Bluewire; Loomstack; Orbital Freight; Cartwheel,Orbital Freight; Cartwheel,Posted on why grid interconnection queues are the real climate bottleneck.,2026-02-23,https://www.linkedin.com/in/leahbaumann
Nils Costa,Larkspur Capital Partners,Principal,nils.costa@larkspur.vc,https://larkspur.vc,Fort Lauderdale,United States,America/New_York,Growth,Last Mile Logistics; Marketplaces; Consumer,$1M,$3M,"Consumer and marketplace businesses at seed, especially last-mile logistics and anything that moves physical goods to a doorstep.",Nightcap Brands; Ember Grid; Cartwheel; Second Shift Foods,Cartwheel; Ember Grid,Posted a breakdown of Miami's nightlife spend and who actually captures it.,2025-07-06,https://www.linkedin.com/in/nilscosta
Ivan Alvarez,Marlow Ventures,Founding Partner,deals@marlow.vc,https://marlow.vc,Coral Gables,United States,America/New_York,Pre-Seed; Seed,Biotech; Therapeutics; Life Sciences,$500k,$2M,"Climate infrastructure, with a focus on grid-scale storage.",Bluewire; Loomstack; Ember Grid; Cartwheel; Local Kitchens,Ember Grid; Loomstack,Posted on why grid interconnection queues are the real climate bottleneck.,2026-05-08,https://www.linkedin.com/in/ivanalvarez
Hana Alvarez,Halcyon Labs,Principal,hana.alvarez@halcyon.vc,https://halcyon.vc,London,United Kingdom,Europe/London,Series A; Series B,Biotech; Therapeutics; Life Sciences,$50k,$250k,We invest in therapeutics and platform biology.,Ember Grid; Ninefold; Loomstack; Pixelforge,Loomstack; Ninefold,Published notes on developer tooling consolidation.,2026-03-03,https://www.linkedin.com/in/hanaalvarez
Omar Iqbal,Foundry Row Labs,GP,omar.iqbal@foundryrow.vc,https://foundryrow.vc,New York,United States,America/New_York,Early Stage,Climate; Energy Storage; Industrial,$250k,$1M,"Climate infrastructure, with a focus on grid-scale storage.",Ninefold; Orbital Freight; Loomstack; Basalt,Ninefold; Loomstack,Wrote about validator economics and where the fees really go.,2026-03-13,https://www.linkedin.com/in/omariqbal
Noah Kowalski,Ironwood Partners,Angel Investor,noah.kowalski@ironwood.vc,https://ironwood.vc,Miami Beach,United States,America/New_York,Early Stage,Real Estate; Hospitality; PropTech,$100k,$500k,Hospitality real estate and the operating businesses inside it.,Terrace; Late Plate; Corridor Kitchens; Palmetto Provisions,Late Plate; Corridor Kitchens,Wrote about why late night is the only daypart still growing for restaurants.,2026-06-28,https://www.linkedin.com/in/noahkowalski
Rosa Kaur,Pinemark Ventures,GP,rosa.kaur@pinemark.vc,https://pinemark.vc,London,United Kingdom,Europe/London,Seed; Series A,Consumer Fintech; Loyalty; Payments,$500k,$2M,"Consumer and marketplace businesses at seed, especially last-mile logistics and anything that moves physical goods to a doorstep.",Bluewire; Late Plate; Coral Way Kitchen; Nightcap Brands,Late Plate; Nightcap Brands,Podcast appearance on ghost kitchen unit economics and where they break.,2026-03-28,https://www.linkedin.com/in/rosakaur
Wei Silva,Cedar Point Partners,Founding Partner,wei.silva@cedarpoint.vc,https://cedarpoint.vc,Chicago,United States,America/Chicago,Seed; Series A,Ghost Kitchens; Food Delivery; Logistics,250000,1500000,"Our focus is the restaurant and hospitality stack: delivery, ghost kitchens, virtual brands and the logistics underneath them.",Corridor Kitchens; Second Shift Foods; Nightcap Brands; Vice City Eats,Second Shift Foods; Corridor Kitchens,Posted a breakdown of Miami's nightlife spend and who actually captures it.,2026-06-21,https://www.linkedin.com/in/weisilva
Lucas Ramirez,Windward Labs,Individual Investor,lucas.ramirez@windward.vc,https://windward.vc,Seattle,United States,America/Los_Angeles,"seed, series a",Enterprise SaaS; Security; DevTools,$100k,$500k,"Hard tech at seed: space, defense and advanced manufacturing.",Orbital Freight; Basalt; Pixelforge; Ember Grid,Basalt; Orbital Freight,Published notes on developer tooling consolidation.,2025-04-03,https://www.linkedin.com/in/lucasramirez
Jonas Iqbal,Rivermark Ventures,Managing Director,jonas.iqbal@rivermark.vc,https://rivermark.vc,Austin,United States,America/Chicago,Seed,Biotech; Therapeutics; Life Sciences,250000,1500000,We invest in therapeutics and platform biology.,Orbital Freight; Pixelforge; Bluewire; Loomstack; Wonder,Loomstack; Wonder,Wrote about validator economics and where the fees really go.,2026-04-25,https://www.linkedin.com/in/jonasiqbal
Nadia Sharma,Two Bridges Capital Partners,Chief of Staff,nadia.sharma@twobridges.vc,https://twobridges.vc,New York,United States,America/New_York,Pre-Seed; Seed,Last Mile Logistics; Marketplaces; Consumer,250000,1500000,"Consumer and marketplace businesses at seed, especially last-mile logistics and anything that moves physical goods to a doorstep.",Ninefold; Bluewire; Ember Grid; Brickell Provisions,Brickell Provisions; Bluewire,Wrote about why late night is the only daypart still growing for restaurants.,2026-05-16,https://www.linkedin.com/in/nadiasharma
Ade Kowalski,Granite Row Venture Partners,GP,ade.kowalski@graniterow.vc,https://graniterow.vc,Berlin,Germany,Europe/Berlin,"seed, series a",Biotech; Therapeutics; Life Sciences,250000,1500000,"Climate infrastructure, with a focus on grid-scale storage.",Orbital Freight; Ember Grid; Loomstack; Basalt,Basalt; Loomstack,Wrote about validator economics and where the fees really go.,2025-11-25,https://www.linkedin.com/in/adekowalski
Jonas Mbeki,Ironwood Capital,Angel / Operator,jonas.mbeki@ironwood.vc,https://ironwood.vc,Boston,United States,America/New_York,"seed, series a",Consumer Fintech; Loyalty; Payments,$100k,$500k,Hospitality real estate and the operating businesses inside it.,Orbital Freight; Harborline Hospitality; Corridor Kitchens; Vice City Eats,Vice City Eats; Harborline Hospitality,Posted on why grid interconnection queues are the real climate bottleneck.,2026-04-14,https://www.linkedin.com/in/jonasmbeki
Amara Baumann,Foundry Row Capital,Analyst,amara.baumann@foundryrow.vc,https://foundryrow.vc,Berlin,Germany,Europe/Berlin,Pre-seed/Seed,Real Estate; Hospitality; PropTech,$1M,$3M,"Consumer and marketplace businesses at seed, especially last-mile logistics and anything that moves physical goods to a doorstep.",Harborline Hospitality; Nightcap Brands; Vice City Eats; Nocturne Hospitality,Nocturne Hospitality; Vice City Eats,Blog post on why delivery-first brands beat restaurants that bolt delivery on.,2026-05-03,https://www.linkedin.com/in/amarabaumann
Zoe Moreau,Northaven Ventures,GP,zoe.moreau@northaven.vc,https://northaven.vc,Miami,United States,America/New_York,Seed; Series A,Food & Beverage; Restaurant Tech; Consumer,$500k,$2M,"We invest in Miami consumer companies. Nightlife, hospitality and food are the categories this city exports, and we fund founders building in them.",Corridor Kitchens; Palmetto Provisions; Brickell Provisions; Late Plate; Kitchen United,Palmetto Provisions; Kitchen United,Wrote about why late night is the only daypart still growing for restaurants.,2026-05-30,https://www.linkedin.com/in/zoemoreau
Ade Berger,Blue Meridian Capital,Principal,ade.berger@bluemeridian.vc,https://bluemeridian.vc,West Palm Beach,United States,America/New_York,Pre-seed/Seed,Restaurant Technology; Vertical SaaS; Hospitality,$50k,$250k,"We invest in Miami consumer companies. Nightlife, hospitality and food are the categories this city exports, and we fund founders building in them.",Corridor Kitchens; Nightcap Brands; Sunbelt Foods; Palmetto Provisions,Corridor Kitchens; Palmetto Provisions,Wrote about why late night is the only daypart still growing for restaurants.,2026-05-12,https://www.linkedin.com/in/adeberger
Diego Kowalski,Copper Beach Labs,Senior Associate,diego.kowalski@copperbeach.vc,https://copperbeach.vc,New York,United States,America/New_York,Seed; Series A,Biotech; Therapeutics; Life Sciences,$50k,$250k,We invest in therapeutics and platform biology.,Pixelforge; Orbital Freight; Cartwheel; Bluewire,Bluewire; Pixelforge,Published notes on developer tooling consolidation.,2026-06-03,https://www.linkedin.com/in/diegokowalski
Felix Baumann,Windward Partners,Principal,felix.baumann@windward.vc,https://windward.vc,Miami Beach,United States,America/New_York,Pre-seed/Seed,Last Mile Logistics; Marketplaces; Consumer,$100k,$500k,Hospitality real estate and the operating businesses inside it.,Orbital Freight; Bluewire; Basalt; Harborline Hospitality,Orbital Freight; Harborline Hospitality,Posted on why grid interconnection queues are the real climate bottleneck.,2025-04-10,https://www.linkedin.com/in/felixbaumann
Mateo Rossi,Ashford Capital,GP,mateo.rossi@ashford.vc,https://ashford.vc,Boston,United States,America/New_York,Pre-seed/Seed,Restaurant Technology; Vertical SaaS; Hospitality,$100k,$500k,We fund multi-unit and franchise-ready food concepts that can replicate a playbook across corridors without heavy capex.,Vice City Eats; Corridor Kitchens; Late Plate; Nocturne Hospitality,Vice City Eats; Nocturne Hospitality,Blog post on why delivery-first brands beat restaurants that bolt delivery on.,2025-11-25,https://www.linkedin.com/in/mateorossi
Ivan Brenner,Highgate Capital Partners,Managing Director,,https://highgate.vc,Boston,United States,America/New_York,Growth,Real Estate; Hospitality; PropTech,$250k,$1M,We invest in DTC and consumer brands where the founder owns the customer relationship rather than renting it from a platform.,Brickell Provisions; Terrace; Coral Way Kitchen; Vice City Eats,Coral Way Kitchen; Brickell Provisions,Posted a breakdown of Miami's nightlife spend and who actually captures it.,2026-06-18,https://www.linkedin.com/in/ivanbrenner
Elena Baumann,Grove Lane Capital,Venture Partner,elena.baumann@grovelane.vc,https://grovelane.vc,Austin,United States,America/Chicago,Pre-Seed; Seed,Consumer Brands; CPG; Food,$250k,$1M,"We invest in Miami consumer companies. Nightlife, hospitality and food are the categories this city exports, and we fund founders building in them.",Late Plate; Harborline Hospitality; Vice City Eats; Nocturne Hospitality,Vice City Eats; Nocturne Hospitality,Blog post on why delivery-first brands beat restaurants that bolt delivery on.,2026-05-26,https://www.linkedin.com/in/elenabaumann
Fatima Chen,Blue Meridian Venture Partners,Venture Partner,fatima.chen@bluemeridian.vc,https://bluemeridian.vc,Seattle,United States,America/Los_Angeles,"seed, series a",Consumer Brands; CPG; Food,$100k,$500k,"We invest in Miami consumer companies. Nightlife, hospitality and food are the categories this city exports, and we fund founders building in them.",Vice City Eats; Nocturne Hospitality; Harborline Hospitality; Corridor Kitchens,Harborline Hospitality; Corridor Kitchens,Wrote about why late night is the only daypart still growing for restaurants.,2026-04-27,https://www.linkedin.com/in/fatimachen
Hugo Alvarez,Silverline Capital Partners,Principal,hugo.alvarez@silverline.vc,https://silverline.vc,Coral Gables,United States,America/New_York,Series A; Series B,Food & Beverage; Restaurant Tech; Consumer,$250k,$1M,We fund multi-unit and franchise-ready food concepts that can replicate a playbook across corridors without heavy capex.,Brickell Provisions; Nightcap Brands; Sunbelt Foods; Harborline Hospitality,Brickell Provisions; Nightcap Brands,Blog post on why delivery-first brands beat restaurants that bolt delivery on.,2025-11-28,https://www.linkedin.com/in/hugoalvarez
Clara Ramirez,Hollow Creek Capital,GP,clara.ramirez@hollowcreek.vc,https://hollowcreek.vc,Toronto,Canada,America/Toronto,Seed,Ghost Kitchens; Food Delivery; Logistics,$50k,$250k,We fund multi-unit and franchise-ready food concepts that can replicate a playbook across corridors without heavy capex.,Vice City Eats; Second Shift Foods; Late Plate; Brickell Provisions,Brickell Provisions; Late Plate,Wrote about why late night is the only daypart still growing for restaurants.,2026-07-13,https://www.linkedin.com/in/clararamirez
Noah Andersen,Northaven Venture Partners,Partner,noah.andersen@northaven.vc,https://northaven.vc,Seattle,United States,America/Los_Angeles,Series A; Series B,Enterprise SaaS; Security; DevTools,$500k,$2M,Enterprise infrastructure and developer tools at seed.,Basalt; Cartwheel; Loomstack; Terrace,Loomstack; Cartwheel,Wrote about validator economics and where the fees really go.,2025-06-01,https://www.linkedin.com/in/noahandersen
Iris Berger,Fifth Harbor Labs,Founding Partner,iris.berger@fifthharbor.vc,https://fifthharbor.vc,West Palm Beach,United States,America/New_York,Growth,Restaurant Technology; Vertical SaaS; Hospitality,$500k,$2M,"We back consumer food and beverage brands at pre-seed and seed, with a strong preference for operators who have actually run kitchens.",Corridor Kitchens; Coral Way Kitchen; Vice City Eats; Sunbelt Foods,Coral Way Kitchen; Corridor Kitchens,Podcast appearance on ghost kitchen unit economics and where they break.,2025-08-05,https://www.linkedin.com/in/irisberger
Ruth Mbeki,Pinemark Partners,Talent Partner,ruth.mbeki@pinemark.vc,https://pinemark.vc,Austin,United States,America/Chicago,"seed, series a",Biotech; Therapeutics; Life Sciences,$1M,$3M,Enterprise infrastructure and developer tools at seed.,Loomstack; Pixelforge; Cartwheel; Basalt,Loomstack; Pixelforge,Wrote about validator economics and where the fees really go.,2025-03-20,https://www.linkedin.com/in/ruthmbeki
Aisha Fontaine,Rivermark Venture Partners,Principal,aisha.fontaine@rivermark.vc,https://rivermark.vc,West Palm Beach,United States,America/New_York,Growth,Consumer; DTC; Marketplaces,$50k,$250k,Hospitality real estate and the operating businesses inside it.,Brickell Provisions; Loomstack; Ninefold; Late Plate,Ninefold; Late Plate,Posted a breakdown of Miami's nightlife spend and who actually captures it.,2026-07-14,https://www.linkedin.com/in/aishafontaine
Hana Kowalski,Compass Rose Capital Partners,General Partner,hana.kowalski@compassrose.vc,https://compassrose.vc,Coral Gables,United States,America/New_York,Growth,Restaurant Technology; Vertical SaaS; Hospitality,$1M,$3M,We fund multi-unit and franchise-ready food concepts that can replicate a playbook across corridors without heavy capex.,Brickell Provisions; Nocturne Hospitality; Palmetto Provisions; Nightcap Brands,Nocturne Hospitality; Nightcap Brands,Wrote about packaging as the real product problem in premium delivery.,2026-05-09,https://www.linkedin.com/in/hanakowalski
Mei Chen,Highgate Capital,Founding Partner,mei.chen@highgate.vc,https://highgate.vc,San Francisco,United States,America/Los_Angeles,Growth,Crypto; Web3; DeFi,$100k,$500k,"Climate infrastructure, with a focus on grid-scale storage.",Orbital Freight; Terrace; Loomstack; Ninefold,Ninefold; Loomstack,Posted on why grid interconnection queues are the real climate bottleneck.,2025-10-11,https://www.linkedin.com/in/meichen
Diego Costa,Fifth Harbor Ventures,Managing Partner,diego.costa@fifthharbor.vc,https://fifthharbor.vc,Miami,United States,America/New_York,Early Stage,Space; Defense; Advanced Manufacturing,250000,1500000,"Hard tech at seed: space, defense and advanced manufacturing.",Terrace; Pixelforge; Bluewire; Ember Grid,Pixelforge; Bluewire,Published notes on developer tooling consolidation.,2026-06-06,https://www.linkedin.com/in/diegocosta
Mei Nguyen,Compass Rose Partners,GP,mei.nguyen@compassrose.vc,https://compassrose.vc,Austin,United States,America/Chicago,Series A; Series B,Real Estate; Hospitality; PropTech,250000,1500000,"Consumer and marketplace businesses at seed, especially last-mile logistics and anything that moves physical goods to a doorstep.",Coral Way Kitchen; Bluewire; Vice City Eats; Ninefold,Bluewire; Ninefold,Wrote about packaging as the real product problem in premium delivery.,2026-06-30,https://www.linkedin.com/in/meinguyen
Iris Chen,Fifth Harbor Venture Partners,Talent Partner,iris.chen@fifthharbor.vc,https://fifthharbor.vc,Fort Lauderdale,United States,America/New_York,Early Stage,Consumer Fintech; Loyalty; Payments,250000,1500000,Hospitality real estate and the operating businesses inside it.,Loomstack; Vice City Eats; Bluewire; Orbital Freight,Bluewire; Loomstack,Wrote about packaging as the real product problem in premium delivery.,2026-04-11,https://www.linkedin.com/in/irischen
Yara Kowalski,Larkspur Capital Partners,General Partner,yara.kowalski@larkspur.vc,https://larkspur.vc,Fort Lauderdale,United States,America/New_York,Growth,Last Mile Logistics; Marketplaces; Consumer,$1M,$3M,"Consumer and marketplace businesses at seed, especially last-mile logistics and anything that moves physical goods to a doorstep.",Nightcap Brands; Ember Grid; Cartwheel; Second Shift Foods,Nightcap Brands; Cartwheel,Posted a breakdown of Miami's nightlife spend and who actually captures it.,2026-03-21,https://www.linkedin.com/in/yarakowalski
Yara Okafor,Copper Beach Ventures,GP,yara.okafor@copperbeach.vc,https://copperbeach.vc,San Francisco,United States,America/Los_Angeles,"seed, series a",Real Estate; Hospitality; PropTech,$50k,$250k,Hospitality real estate and the operating businesses inside it.,Ninefold; Second Shift Foods; Coral Way Kitchen; Late Plate; CloudKitchens,Coral Way Kitchen; Late Plate,Wrote about validator economics and where the fees really go.,2026-05-24,https://www.linkedin.com/in/yaraokafor
Lucas Nguyen,Granite Row Labs,Founding Partner,deals@graniterow.vc,https://graniterow.vc,New York,United States,America/New_York,"seed, series a",Crypto; Web3; DeFi,$500k,$2M,We invest in crypto protocols and the tooling around them.,Terrace; Basalt; Ember Grid; Loomstack,Basalt; Terrace,Posted on why grid interconnection queues are the real climate bottleneck.,2025-05-08,https://www.linkedin.com/in/lucasnguyen
Lucas Baumann,Longshore Capital,Partner,lucas.baumann@longshore.vc,https://longshore.vc,Chicago,United States,America/Chicago,Pre-seed/Seed,Food & Beverage; Restaurant Tech; Consumer,250000,1500000,"We back consumer food and beverage brands at pre-seed and seed, with a strong preference for operators who have actually run kitchens.",Corridor Kitchens; Sunbelt Foods; Nightcap Brands; Late Plate,Nightcap Brands; Corridor Kitchens,Wrote about why late night is the only daypart still growing for restaurants.,2026-03-28,https://www.linkedin.com/in/lucasbaumann
Lucas Petrov,Pinemark Venture Partners,Managing Director,lucas.petrov@pinemark.vc,https://pinemark.vc,Coral Gables,United States,America/New_York,Early Stage,Restaurant Technology; Vertical SaaS; Hospitality,$100k,$500k,"Our focus is the restaurant and hospitality stack: delivery, ghost kitchens, virtual brands and the logistics underneath them.",Vice City Eats; Nightcap Brands; Second Shift Foods; Coral Way Kitchen,Vice City Eats; Second Shift Foods,Blog post on why delivery-first brands beat restaurants that bolt delivery on.,2026-05-04,https://www.linkedin.com/in/lucaspetrov
Nadia Costa,Rivermark Capital Partners,Venture Partner,nadia.costa@rivermark.vc,https://rivermark.vc,Miami,United States,America/New_York,Early Stage,Consumer Brands; CPG; Food,$1M,$3M,"We invest in Miami consumer companies. Nightlife, hospitality and food are the categories this city exports, and we fund founders building in them.",Brickell Provisions; Second Shift Foods; Sunbelt Foods; Coral Way Kitchen,Sunbelt Foods; Coral Way Kitchen,Blog post on why delivery-first brands beat restaurants that bolt delivery on.,2026-02-14,https://www.linkedin.com/in/nadiacosta
Marcus Novak,Highgate Partners,GP,marcus.novak@highgate.vc,https://highgate.vc,Miami Beach,United States,America/New_York,Growth,Consumer Fintech; Loyalty; Payments,$100k,$500k,We invest in DTC and consumer brands where the founder owns the customer relationship rather than renting it from a platform.,Corridor Kitchens; Nocturne Hospitality; Nightcap Brands; Basalt,Nocturne Hospitality; Nightcap Brands,Wrote about why late night is the only daypart still growing for restaurants.,2025-04-10,https://www.linkedin.com/in/marcusnovak
Yara Costa,Blue Meridian Labs,Angel / Operator,yara.costa@bluemeridian.vc,https://bluemeridian.vc,New York,United States,America/New_York,"seed, series a",Food & Beverage; Restaurant Tech; Consumer,250000,1500000,"We invest in Miami consumer companies. Nightlife, hospitality and food are the categories this city exports, and we fund founders building in them.",Late Plate; Vice City Eats; Second Shift Foods; Nocturne Hospitality,Nocturne Hospitality; Second Shift Foods,Posted a breakdown of Miami's nightlife spend and who actually captures it.,2025-07-27,https://www.linkedin.com/in/yaracosta
Peter Haddad,Vantage Hill Labs,General Partner,peter.haddad@vantagehill.vc,https://vantagehill.vc,Coral Gables,United States,America/New_York,Series A; Series B,Consumer; DTC; Marketplaces,$50k,$250k,"Consumer and marketplace businesses at seed, especially last-mile logistics and anything that moves physical goods to a doorstep.",Ember Grid; Loomstack; Sunbelt Foods; Basalt,Loomstack; Sunbelt Foods,Posted on why grid interconnection queues are the real climate bottleneck.,2026-02-12,https://www.linkedin.com/in/peterhaddad
Aisha Kaur,Halcyon Capital Partners,General Partner,aisha.kaur@halcyon.vc,https://halcyon.vc,Coral Gables,United States,America/New_York,Pre-seed/Seed,Space; Defense; Advanced Manufacturing,$100k,$500k,"Climate infrastructure, with a focus on grid-scale storage.",Ninefold; Terrace; Bluewire; Pixelforge,Ninefold; Pixelforge,Posted on why grid interconnection queues are the real climate bottleneck.,2025-06-05,https://www.linkedin.com/in/aishakaur
Mei Baumann,Kestrel Venture Partners,Angel Investor,mei.baumann@kestrel.vc,https://kestrel.vc,Chicago,United States,America/Chicago,Series A; Series B,Space; Defense; Advanced Manufacturing,250000,1500000,Enterprise infrastructure and developer tools at seed.,Cartwheel; Orbital Freight; Pixelforge; Terrace,Pixelforge; Orbital Freight,Posted on why grid interconnection queues are the real climate bottleneck.,2026-07-04,https://www.linkedin.com/in/meibaumann
Wei Okafor,Quarry Venture Partners,Managing Director,wei.okafor@quarry.vc,https://quarry.vc,New York,United States,America/New_York,Pre-Seed; Seed,Enterprise SaaS; Security; DevTools,$1M,$3M,Enterprise infrastructure and developer tools at seed.,Bluewire; Orbital Freight; Basalt; Ninefold,Ninefold; Basalt,Wrote about validator economics and where the fees really go.,2025-05-26,https://www.linkedin.com/in/weiokafor
Aisha Alvarez,Rivermark Ventures,Angel Investor,aisha.alvarez@rivermark.vc,https://rivermark.vc,Austin,United States,America/Chicago,Seed,Biotech; Therapeutics; Life Sciences,250000,1500000,We invest in therapeutics and platform biology.,Orbital Freight; Pixelforge; Bluewire; Loomstack; Wonder,Loomstack; Wonder,Wrote about validator economics and where the fees really go.,2026-05-18,https://www.linkedin.com/in/aishaalvarez
Priya Larsen,Quarry Capital,Angel / Operator,priya.larsen@quarry.vc,https://quarry.vc,Coral Gables,United States,America/New_York,Pre-Seed; Seed,Food & Beverage; Restaurant Tech; Consumer,$50k,$250k,"We invest in Miami consumer companies. Nightlife, hospitality and food are the categories this city exports, and we fund founders building in them.",Coral Way Kitchen; Nightcap Brands; Corridor Kitchens; Second Shift Foods,Corridor Kitchens; Coral Way Kitchen,Wrote about packaging as the real product problem in premium delivery.,2025-11-05,https://www.linkedin.com/in/priyalarsen
Priya Nguyen,Alder Partners,Managing Director,info@alder.vc,https://alder.vc,San Francisco,United States,America/Los_Angeles,Growth,Enterprise SaaS; Security; DevTools,$500k,$2M,Enterprise infrastructure and developer tools at seed.,Ember Grid; Cartwheel; Basalt; Pixelforge,Basalt; Cartwheel,Posted on why grid interconnection queues are the real climate bottleneck.,2026-06-08,https://www.linkedin.com/in/priyanguyen
Marcus Silva,Cedar Point Labs,Managing Partner,marcus.silva@cedarpoint.vc,https://cedarpoint.vc,San Francisco,United States,America/Los_Angeles,Growth,Hospitality; Consumer; Franchise,$1M,$3M,"We back consumer food and beverage brands at pre-seed and seed, with a strong preference for operators who have actually run kitchens.",Harborline Hospitality; Coral Way Kitchen; Nocturne Hospitality; Palmetto Provisions,Nocturne Hospitality; Coral Way Kitchen,Podcast appearance on ghost kitchen unit economics and where they break.,2026-03-13,https://www.linkedin.com/in/marcussilva
IRIS MOREAU,"Solstice Venture Partners, LLC",Venture Partner,iris.moreau@solstice.vc,https://solstice.vc,Seattle,United States,America/Los_Angeles,Seed,Enterprise SaaS; Security; DevTools,250000,1500000,"Hard tech at seed: space, defense and advanced manufacturing.",Ember Grid; Ninefold; Basalt; Loomstack,Ninefold; Loomstack,Posted on why grid interconnection queues are the real climate bottleneck.,2026-03-14,https://www.linkedin.com/in/irismoreau
Ade Ramirez,Solstice Ventures,General Partner,ade.ramirez@solstice.vc,https://solstice.vc,Austin,United States,America/Chicago,Series A; Series B,Climate; Energy Storage; Industrial,$1M,$3M,"Climate infrastructure, with a focus on grid-scale storage.",Pixelforge; Terrace; Bluewire; Loomstack,Terrace; Pixelforge,Published notes on developer tooling consolidation.,2026-04-06,https://www.linkedin.com/in/aderamirez
Marcus Nguyen,Solstice Capital,General Partner,marcus.nguyen@solstice.vc,https://solstice.vc,Seattle,United States,America/Los_Angeles,Series A; Series B,Climate; Energy Storage; Industrial,$100k,$500k,We invest in crypto protocols and the tooling around them.,Basalt; Ninefold; Bluewire; Cartwheel,Ninefold; Cartwheel,Published notes on developer tooling consolidation.,2025-11-09,https://www.linkedin.com/in/marcusnguyen
Sofia Ramirez,Kestrel Ventures,Head of Platform,sofia.ramirez@kestrel.vc,https://kestrel.vc,Miami Beach,United States,America/New_York,Seed,Food & Beverage; Restaurant Tech; Consumer,$250k,$1M,"Early-stage consumer brands with real unit economics. We care about average order value, repeat rate and contribution margin before we care about the story.",Vice City Eats; Sunbelt Foods; Late Plate; Brickell Provisions,Late Plate; Vice City Eats,Blog post on why delivery-first brands beat restaurants that bolt delivery on.,2026-05-08,https://www.linkedin.com/in/sofiaramirez
Iris Osei,Northaven Capital,Talent Partner,iris.osei@northaven.vc,https://northaven.vc,West Palm Beach,United States,America/New_York,Seed,Crypto; Web3; DeFi,$250k,$1M,Enterprise infrastructure and developer tools at seed.,Pixelforge; Terrace; Ember Grid; Basalt,Basalt; Ember Grid,Wrote about validator economics and where the fees really go.,2026-06-12,https://www.linkedin.com/in/irisosei
Aisha Vasquez,Solstice Capital Partners,Angel / Operator,aisha.vasquez@solstice.vc,https://solstice.vc,Stockholm,Sweden,Europe/Stockholm,Early Stage,Consumer; DTC; Marketplaces,$250k,$1M,"Consumer and marketplace businesses at seed, especially last-mile logistics and anything that moves physical goods to a doorstep.",Ninefold; Palmetto Provisions; Terrace; Corridor Kitchens,Palmetto Provisions; Ninefold,Published notes on developer tooling consolidation.,2026-02-19,https://www.linkedin.com/in/aishavasquez
Rosa Baumann,Kestrel Capital,Venture Partner,rosa.baumann@kestrel.vc,https://kestrel.vc,Boston,United States,America/New_York,Pre-Seed; Seed,Space; Defense; Advanced Manufacturing,$500k,$2M,"Hard tech at seed: space, defense and advanced manufacturing.",Pixelforge; Loomstack; Bluewire; Terrace,Loomstack; Pixelforge,Wrote about validator economics and where the fees really go.,2025-04-25,https://www.linkedin.com/in/rosabaumann
Ravi Silva,Highgate Venture Partners,Partner,ravi.silva@highgate.vc,https://highgate.vc,Miami,United States,America/New_York,Early Stage,Space; Defense; Advanced Manufacturing,$250k,$1M,Enterprise infrastructure and developer tools at seed.,Ember Grid; Loomstack; Cartwheel; Pixelforge,Cartwheel; Ember Grid,Posted on why grid interconnection queues are the real climate bottleneck.,2026-04-25,https://www.linkedin.com/in/ravisilva
Arjun Petrov,Granite Row Partners,Partner,arjun.petrov@graniterow.vc,https://graniterow.vc,Chicago,United States,America/Chicago,Seed,Climate; Energy Storage; Industrial,$1M,$3M,We invest in crypto protocols and the tooling around them.,Pixelforge; Ninefold; Orbital Freight; Basalt,Pixelforge; Orbital Freight,Published notes on developer tooling consolidation.,2026-07-10,https://www.linkedin.com/in/arjunpetrov
Leah Osei,Pinemark Capital,General Partner,leah.osei@pinemark.vc,https://pinemark.vc,Miami Beach,United States,America/New_York,Growth,Consumer Fintech; Loyalty; Payments,$500k,$2M,Hospitality real estate and the operating businesses inside it.,Vice City Eats; Corridor Kitchens; Cartwheel; Palmetto Provisions,Corridor Kitchens; Cartwheel,Posted on why multi-unit food concepts should stop signing restaurant leases.,2025-03-16,https://www.linkedin.com/in/leahosei
Ade Osei,Cedar Point Capital Partners,Venture Partner,ade.osei@cedarpoint.vc,https://cedarpoint.vc,Miami Beach,United States,America/New_York,"seed, series a",Last Mile Logistics; Marketplaces; Consumer,$500k,$2M,We invest in DTC and consumer brands where the founder owns the customer relationship rather than renting it from a platform.,Vice City Eats; Orbital Freight; Ember Grid; Basalt,Basalt; Orbital Freight,Podcast appearance on ghost kitchen unit economics and where they break.,2025-08-06,https://www.linkedin.com/in/adeosei
Ruth Fontaine,Windward Ventures,Managing Partner,ruth.fontaine@windward.vc,https://windward.vc,Coral Gables,United States,America/New_York,Pre-seed/Seed,Climate; Energy Storage; Industrial,$50k,$250k,We invest in crypto protocols and the tooling around them.,Basalt; Orbital Freight; Ember Grid; Loomstack; CloudKitchens,Loomstack; CloudKitchens,Posted on why grid interconnection queues are the real climate bottleneck.,2026-05-21,https://www.linkedin.com/in/ruthfontaine
Aisha Tanaka,Two Bridges Partners,Venture Partner,aisha.tanaka@twobridges.vc,https://twobridges.vc,Miami Beach,United States,America/New_York,Seed; Series A,Crypto; Web3; DeFi,$50k,$250k,We invest in therapeutics and platform biology.,Ember Grid; Pixelforge; Orbital Freight; Loomstack,Pixelforge; Ember Grid,Published notes on developer tooling consolidation.,2026-03-14,https://www.linkedin.com/in/aishatanaka
Clara Costa,Cedar Point Capital,GP,clara.costa@cedarpoint.vc,https://cedarpoint.vc,Stockholm,Sweden,Europe/Stockholm,Seed,Space; Defense; Advanced Manufacturing,$1M,$3M,"Hard tech at seed: space, defense and advanced manufacturing.",Orbital Freight; Loomstack; Pixelforge; Ember Grid,Ember Grid; Pixelforge,Published notes on developer tooling consolidation.,2026-04-21,https://www.linkedin.com/in/claracosta
Iris Kaur,Marlow Partners,Partner,iris.kaur@marlow.vc,https://marlow.vc,Coral Gables,United States,America/New_York,Series A; Series B,Biotech; Therapeutics; Life Sciences,$500k,$2M,"Hard tech at seed: space, defense and advanced manufacturing.",Terrace; Cartwheel; Basalt; Ember Grid,Basalt; Ember Grid,Published notes on developer tooling consolidation.,2026-03-17,https://www.linkedin.com/in/iriskaur
SOFIA ANDERSEN,"Blue Meridian Ventures, LLC",GP,sofia.andersen@bluemeridian.vc,https://bluemeridian.vc,Austin,United States,America/Chicago,Pre-seed/Seed,Last Mile Logistics; Marketplaces; Consumer,$1M,$3M,We invest in DTC and consumer brands where the founder owns the customer relationship rather than renting it from a platform.,Orbital Freight; Ember Grid; Vice City Eats; Ninefold,Orbital Freight; Vice City Eats,Podcast appearance on ghost kitchen unit economics and where they break.,2026-06-11,https://www.linkedin.com/in/sofiaandersen
Yara Larsen,Compass Rose Capital,Chief of Staff,yara.larsen@compassrose.vc,https://compassrose.vc,West Palm Beach,United States,America/New_York,"seed, series a",Consumer; DTC; Marketplaces,250000,1500000,Hospitality real estate and the operating businesses inside it.,Loomstack; Cartwheel; Orbital Freight; Bluewire,Loomstack; Bluewire,Blog post on why delivery-first brands beat restaurants that bolt delivery on.,2026-05-20,https://www.linkedin.com/in/yaralarsen
Talia Lindqvist,Foundry Row Capital Partners,Partner,talia.lindqvist@foundryrow.vc,https://foundryrow.vc,New York,United States,America/New_York,Seed; Series A,Hospitality; Consumer; Franchise,250000,1500000,"Our focus is the restaurant and hospitality stack: delivery, ghost kitchens, virtual brands and the logistics underneath them.",Second Shift Foods; Coral Way Kitchen; Corridor Kitchens; Nocturne Hospitality,Nocturne Hospitality; Coral Way Kitchen,Posted a breakdown of Miami's nightlife spend and who actually captures it.,2026-06-05,https://www.linkedin.com/in/talialindqvist
Fatima Okafor,Longshore Venture Partners,Venture Partner,fatima.okafor@longshore.vc,https://longshore.vc,Fort Lauderdale,United States,America/New_York,Series A; Series B,Consumer; DTC; Marketplaces,$100k,$500k,Hospitality real estate and the operating businesses inside it.,Ninefold; Coral Way Kitchen; Late Plate; Palmetto Provisions,Coral Way Kitchen; Palmetto Provisions,Published notes on developer tooling consolidation.,2026-04-20,https://www.linkedin.com/in/fatimaokafor
Iris Moreau,Solstice Venture Partners,Venture Partner,iris.moreau@solstice.vc,https://solstice.vc,Seattle,United States,America/Los_Angeles,Seed,Enterprise SaaS; Security; DevTools,250000,1500000,"Hard tech at seed: space, defense and advanced manufacturing.",Ember Grid; Ninefold; Basalt; Loomstack,Ninefold; Loomstack,Posted on why grid interconnection queues are the real climate bottleneck.,2026-03-14,https://www.linkedin.com/in/irismoreau
Ade Haddad,Northaven Ventures,Managing Partner,ade.haddad@northaven.vc,https://northaven.vc,Miami,United States,America/New_York,Seed; Series A,Food & Beverage; Restaurant Tech; Consumer,$500k,$2M,"We invest in Miami consumer companies. Nightlife, hospitality and food are the categories this city exports, and we fund founders building in them.",Corridor Kitchens; Palmetto Provisions; Brickell Provisions; Late Plate; Kitchen United,Kitchen United; Corridor Kitchens,Blog post on why delivery-first brands beat restaurants that bolt delivery on.,2026-03-29,https://www.linkedin.com/in/adehaddad
Zoe Vasquez,Cedar Point Ventures,Managing Partner,zoe.vasquez@cedarpoint.vc,https://cedarpoint.vc,Fort Lauderdale,United States,America/New_York,"seed, series a",Food & Beverage; Restaurant Tech; Consumer,$100k,$500k,We fund multi-unit and franchise-ready food concepts that can replicate a playbook across corridors without heavy capex.,Corridor Kitchens; Sunbelt Foods; Palmetto Provisions; Late Plate,Late Plate; Sunbelt Foods,Blog post on why delivery-first brands beat restaurants that bolt delivery on.,2026-04-05,https://www.linkedin.com/in/zoevasquez
Grace Sharma,Tidewater Capital,Founding Partner,grace.sharma@tidewater.vc,https://tidewater.vc,Miami,United States,America/New_York,Series A; Series B,Restaurant Technology; Vertical SaaS; Hospitality,$100k,$500k,"We back consumer food and beverage brands at pre-seed and seed, with a strong preference for operators who have actually run kitchens.",Second Shift Foods; Palmetto Provisions; Corridor Kitchens; Nightcap Brands,Palmetto Provisions; Nightcap Brands,Posted a breakdown of Miami's nightlife spend and who actually captures it.,2026-05-21,https://www.linkedin.com/in/gracesharma
Diego Sharma,Beacon Ridge Ventures,Partner,diego.sharma@beaconridge.vc,https://beaconridge.vc,Miami Beach,United States,America/New_York,Growth,Hospitality; Consumer; Franchise,$500k,$2M,"Early-stage consumer brands with real unit economics. We care about average order value, repeat rate and contribution margin before we care about the story.",Corridor Kitchens; Late Plate; Second Shift Foods; Sunbelt Foods,Second Shift Foods; Corridor Kitchens,Blog post on why delivery-first brands beat restaurants that bolt delivery on.,2026-05-08,https://www.linkedin.com/in/diegosharma
Sofia Costa,Quarry Capital Partners,Principal,sofia.costa@quarry.vc,https://quarry.vc,San Francisco,United States,America/Los_Angeles,Series A; Series B,Consumer Fintech; Loyalty; Payments,$250k,$1M,We invest in DTC and consumer brands where the founder owns the customer relationship rather than renting it from a platform.,Cartwheel; Pixelforge; Nocturne Hospitality; Nightcap Brands,Nightcap Brands; Cartwheel,Blog post on why delivery-first brands beat restaurants that bolt delivery on.,2025-11-26,https://www.linkedin.com/in/sofiacosta
Hugo Nguyen,Marlow Labs,Venture Partner,,https://marlow.vc,Seattle,United States,America/Los_Angeles,Series A; Series B,Climate; Energy Storage; Industrial,$1M,$3M,Enterprise infrastructure and developer tools at seed.,Ember Grid; Ninefold; Cartwheel; Terrace,Ember Grid; Cartwheel,Posted on why grid interconnection queues are the real climate bottleneck.,2026-02-08,https://www.linkedin.com/in/hugonguyen
Sofia Berger,Larkspur Ventures,Founding Partner,sofia.berger@larkspur.vc,https://larkspur.vc,West Palm Beach,United States,America/New_York,Early Stage,Food & Beverage; Restaurant Tech; Consumer,$500k,$2M,"Early-stage consumer brands with real unit economics. We care about average order value, repeat rate and contribution margin before we care about the story.",Vice City Eats; Second Shift Foods; Coral Way Kitchen; Nocturne Hospitality,Vice City Eats; Nocturne Hospitality,Posted on why multi-unit food concepts should stop signing restaurant leases.,2026-07-19,https://www.linkedin.com/in/sofiaberger
Nils Iqbal,Halcyon Venture Partners,Venture Partner,nils.iqbal@halcyon.vc,https://halcyon.vc,Toronto,Canada,America/Toronto,Pre-Seed; Seed,Space; Defense; Advanced Manufacturing,$500k,$2M,We invest in therapeutics and platform biology.,Cartwheel; Pixelforge; Terrace; Ninefold,Terrace; Cartwheel,Posted on why grid interconnection queues are the real climate bottleneck.,2025-05-21,https://www.linkedin.com/in/nilsiqbal
Mei Vasquez,Kestrel Labs,Managing Director,mei.vasquez@kestrel.vc,https://kestrel.vc,New York,United States,America/New_York,Seed; Series A,Food & Beverage; Restaurant Tech; Consumer,$250k,$1M,"Early-stage consumer brands with real unit economics. We care about average order value, repeat rate and contribution margin before we care about the story.",Late Plate; Sunbelt Foods; Coral Way Kitchen; Palmetto Provisions,Late Plate; Palmetto Provisions,Posted on why multi-unit food concepts should stop signing restaurant leases.,2026-03-29,https://www.linkedin.com/in/meivasquez
Daniel Kowalski,Foundry Row Labs,Venture Partner,daniel.kowalski@foundryrow.vc,https://foundryrow.vc,New York,United States,America/New_York,Early Stage,Climate; Energy Storage; Industrial,$250k,$1M,"Climate infrastructure, with a focus on grid-scale storage.",Ninefold; Orbital Freight; Loomstack; Basalt,Basalt; Loomstack,Published notes on developer tooling consolidation.,2025-08-12,https://www.linkedin.com/in/danielkowalski
Arjun Farrell,Compass Rose Capital Partners,Principal,arjun.farrell@compassrose.vc,https://compassrose.vc,Coral Gables,United States,America/New_York,Growth,Restaurant Technology; Vertical SaaS; Hospitality,$1M,$3M,We fund multi-unit and franchise-ready food concepts that can replicate a playbook across corridors without heavy capex.,Brickell Provisions; Nocturne Hospitality; Palmetto Provisions; Nightcap Brands,Brickell Provisions; Nocturne Hospitality,Wrote about why late night is the only daypart still growing for restaurants.,2026-04-02,https://www.linkedin.com/in/arjunfarrell
Yara Chen,Hollow Creek Partners,Angel / Operator,yara.chen@hollowcreek.vc,https://hollowcreek.vc,Seattle,United States,America/Los_Angeles,Pre-seed/Seed,Climate; Energy Storage; Industrial,250000,1500000,"Climate infrastructure, with a focus on grid-scale storage.",Ember Grid; Pixelforge; Cartwheel; Orbital Freight,Pixelforge; Ember Grid,Posted on why grid interconnection queues are the real climate bottleneck.,2026-05-09,https://www.linkedin.com/in/yarachen
Mateo Alvarez,Pinemark Capital Partners,Individual Investor,mateo.alvarez@pinemark.vc,https://pinemark.vc,San Francisco,United States,America/Los_Angeles,Pre-seed/Seed,Ghost Kitchens; Food Delivery; Logistics,250000,1500000,"Our focus is the restaurant and hospitality stack: delivery, ghost kitchens, virtual brands and the logistics underneath them.",Late Plate; Coral Way Kitchen; Palmetto Provisions; Corridor Kitchens,Late Plate; Corridor Kitchens,Posted a breakdown of Miami's nightlife spend and who actually captures it.,2025-09-13,https://www.linkedin.com/in/mateoalvarez
Nils Lindqvist,Highgate Capital Partners,General Partner,nils.lindqvist@highgate.vc,https://highgate.vc,Boston,United States,America/New_York,Growth,Real Estate; Hospitality; PropTech,$250k,$1M,We invest in DTC and consumer brands where the founder owns the customer relationship rather than renting it from a platform.,Brickell Provisions; Terrace; Coral Way Kitchen; Vice City Eats,Brickell Provisions; Vice City Eats,Posted on why grid interconnection queues are the real climate bottleneck.,2026-02-11,https://www.linkedin.com/in/nilslindqvist
Leah Costa,Marlow Capital Partners,Partner,leah.costa@marlow.vc,https://marlow.vc,Stockholm,Sweden,Europe/Stockholm,"seed, series a",Biotech; Therapeutics; Life Sciences,$100k,$500k,"Hard tech at seed: space, defense and advanced manufacturing.",Bluewire; Pixelforge; Orbital Freight; Ninefold,Pixelforge; Bluewire,Published notes on developer tooling consolidation.,2026-02-14,https://www.linkedin.com/in/leahcosta
Kenji Silva,Kestrel Capital Partners,Managing Director,kenji.silva@kestrel.vc,https://kestrel.vc,New York,United States,America/New_York,"seed, series a",Ghost Kitchens; Food Delivery; Logistics,$100k,$500k,"Our focus is the restaurant and hospitality stack: delivery, ghost kitchens, virtual brands and the logistics underneath them.",Sunbelt Foods; Second Shift Foods; Corridor Kitchens; Palmetto Provisions,Second Shift Foods; Corridor Kitchens,Wrote about packaging as the real product problem in premium delivery.,2025-08-08,https://www.linkedin.com/in/kenjisilva
Mei Tanaka,Kestrel Labs,GP,deals@kestrel.vc,https://kestrel.vc,New York,United States,America/New_York,Seed; Series A,Food & Beverage; Restaurant Tech; Consumer,$250k,$1M,"Early-stage consumer brands with real unit economics. We care about average order value, repeat rate and contribution margin before we care about the story.",Late Plate; Sunbelt Foods; Coral Way Kitchen; Palmetto Provisions,Sunbelt Foods; Coral Way Kitchen,Wrote about packaging as the real product problem in premium delivery.,2026-05-01,https://www.linkedin.com/in/meitanaka
Daniel Fontaine,Alder Ventures,Angel,daniel.fontaine@alder.vc,https://alder.vc,Austin,United States,America/Chicago,Growth,Hospitality; Consumer; Franchise,$500k,$2M,We fund multi-unit and franchise-ready food concepts that can replicate a playbook across corridors without heavy capex.,Brickell Provisions; Coral Way Kitchen; Second Shift Foods; Late Plate,Second Shift Foods; Late Plate,Wrote about packaging as the real product problem in premium delivery.,2026-03-07,https://www.linkedin.com/in/danielfontaine
Kenji Tanaka,Foundry Row Partners,Managing Partner,kenji.tanaka@foundryrow.vc,https://foundryrow.vc,Austin,United States,America/Chicago,Seed,Real Estate; Hospitality; PropTech,$500k,$2M,We invest in DTC and consumer brands where the founder owns the customer relationship rather than renting it from a platform.,Ninefold; Orbital Freight; Brickell Provisions; Bluewire,Ninefold; Orbital Freight,Wrote about packaging as the real product problem in premium delivery.,2026-05-12,https://www.linkedin.com/in/kenjitanaka
Ruth Weber,Foundry Row Venture Partners,Managing Partner,ruth.weber@foundryrow.vc,https://foundryrow.vc,Coral Gables,United States,America/New_York,Seed; Series A,Last Mile Logistics; Marketplaces; Consumer,$250k,$1M,"Consumer and marketplace businesses at seed, especially last-mile logistics and anything that moves physical goods to a doorstep.",Loomstack; Ember Grid; Ninefold; Terrace,Ninefold; Terrace,Published notes on developer tooling consolidation.,2026-07-19,https://www.linkedin.com/in/ruthweber
Mei Larsen,Kestrel Venture Partners,GP,mei.larsen@kestrel.vc,https://kestrel.vc,Chicago,United States,America/Chicago,Series A; Series B,Space; Defense; Advanced Manufacturing,250000,1500000,Enterprise infrastructure and developer tools at seed.,Cartwheel; Orbital Freight; Pixelforge; Terrace,Pixelforge; Cartwheel,Published notes on developer tooling consolidation.,2025-05-14,https://www.linkedin.com/in/meilarsen
Felix Novak,Compass Rose Capital,General Partner,felix.novak@compassrose.vc,https://compassrose.vc,West Palm Beach,United States,America/New_York,"seed, series a",Consumer; DTC; Marketplaces,250000,1500000,Hospitality real estate and the operating businesses inside it.,Loomstack; Cartwheel; Orbital Freight; Bluewire,Bluewire; Loomstack,Posted on why grid interconnection queues are the real climate bottleneck.,2025-03-25,https://www.linkedin.com/in/felixnovak
Hugo Rossi,Quarry Ventures,Partner,hugo.rossi@quarry.vc,https://quarry.vc,New York,United States,America/New_York,Seed,Consumer; DTC; Marketplaces,$250k,$1M,We invest in DTC and consumer brands where the founder owns the customer relationship rather than renting it from a platform.,Nightcap Brands; Corridor Kitchens; Ember Grid; Second Shift Foods,Ember Grid; Nightcap Brands,Wrote about validator economics and where the fees really go.,2026-05-21,https://www.linkedin.com/in/hugorossi
Hana Novak,Tidewater Partners,GP,hana.novak@tidewater.vc,https://tidewater.vc,New York,United States,America/New_York,"seed, series a",Enterprise SaaS; Security; DevTools,$50k,$250k,We invest in crypto protocols and the tooling around them.,Pixelforge; Bluewire; Terrace; Ember Grid,Pixelforge; Terrace,Posted on why grid interconnection queues are the real climate bottleneck.,2026-05-03,https://www.linkedin.com/in/hananovak
Hana Petrov,Larkspur Labs,Managing Director,hana.petrov@larkspur.vc,https://larkspur.vc,Coral Gables,United States,America/New_York,Series A; Series B,Hospitality; Consumer; Franchise,$1M,$3M,We fund multi-unit and franchise-ready food concepts that can replicate a playbook across corridors without heavy capex.,Second Shift Foods; Corridor Kitchens; Vice City Eats; Nightcap Brands,Vice City Eats; Corridor Kitchens,Podcast appearance on ghost kitchen unit economics and where they break.,2025-12-22,https://www.linkedin.com/in/hanapetrov
Ivan Berger,Grove Lane Capital Partners,Partner,ivan.berger@grovelane.vc,https://grovelane.vc,West Palm Beach,United States,America/New_York,Series A; Series B,Ghost Kitchens; Food Delivery; Logistics,$50k,$250k,"We invest in Miami consumer companies. Nightlife, hospitality and food are the categories this city exports, and we fund founders building in them.",Sunbelt Foods; Corridor Kitchens; Vice City Eats; Nocturne Hospitality,Sunbelt Foods; Corridor Kitchens,Posted a breakdown of Miami's nightlife spend and who actually captures it.,2026-07-03,https://www.linkedin.com/in/ivanberger
Jonas Larsen,Marlow Capital,Angel Investor,jonas.larsen@marlow.vc,https://marlow.vc,New York,United States,America/New_York,Seed; Series A,Ghost Kitchens; Food Delivery; Logistics,$500k,$2M,"We invest in Miami consumer companies. Nightlife, hospitality and food are the categories this city exports, and we fund founders building in them.",Coral Way Kitchen; Corridor Kitchens; Sunbelt Foods; Brickell Provisions,Corridor Kitchens; Coral Way Kitchen,Wrote about packaging as the real product problem in premium delivery.,2026-06-28,https://www.linkedin.com/in/jonaslarsen
Marcus Kaur,Halcyon Capital Partners,Angel Investor,marcus.kaur@halcyon.vc,https://halcyon.vc,Coral Gables,United States,America/New_York,Pre-seed/Seed,Space; Defense; Advanced Manufacturing,$100k,$500k,"Climate infrastructure, with a focus on grid-scale storage.",Ninefold; Terrace; Bluewire; Pixelforge,Bluewire; Pixelforge,Wrote about validator economics and where the fees really go.,2025-04-27,https://www.linkedin.com/in/marcuskaur
Freya Baumann,Highgate Capital Partners,Managing Partner,freya.baumann@highgate.vc,https://highgate.vc,Boston,United States,America/New_York,Growth,Real Estate; Hospitality; PropTech,$250k,$1M,We invest in DTC and consumer brands where the founder owns the customer relationship rather than renting it from a platform.,Brickell Provisions; Terrace; Coral Way Kitchen; Vice City Eats,Coral Way Kitchen; Terrace,Posted on why grid interconnection queues are the real climate bottleneck.,2026-04-23,https://www.linkedin.com/in/freyabaumann
Samir Tanaka,Windward Venture Partners,Founding Partner,samir.tanaka@windward.vc,https://windward.vc,Seattle,United States,America/Los_Angeles,Early Stage,Ghost Kitchens; Food Delivery; Logistics,$500k,$2M,"We back consumer food and beverage brands at pre-seed and seed, with a strong preference for operators who have actually run kitchens.",Coral Way Kitchen; Harborline Hospitality; Nightcap Brands; Palmetto Provisions,Coral Way Kitchen; Nightcap Brands,Wrote about why late night is the only daypart still growing for restaurants.,2025-07-29,https://www.linkedin.com/in/samirtanaka
Yara Alvarez,Cedar Point Ventures,Managing Partner,yara.alvarez@cedarpoint.vc,https://cedarpoint.vc,Fort Lauderdale,United States,America/New_York,"seed, series a",Food & Beverage; Restaurant Tech; Consumer,$100k,$500k,We fund multi-unit and franchise-ready food concepts that can replicate a playbook across corridors without heavy capex.,Corridor Kitchens; Sunbelt Foods; Palmetto Provisions; Late Plate,Corridor Kitchens; Sunbelt Foods,Posted on why multi-unit food concepts should stop signing restaurant leases.,2026-03-01,https://www.linkedin.com/in/yaraalvarez
Hana Larsen,Solstice Capital,GP,info@solstice.vc,https://solstice.vc,Seattle,United States,America/Los_Angeles,Series A; Series B,Climate; Energy Storage; Industrial,$100k,$500k,We invest in crypto protocols and the tooling around them.,Basalt; Ninefold; Bluewire; Cartwheel,Basalt; Bluewire,Posted on why grid interconnection queues are the real climate bottleneck.,2025-05-08,https://www.linkedin.com/in/hanalarsen
Mateo Okafor,Marlow Labs,Partner,mateo.okafor@marlow.vc,https://marlow.vc,Seattle,United States,America/Los_Angeles,Series A; Series B,Climate; Energy Storage; Industrial,$1M,$3M,Enterprise infrastructure and developer tools at seed.,Ember Grid; Ninefold; Cartwheel; Terrace,Terrace; Cartwheel,Posted on why grid interconnection queues are the real climate bottleneck.,2025-08-17,https://www.linkedin.com/in/mateookafor
Arjun Dubois,Windward Partners,Partner,arjun.dubois@windward.vc,https://windward.vc,Miami Beach,United States,America/New_York,Pre-seed/Seed,Last Mile Logistics; Marketplaces; Consumer,$100k,$500k,Hospitality real estate and the operating businesses inside it.,Orbital Freight; Bluewire; Basalt; Harborline Hospitality,Orbital Freight; Harborline Hospitality,Blog post on why delivery-first brands beat restaurants that bolt delivery on.,2026-05-07,https://www.linkedin.com/in/arjundubois
Clara Mbeki,Hollow Creek Labs,General Partner,clara.mbeki@hollowcreek.vc,https://hollowcreek.vc,Chicago,United States,America/Chicago,Seed,Consumer Fintech; Loyalty; Payments,$250k,$1M,Hospitality real estate and the operating businesses inside it.,Palmetto Provisions; Terrace; Sunbelt Foods; Basalt,Terrace; Basalt,Blog post on why delivery-first brands beat restaurants that bolt delivery on.,2026-05-31,https://www.linkedin.com/in/clarambeki
Diego Farrell,Alder Capital,Founding Partner,diego.farrell@alder.vc,https://alder.vc,Miami,United States,America/New_York,Early Stage,Consumer; DTC; Marketplaces,250000,1500000,Hospitality real estate and the operating businesses inside it.,Second Shift Foods; Brickell Provisions; Basalt; Sunbelt Foods,Brickell Provisions; Basalt,Posted on why grid interconnection queues are the real climate bottleneck.,2025-10-16,https://www.linkedin.com/in/diegofarrell
Aisha Sharma,Granite Row Ventures,Founding Partner,aisha.sharma@graniterow.vc,https://graniterow.vc,Miami,United States,America/New_York,Series A; Series B,Climate; Energy Storage; Industrial,$500k,$2M,We invest in therapeutics and platform biology.,Orbital Freight; Ninefold; Ember Grid; Terrace,Ember Grid; Orbital Freight,Wrote about validator economics and where the fees really go.,2026-03-08,https://www.linkedin.com/in/aishasharma
Ade Iqbal,Blue Meridian Partners,Managing Partner,ade.iqbal@bluemeridian.vc,https://bluemeridian.vc,Boston,United States,America/New_York,Seed; Series A,Space; Defense; Advanced Manufacturing,$250k,$1M,We invest in therapeutics and platform biology.,Pixelforge; Terrace; Bluewire; Orbital Freight,Pixelforge; Terrace,Posted on why grid interconnection queues are the real climate bottleneck.,2026-07-13,https://www.linkedin.com/in/adeiqbal
Talia Farrell,Ironwood Labs,GP,talia.farrell@ironwood.vc,https://ironwood.vc,New York,United States,America/New_York,"seed, series a",Real Estate; Hospitality; PropTech,$250k,$1M,Hospitality real estate and the operating businesses inside it.,Corridor Kitchens; Harborline Hospitality; Ember Grid; Brickell Provisions,Harborline Hospitality; Brickell Provisions,Wrote about why late night is the only daypart still growing for restaurants.,2025-03-28,https://www.linkedin.com/in/taliafarrell
Hana Dubois,Two Bridges Capital,Managing Director,hana.dubois@twobridges.vc,https://twobridges.vc,Singapore,Singapore,Asia/Singapore,Seed; Series A,Biotech; Therapeutics; Life Sciences,$50k,$250k,We invest in crypto protocols and the tooling around them.,Ninefold; Pixelforge; Basalt; Orbital Freight,Basalt; Orbital Freight,Published notes on developer tooling consolidation.,2025-09-15,https://www.linkedin.com/in/hanadubois
Mei Petrov,Highgate Partners,Founding Partner,mei.petrov@highgate.vc,https://highgate.vc,Miami Beach,United States,America/New_York,Growth,Consumer Fintech; Loyalty; Payments,$100k,$500k,We invest in DTC and consumer brands where the founder owns the customer relationship rather than renting it from a platform.,Corridor Kitchens; Nocturne Hospitality; Nightcap Brands; Basalt,Nightcap Brands; Nocturne Hospitality,Posted a breakdown of Miami's nightlife spend and who actually captures it.,2026-01-02,https://www.linkedin.com/in/meipetrov
Aisha Andersen,Vantage Hill Capital,Venture Partner,aisha.andersen@vantagehill.vc,https://vantagehill.vc,Miami Beach,United States,America/New_York,Seed; Series A,Crypto; Web3; DeFi,$1M,$3M,Enterprise infrastructure and developer tools at seed.,Orbital Freight; Bluewire; Basalt; Ninefold,Ninefold; Basalt,Wrote about validator economics and where the fees really go.,2026-06-09,https://www.linkedin.com/in/aishaandersen
Hugo Larsen,Fifth Harbor Capital,General Partner,hugo.larsen@fifthharbor.vc,https://fifthharbor.vc,New York,United States,America/New_York,Seed,Consumer; DTC; Marketplaces,$250k,$1M,We invest in DTC and consumer brands where the founder owns the customer relationship rather than renting it from a platform.,Pixelforge; Cartwheel; Terrace; Ember Grid,Terrace; Pixelforge,Podcast appearance on ghost kitchen unit economics and where they break.,2025-10-23,https://www.linkedin.com/in/hugolarsen
Samir Ramirez,Granite Row Capital Partners,General Partner,deals@graniterow.vc,https://graniterow.vc,Coral Gables,United States,America/New_York,Pre-Seed; Seed,Climate; Energy Storage; Industrial,$100k,$500k,"Hard tech at seed: space, defense and advanced manufacturing.",Pixelforge; Orbital Freight; Loomstack; Ninefold,Pixelforge; Orbital Freight,Wrote about validator economics and where the fees really go.,2025-05-08,https://www.linkedin.com/in/samirramirez
Arjun Alvarez,Longshore Labs,Venture Partner,arjun.alvarez@longshore.vc,https://longshore.vc,Fort Lauderdale,United States,America/New_York,Early Stage,Ghost Kitchens; Food Delivery; Logistics,$500k,$2M,"Early-stage consumer brands with real unit economics. We care about average order value, repeat rate and contribution margin before we care about the story.",Second Shift Foods; Nocturne Hospitality; Sunbelt Foods; Palmetto Provisions,Second Shift Foods; Nocturne Hospitality,Posted a breakdown of Miami's nightlife spend and who actually captures it.,2026-06-07,https://www.linkedin.com/in/arjunalvarez
Kenji Fontaine,Blue Meridian Capital,Partner,kenji.fontaine@bluemeridian.vc,https://bluemeridian.vc,West Palm Beach,United States,America/New_York,Pre-seed/Seed,Restaurant Technology; Vertical SaaS; Hospitality,$50k,$250k,"We invest in Miami consumer companies. Nightlife, hospitality and food are the categories this city exports, and we fund founders building in them.",Corridor Kitchens; Nightcap Brands; Sunbelt Foods; Palmetto Provisions,Palmetto Provisions; Corridor Kitchens,Podcast appearance on ghost kitchen unit economics and where they break.,2025-03-19,https://www.linkedin.com/in/kenjifontaine
Clara Farrell,Lantern Capital Partners,Talent Partner,clara.farrell@lantern.vc,https://lantern.vc,Coral Gables,United States,America/New_York,Growth,Ghost Kitchens; Food Delivery; Logistics,$1M,$3M,"Early-stage consumer brands with real unit economics. We care about average order value, repeat rate and contribution margin before we care about the story.",Brickell Provisions; Second Shift Foods; Coral Way Kitchen; Sunbelt Foods,Brickell Provisions; Second Shift Foods,Wrote about why late night is the only daypart still growing for restaurants.,2026-05-30,https://www.linkedin.com/in/clarafarrell
Nadia Berger,Foundry Row Labs,Principal,nadia.berger@foundryrow.vc,https://foundryrow.vc,New York,United States,America/New_York,Early Stage,Climate; Energy Storage; Industrial,$250k,$1M,"Climate infrastructure, with a focus on grid-scale storage.",Ninefold; Orbital Freight; Loomstack; Basalt,Loomstack; Ninefold,Published notes on developer tooling consolidation.,2025-10-03,https://www.linkedin.com/in/nadiaberger
Peter Tanaka,Alder Capital,Partner,peter.tanaka@alder.vc,https://alder.vc,Miami,United States,America/New_York,Early Stage,Consumer; DTC; Marketplaces,250000,1500000,Hospitality real estate and the operating businesses inside it.,Second Shift Foods; Brickell Provisions; Basalt; Sunbelt Foods,Brickell Provisions; Basalt,Wrote about validator economics and where the fees really go.,2026-07-02,https://www.linkedin.com/in/petertanaka
Noah Larsen,Highgate Ventures,Venture Partner,noah.larsen@highgate.vc,https://highgate.vc,Fort Lauderdale,United States,America/New_York,Pre-seed/Seed,Consumer; DTC; Marketplaces,$100k,$500k,Hospitality real estate and the operating businesses inside it.,Nocturne Hospitality; Terrace; Cartwheel; Palmetto Provisions,Cartwheel; Palmetto Provisions,Podcast appearance on ghost kitchen unit economics and where they break.,2026-04-30,https://www.linkedin.com/in/noahlarsen
Felix Weber,Alder Venture Partners,Managing Director,felix.weber@alder.vc,https://alder.vc,Miami Beach,United States,America/New_York,Series A; Series B,Consumer Brands; CPG; Food,$100k,$500k,"We invest in Miami consumer companies. Nightlife, hospitality and food are the categories this city exports, and we fund founders building in them.",Second Shift Foods; Sunbelt Foods; Corridor Kitchens; Late Plate,Corridor Kitchens; Second Shift Foods,Podcast appearance on ghost kitchen unit economics and where they break.,2026-04-18,https://www.linkedin.com/in/felixweber
Elena Farrell,Blue Meridian Labs,Founding Partner,elena.farrell@bluemeridian.vc,https://bluemeridian.vc,New York,United States,America/New_York,"seed, series a",Food & Beverage; Restaurant Tech; Consumer,250000,1500000,"We invest in Miami consumer companies. Nightlife, hospitality and food are the categories this city exports, and we fund founders building in them.",Late Plate; Vice City Eats; Second Shift Foods; Nocturne Hospitality,Second Shift Foods; Nocturne Hospitality,Podcast appearance on ghost kitchen unit economics and where they break.,2026-03-19,https://www.linkedin.com/in/elenafarrell
Hugo Dubois,Quarry Capital,Venture Partner,hugo.dubois@quarry.vc,https://quarry.vc,Coral Gables,United States,America/New_York,Pre-Seed; Seed,Food & Beverage; Restaurant Tech; Consumer,$50k,$250k,"We invest in Miami consumer companies. Nightlife, hospitality and food are the categories this city exports, and we fund founders building in them.",Coral Way Kitchen; Nightcap Brands; Corridor Kitchens; Second Shift Foods,Corridor Kitchens; Coral Way Kitchen,Podcast appearance on ghost kitchen unit economics and where they break.,2026-04-20,https://www.linkedin.com/in/hugodubois
Zoe Haddad,Grove Lane Partners,Venture Partner,zoe.haddad@grovelane.vc,https://grovelane.vc,Coral Gables,United States,America/New_York,Pre-seed/Seed,Consumer Fintech; Loyalty; Payments,$1M,$3M,Hospitality real estate and the operating businesses inside it.,Harborline Hospitality; Palmetto Provisions; Vice City Eats; Nocturne Hospitality,Palmetto Provisions; Harborline Hospitality,Wrote about why late night is the only daypart still growing for restaurants.,2025-05-26,https://www.linkedin.com/in/zoehaddad
Ana Fontaine,Hollow Creek Ventures,Angel / Operator,ana.fontaine@hollowcreek.vc,https://hollowcreek.vc,Singapore,Singapore,Asia/Singapore,Series A; Series B,Food & Beverage; Restaurant Tech; Consumer,$50k,$250k,"We back consumer food and beverage brands at pre-seed and seed, with a strong preference for operators who have actually run kitchens.",Corridor Kitchens; Nightcap Brands; Palmetto Provisions; Vice City Eats,Vice City Eats; Palmetto Provisions,Podcast appearance on ghost kitchen unit economics and where they break.,2025-05-30,https://www.linkedin.com/in/anafontaine
Diego Osei,Hollow Creek Capital Partners,Partner,diego.osei@hollowcreek.vc,https://hollowcreek.vc,New York,United States,America/New_York,Seed; Series A,Consumer; DTC; Marketplaces,$100k,$500k,We invest in DTC and consumer brands where the founder owns the customer relationship rather than renting it from a platform.,Corridor Kitchens; Harborline Hospitality; Second Shift Foods; Loomstack,Loomstack; Harborline Hospitality,Posted a breakdown of Miami's nightlife spend and who actually captures it.,2025-03-09,https://www.linkedin.com/in/diegoosei
Yara Dubois,Silverline Venture Partners,GP,,https://silverline.vc,Fort Lauderdale,United States,America/New_York,Early Stage,Consumer; DTC; Marketplaces,$100k,$500k,"Consumer and marketplace businesses at seed, especially last-mile logistics and anything that moves physical goods to a doorstep.",Coral Way Kitchen; Second Shift Foods; Harborline Hospitality; Late Plate,Second Shift Foods; Late Plate,Blog post on why delivery-first brands beat restaurants that bolt delivery on.,2025-09-25,https://www.linkedin.com/in/yaradubois
Ade Weber,Rivermark Partners,Principal,ade.weber@rivermark.vc,https://rivermark.vc,San Francisco,United States,America/Los_Angeles,Seed,Climate; Energy Storage; Industrial,$1M,$3M,"Climate infrastructure, with a focus on grid-scale storage.",Bluewire; Loomstack; Orbital Freight; Cartwheel,Loomstack; Orbital Freight,Published notes on developer tooling consolidation.,2026-07-08,https://www.linkedin.com/in/adeweber
Talia Sharma,Two Bridges Capital Partners,Principal,talia.sharma@twobridges.vc,https://twobridges.vc,New York,United States,America/New_York,Pre-Seed; Seed,Last Mile Logistics; Marketplaces; Consumer,250000,1500000,"Consumer and marketplace businesses at seed, especially last-mile logistics and anything that moves physical goods to a doorstep.",Ninefold; Bluewire; Ember Grid; Brickell Provisions,Bluewire; Brickell Provisions,Wrote about why late night is the only daypart still growing for restaurants.,2025-05-22,https://www.linkedin.com/in/taliasharma
OMAR IQBAL,"Foundry Row Labs, LLC",GP,omar.iqbal@foundryrow.vc,https://foundryrow.vc,New York,United States,America/New_York,Early Stage,Climate; Energy Storage; Industrial,$250k,$1M,"Climate infrastructure, with a focus on grid-scale storage.",Ninefold; Orbital Freight; Loomstack; Basalt,Ninefold; Loomstack,Wrote about validator economics and where the fees really go.,2026-03-13,https://www.linkedin.com/in/omariqbal
Kenji Nguyen,Vantage Hill Partners,GP,kenji.nguyen@vantagehill.vc,https://vantagehill.vc,New York,United States,America/New_York,Pre-Seed; Seed,Hospitality; Consumer; Franchise,$50k,$250k,We fund multi-unit and franchise-ready food concepts that can replicate a playbook across corridors without heavy capex.,Palmetto Provisions; Late Plate; Corridor Kitchens; Second Shift Foods; Kitchen United,Late Plate; Palmetto Provisions,Posted a breakdown of Miami's nightlife spend and who actually captures it.,2026-03-28,https://www.linkedin.com/in/kenjinguyen
Fatima Sharma,Foundry Row Ventures,Venture Partner,fatima.sharma@foundryrow.vc,https://foundryrow.vc,Fort Lauderdale,United States,America/New_York,Pre-seed/Seed,Biotech; Therapeutics; Life Sciences,$250k,$1M,We invest in crypto protocols and the tooling around them.,Basalt; Orbital Freight; Ember Grid; Cartwheel; Nextbite,Cartwheel; Basalt,Posted on why grid interconnection queues are the real climate bottleneck.,2026-06-12,https://www.linkedin.com/in/fatimasharma
Diego Haddad,Beacon Ridge Labs,GP,diego.haddad@beaconridge.vc,https://beaconridge.vc,New York,United States,America/New_York,"seed, series a",Food & Beverage; Restaurant Tech; Consumer,$50k,$250k,We fund multi-unit and franchise-ready food concepts that can replicate a playbook across corridors without heavy capex.,Second Shift Foods; Brickell Provisions; Nightcap Brands; Harborline Hospitality,Brickell Provisions; Harborline Hospitality,Blog post on why delivery-first brands beat restaurants that bolt delivery on.,2025-06-29,https://www.linkedin.com/in/diegohaddad
Noah Rossi,Lantern Capital,Managing Partner,noah.rossi@lantern.vc,https://lantern.vc,West Palm Beach,United States,America/New_York,Growth,Climate; Energy Storage; Industrial,$1M,$3M,Enterprise infrastructure and developer tools at seed.,Cartwheel; Pixelforge; Basalt; Ember Grid,Cartwheel; Ember Grid,Published notes on developer tooling consolidation.,2026-05-03,https://www.linkedin.com/in/noahrossi
Freya Dubois,Pinemark Capital,General Partner,freya.dubois@pinemark.vc,https://pinemark.vc,Miami Beach,United States,America/New_York,Growth,Consumer Fintech; Loyalty; Payments,$500k,$2M,Hospitality real estate and the operating businesses inside it.,Vice City Eats; Corridor Kitchens; Cartwheel; Palmetto Provisions,Cartwheel; Vice City Eats,Posted a breakdown of Miami's nightlife spend and who actually captures it.,2026-05-24,https://www.linkedin.com/in/freyadubois
Nadia Moreau,Two Bridges Labs,Venture Partner,nadia.moreau@twobridges.vc,https://twobridges.vc,Austin,United States,America/Chicago,Pre-Seed; Seed,Consumer Fintech; Loyalty; Payments,$500k,$2M,Hospitality real estate and the operating businesses inside it.,Coral Way Kitchen; Second Shift Foods; Ember Grid; Loomstack,Loomstack; Coral Way Kitchen,Wrote about packaging as the real product problem in premium delivery.,2026-06-27,https://www.linkedin.com/in/nadiamoreau
Peter Andersen,Grove Lane Ventures,Managing Director,peter.andersen@grovelane.vc,https://grovelane.vc,Austin,United States,America/Chicago,Seed; Series A,Enterprise SaaS; Security; DevTools,$250k,$1M,"Hard tech at seed: space, defense and advanced manufacturing.",Pixelforge; Bluewire; Orbital Freight; Ember Grid; CloudKitchens,Ember Grid; Orbital Freight,Wrote about validator economics and where the fees really go.,2026-01-06,https://www.linkedin.com/in/peterandersen
Zoe Iqbal,Beacon Ridge Partners,Venture Partner,zoe.iqbal@beaconridge.vc,https://beaconridge.vc,Fort Lauderdale,United States,America/New_York,Pre-seed/Seed,Hospitality; Consumer; Franchise,$1M,$3M,We fund multi-unit and franchise-ready food concepts that can replicate a playbook across corridors without heavy capex.,Nocturne Hospitality; Palmetto Provisions; Late Plate; Coral Way Kitchen,Coral Way Kitchen; Late Plate,Blog post on why delivery-first brands beat restaurants that bolt delivery on.,2026-04-03,https://www.linkedin.com/in/zoeiqbal
Rosa Andersen,Larkspur Partners,GP,rosa.andersen@larkspur.vc,https://larkspur.vc,Singapore,Singapore,Asia/Singapore,"seed, series a",Space; Defense; Advanced Manufacturing,$100k,$500k,"Hard tech at seed: space, defense and advanced manufacturing.",Loomstack; Bluewire; Cartwheel; Terrace,Terrace; Bluewire,Posted on why grid interconnection queues are the real climate bottleneck.,2026-06-27,https://www.linkedin.com/in/rosaandersen
Yara Petrov,Windward Capital,Talent Partner,yara.petrov@windward.vc,https://windward.vc,Boston,United States,America/New_York,Growth,Ghost Kitchens; Food Delivery; Logistics,$1M,$3M,"Our focus is the restaurant and hospitality stack: delivery, ghost kitchens, virtual brands and the logistics underneath them.",Coral Way Kitchen; Palmetto Provisions; Nocturne Hospitality; Nightcap Brands; REEF Technology,Coral Way Kitchen; REEF Technology,Wrote about why late night is the only daypart still growing for restaurants.,2026-06-27,https://www.linkedin.com/in/yarapetrov
Diego Iqbal,Cedar Point Partners,GP,diego.iqbal@cedarpoint.vc,https://cedarpoint.vc,Chicago,United States,America/Chicago,Seed; Series A,Ghost Kitchens; Food Delivery; Logistics,250000,1500000,"Our focus is the restaurant and hospitality stack: delivery, ghost kitchens, virtual brands and the logistics underneath them.",Corridor Kitchens; Second Shift Foods; Nightcap Brands; Vice City Eats,Second Shift Foods; Vice City Eats,Posted a breakdown of Miami's nightlife spend and who actually captures it.,2026-04-04,https://www.linkedin.com/in/diegoiqbal
Mei Andersen,Marlow Capital,General Partner,mei.andersen@marlow.vc,https://marlow.vc,New York,United States,America/New_York,Seed; Series A,Ghost Kitchens; Food Delivery; Logistics,$500k,$2M,"We invest in Miami consumer companies. Nightlife, hospitality and food are the categories this city exports, and we fund founders building in them.",Coral Way Kitchen; Corridor Kitchens; Sunbelt Foods; Brickell Provisions,Coral Way Kitchen; Brickell Provisions,Wrote about packaging as the real product problem in premium delivery.,2025-09-18,https://www.linkedin.com/in/meiandersen
Ravi Vasquez,Kestrel Partners,Managing Partner,ravi.vasquez@kestrel.vc,https://kestrel.vc,New York,United States,America/New_York,Seed; Series A,Ghost Kitchens; Food Delivery; Logistics,$50k,$250k,"Our focus is the restaurant and hospitality stack: delivery, ghost kitchens, virtual brands and the logistics underneath them.",Corridor Kitchens; Palmetto Provisions; Vice City Eats; Harborline Hospitality,Palmetto Provisions; Vice City Eats,Wrote about packaging as the real product problem in premium delivery.,2026-03-16,https://www.linkedin.com/in/ravivasquez
Nadia Andersen,Fifth Harbor Capital Partners,Partner,nadia.andersen@fifthharbor.vc,https://fifthharbor.vc,Austin,United States,America/Chicago,Growth,Restaurant Technology; Vertical SaaS; Hospitality,$50k,$250k,We fund multi-unit and franchise-ready food concepts that can replicate a playbook across corridors without heavy capex.,Vice City Eats; Harborline Hospitality; Brickell Provisions; Palmetto Provisions,Harborline Hospitality; Vice City Eats,Wrote about why late night is the only daypart still growing for restaurants.,2026-06-18,https://www.linkedin.com/in/nadiaandersen
Hugo Brenner,Solstice Capital Partners,Founding Partner,hugo.brenner@solstice.vc,https://solstice.vc,Stockholm,Sweden,Europe/Stockholm,Early Stage,Consumer; DTC; Marketplaces,$250k,$1M,"Consumer and marketplace businesses at seed, especially last-mile logistics and anything that moves physical goods to a doorstep.",Ninefold; Palmetto Provisions; Terrace; Corridor Kitchens,Palmetto Provisions; Corridor Kitchens,Posted a breakdown of Miami's nightlife spend and who actually captures it.,2025-09-18,https://www.linkedin.com/in/hugobrenner
Rosa Costa,Two Bridges Ventures,General Partner,rosa.costa@twobridges.vc,https://twobridges.vc,San Francisco,United States,America/Los_Angeles,Growth,Food & Beverage; Restaurant Tech; Consumer,$500k,$2M,"We back consumer food and beverage brands at pre-seed and seed, with a strong preference for operators who have actually run kitchens.",Late Plate; Palmetto Provisions; Brickell Provisions; Nocturne Hospitality,Brickell Provisions; Palmetto Provisions,Podcast appearance on ghost kitchen unit economics and where they break.,2025-04-10,https://www.linkedin.com/in/rosacosta
Leah Weber,Copper Beach Partners,Angel / Operator,leah.weber@copperbeach.vc,https://copperbeach.vc,Chicago,United States,America/Chicago,Pre-Seed; Seed,Space; Defense; Advanced Manufacturing,250000,1500000,"Hard tech at seed: space, defense and advanced manufacturing.",Loomstack; Basalt; Ember Grid; Ninefold,Ember Grid; Basalt,Wrote about validator economics and where the fees really go.,2026-05-22,https://www.linkedin.com/in/leahweber
Yara Vasquez,Two Bridges Venture Partners,General Partner,yara.vasquez@twobridges.vc,https://twobridges.vc,West Palm Beach,United States,America/New_York,"seed, series a",Climate; Energy Storage; Industrial,$500k,$2M,"Climate infrastructure, with a focus on grid-scale storage.",Ember Grid; Pixelforge; Ninefold; Orbital Freight,Orbital Freight; Ninefold,Published notes on developer tooling consolidation.,2026-05-23,https://www.linkedin.com/in/yaravasquez
Aisha Larsen,Blue Meridian Capital,Managing Director,aisha.larsen@bluemeridian.vc,https://bluemeridian.vc,West Palm Beach,United States,America/New_York,Pre-seed/Seed,Restaurant Technology; Vertical SaaS; Hospitality,$50k,$250k,"We invest in Miami consumer companies. Nightlife, hospitality and food are the categories this city exports, and we fund founders building in them.",Corridor Kitchens; Nightcap Brands; Sunbelt Foods; Palmetto Provisions,Nightcap Brands; Sunbelt Foods,Wrote about why late night is the only daypart still growing for restaurants.,2026-03-26,https://www.linkedin.com/in/aishalarsen
Peter Berger,Two Bridges Capital,Principal,peter.berger@twobridges.vc,https://twobridges.vc,Singapore,Singapore,Asia/Singapore,Seed; Series A,Biotech; Therapeutics; Life Sciences,$50k,$250k,We invest in crypto protocols and the tooling around them.,Ninefold; Pixelforge; Basalt; Orbital Freight,Orbital Freight; Ninefold,Wrote about validator economics and where the fees really go.,2025-04-16,https://www.linkedin.com/in/peterberger
Rosa Fontaine,Vantage Hill Partners,Managing Director,rosa.fontaine@vantagehill.vc,https://vantagehill.vc,New York,United States,America/New_York,Pre-Seed; Seed,Hospitality; Consumer; Franchise,$50k,$250k,We fund multi-unit and franchise-ready food concepts that can replicate a playbook across corridors without heavy capex.,Palmetto Provisions; Late Plate; Corridor Kitchens; Second Shift Foods; Kitchen United,Second Shift Foods; Late Plate,Wrote about why late night is the only daypart still growing for restaurants.,2026-04-25,https://www.linkedin.com/in/rosafontaine
Ade Costa,Rivermark Venture Partners,Angel,ade.costa@rivermark.vc,https://rivermark.vc,West Palm Beach,United States,America/New_York,Growth,Consumer; DTC; Marketplaces,$50k,$250k,Hospitality real estate and the operating businesses inside it.,Brickell Provisions; Loomstack; Ninefold; Late Plate,Ninefold; Loomstack,Posted on why multi-unit food concepts should stop signing restaurant leases.,2026-04-21,https://www.linkedin.com/in/adecosta
Ade Andersen,Copper Beach Venture Partners,Principal,ade.andersen@copperbeach.vc,https://copperbeach.vc,Miami Beach,United States,America/New_York,Growth,Climate; Energy Storage; Industrial,$50k,$250k,Enterprise infrastructure and developer tools at seed.,Basalt; Ninefold; Pixelforge; Orbital Freight,Ninefold; Orbital Freight,Posted on why grid interconnection queues are the real climate bottleneck.,2026-03-26,https://www.linkedin.com/in/adeandersen
Amara Tanaka,Cedar Point Labs,Partner,,https://cedarpoint.vc,San Francisco,United States,America/Los_Angeles,Growth,Hospitality; Consumer; Franchise,$1M,$3M,"We back consumer food and beverage brands at pre-seed and seed, with a strong preference for operators who have actually run kitchens.",Harborline Hospitality; Coral Way Kitchen; Nocturne Hospitality; Palmetto Provisions,Coral Way Kitchen; Palmetto Provisions,Posted a breakdown of Miami's nightlife spend and who actually captures it.,2026-03-02,https://www.linkedin.com/in/amaratanaka
Wei Farrell,Windward Capital,Founding Partner,wei.farrell@windward.vc,https://windward.vc,Boston,United States,America/New_York,Growth,Ghost Kitchens; Food Delivery; Logistics,$1M,$3M,"Our focus is the restaurant and hospitality stack: delivery, ghost kitchens, virtual brands and the logistics underneath them.",Coral Way Kitchen; Palmetto Provisions; Nocturne Hospitality; Nightcap Brands; REEF Technology,REEF Technology; Coral Way Kitchen,Posted a breakdown of Miami's nightlife spend and who actually captures it.,2026-06-01,https://www.linkedin.com/in/weifarrell
Clara Novak,Silverline Capital,Individual Investor,clara.novak@silverline.vc,https://silverline.vc,Austin,United States,America/Chicago,Pre-Seed; Seed,Consumer Fintech; Loyalty; Payments,$50k,$250k,Hospitality real estate and the operating businesses inside it.,Corridor Kitchens; Nocturne Hospitality; Brickell Provisions; Ninefold,Brickell Provisions; Corridor Kitchens,Blog post on why delivery-first brands beat restaurants that bolt delivery on.,2026-06-29,https://www.linkedin.com/in/claranovak
Iris Lindqvist,Tidewater Capital,Managing Director,iris.lindqvist@tidewater.vc,https://tidewater.vc,Miami,United States,America/New_York,Series A; Series B,Restaurant Technology; Vertical SaaS; Hospitality,$100k,$500k,"We back consumer food and beverage brands at pre-seed and seed, with a strong preference for operators who have actually run kitchens.",Second Shift Foods; Palmetto Provisions; Corridor Kitchens; Nightcap Brands,Palmetto Provisions; Second Shift Foods,Wrote about packaging as the real product problem in premium delivery.,2026-07-04,https://www.linkedin.com/in/irislindqvist
Kenji Vasquez,Solstice Labs,General Partner,kenji.vasquez@solstice.vc,https://solstice.vc,Miami,United States,America/New_York,Seed; Series A,Space; Defense; Advanced Manufacturing,$1M,$3M,We invest in therapeutics and platform biology.,Orbital Freight; Ninefold; Pixelforge; Loomstack,Orbital Freight; Ninefold,Published notes on developer tooling consolidation.,2026-05-02,https://www.linkedin.com/in/kenjivasquez
Marcus Tanaka,Lantern Partners,Talent Partner,marcus.tanaka@lantern.vc,https://lantern.vc,Singapore,Singapore,Asia/Singapore,Pre-Seed; Seed,Space; Defense; Advanced Manufacturing,$50k,$250k,Enterprise infrastructure and developer tools at seed.,Basalt; Cartwheel; Pixelforge; Terrace,Terrace; Basalt,Posted on why grid interconnection queues are the real climate bottleneck.,2026-03-14,https://www.linkedin.com/in/marcustanaka
Yara Andersen,Quarry Partners,Partner,yara.andersen@quarry.vc,https://quarry.vc,New York,United States,America/New_York,Growth,Enterprise SaaS; Security; DevTools,$100k,$500k,We invest in therapeutics and platform biology.,Pixelforge; Orbital Freight; Bluewire; Loomstack,Loomstack; Pixelforge,Published notes on developer tooling consolidation.,2026-04-03,https://www.linkedin.com/in/yaraandersen
Kenji Osei,Quarry Capital,Principal,kenji.osei@quarry.vc,https://quarry.vc,Coral Gables,United States,America/New_York,Pre-Seed; Seed,Food & Beverage; Restaurant Tech; Consumer,$50k,$250k,"We invest in Miami consumer companies. Nightlife, hospitality and food are the categories this city exports, and we fund founders building in them.",Coral Way Kitchen; Nightcap Brands; Corridor Kitchens; Second Shift Foods,Corridor Kitchens; Coral Way Kitchen,Podcast appearance on ghost kitchen unit economics and where they break.,2026-07-06,https://www.linkedin.com/in/kenjiosei
Elena Silva,Pinemark Capital Partners,Venture Partner,elena.silva@pinemark.vc,https://pinemark.vc,San Francisco,United States,America/Los_Angeles,Pre-seed/Seed,Ghost Kitchens; Food Delivery; Logistics,250000,1500000,"Our focus is the restaurant and hospitality stack: delivery, ghost kitchens, virtual brands and the logistics underneath them.",Late Plate; Coral Way Kitchen; Palmetto Provisions; Corridor Kitchens,Corridor Kitchens; Palmetto Provisions,Blog post on why delivery-first brands beat restaurants that bolt delivery on.,2026-07-12,https://www.linkedin.com/in/elenasilva
Samir Kaur,Compass Rose Labs,Founding Partner,samir.kaur@compassrose.vc,https://compassrose.vc,Miami Beach,United States,America/New_York,Seed,Consumer Brands; CPG; Food,$250k,$1M,"Early-stage consumer brands with real unit economics. We care about average order value, repeat rate and contribution margin before we care about the story.",Palmetto Provisions; Nocturne Hospitality; Corridor Kitchens; Vice City Eats,Palmetto Provisions; Corridor Kitchens,Posted on why multi-unit food concepts should stop signing restaurant leases.,2025-05-12,https://www.linkedin.com/in/samirkaur
Talia Novak,Tidewater Ventures,Managing Partner,talia.novak@tidewater.vc,https://tidewater.vc,Miami Beach,United States,America/New_York,Seed; Series A,Consumer Brands; CPG; Food,$50k,$250k,"Early-stage consumer brands with real unit economics. We care about average order value, repeat rate and contribution margin before we care about the story.",Harborline Hospitality; Sunbelt Foods; Coral Way Kitchen; Corridor Kitchens,Coral Way Kitchen; Harborline Hospitality,Wrote about why late night is the only daypart still growing for restaurants.,2026-02-10,https://www.linkedin.com/in/talianovak
Amara Sharma,Hollow Creek Labs,General Partner,amara.sharma@hollowcreek.vc,https://hollowcreek.vc,Chicago,United States,America/Chicago,Seed,Consumer Fintech; Loyalty; Payments,$250k,$1M,Hospitality real estate and the operating businesses inside it.,Palmetto Provisions; Terrace; Sunbelt Foods; Basalt,Basalt; Terrace,Wrote about packaging as the real product problem in premium delivery.,2025-08-03,https://www.linkedin.com/in/amarasharma
Zoe Tanaka,Ashford Labs,Founding Partner,zoe.tanaka@ashford.vc,https://ashford.vc,Fort Lauderdale,United States,America/New_York,Growth,Food & Beverage; Restaurant Tech; Consumer,$100k,$500k,"Early-stage consumer brands with real unit economics. We care about average order value, repeat rate and contribution margin before we care about the story.",Nightcap Brands; Corridor Kitchens; Nocturne Hospitality; Brickell Provisions,Nightcap Brands; Corridor Kitchens,Posted a breakdown of Miami's nightlife spend and who actually captures it.,2026-05-02,https://www.linkedin.com/in/zoetanaka
Kenji Sharma,Northaven Capital Partners,Angel / Operator,kenji.sharma@northaven.vc,https://northaven.vc,Stockholm,Sweden,Europe/Stockholm,Series A; Series B,Crypto; Web3; DeFi,$500k,$2M,"Hard tech at seed: space, defense and advanced manufacturing.",Orbital Freight; Terrace; Cartwheel; Loomstack,Orbital Freight; Loomstack,Published notes on developer tooling consolidation.,2025-11-12,https://www.linkedin.com/in/kenjisharma
Nils Tanaka,Rivermark Capital,Venture Partner,nils.tanaka@rivermark.vc,https://rivermark.vc,Seattle,United States,America/Los_Angeles,Series A; Series B,Enterprise SaaS; Security; DevTools,250000,1500000,Enterprise infrastructure and developer tools at seed.,Bluewire; Terrace; Ninefold; Pixelforge,Bluewire; Terrace,Posted on why grid interconnection queues are the real climate bottleneck.,2026-05-30,https://www.linkedin.com/in/nilstanaka
Amara Petrov,Vantage Hill Capital Partners,Principal,amara.petrov@vantagehill.vc,https://vantagehill.vc,New York,United States,America/New_York,Series A; Series B,Food & Beverage; Restaurant Tech; Consumer,$100k,$500k,"We invest in Miami consumer companies. Nightlife, hospitality and food are the categories this city exports, and we fund founders building in them.",Corridor Kitchens; Late Plate; Nocturne Hospitality; Sunbelt Foods,Late Plate; Sunbelt Foods,Wrote about packaging as the real product problem in premium delivery.,2025-11-25,https://www.linkedin.com/in/amarapetrov
Ivan Sharma,Vantage Hill Ventures,General Partner,ivan.sharma@vantagehill.vc,https://vantagehill.vc,San Francisco,United States,America/Los_Angeles,"seed, series a",Consumer Brands; CPG; Food,$250k,$1M,"We back consumer food and beverage brands at pre-seed and seed, with a strong preference for operators who have actually run kitchens.",Vice City Eats; Harborline Hospitality; Coral Way Kitchen; Second Shift Foods,Coral Way Kitchen; Harborline Hospitality,Wrote about packaging as the real product problem in premium delivery.,2026-06-18,https://www.linkedin.com/in/ivansharma
Diego Novak,Grove Lane Venture Partners,Principal,diego.novak@grovelane.vc,https://grovelane.vc,Chicago,United States,America/Chicago,Growth,Consumer Fintech; Loyalty; Payments,$250k,$1M,We invest in DTC and consumer brands where the founder owns the customer relationship rather than renting it from a platform.,Pixelforge; Harborline Hospitality; Basalt; Corridor Kitchens,Pixelforge; Harborline Hospitality,Wrote about validator economics and where the fees really go.,2026-06-07,https://www.linkedin.com/in/diegonovak
Daniel Haddad,Rivermark Capital Partners,Founding Partner,daniel.haddad@rivermark.vc,https://rivermark.vc,Miami,United States,America/New_York,Early Stage,Consumer Brands; CPG; Food,$1M,$3M,"We invest in Miami consumer companies. Nightlife, hospitality and food are the categories this city exports, and we fund founders building in them.",Brickell Provisions; Second Shift Foods; Sunbelt Foods; Coral Way Kitchen,Second Shift Foods; Coral Way Kitchen,Podcast appearance on ghost kitchen unit economics and where they break.,2026-03-10,https://www.linkedin.com/in/danielhaddad
Rosa Sharma,Vantage Hill Partners,Venture Partner,rosa.sharma@vantagehill.vc,https://vantagehill.vc,New York,United States,America/New_York,Pre-Seed; Seed,Hospitality; Consumer; Franchise,$50k,$250k,We fund multi-unit and franchise-ready food concepts that can replicate a playbook across corridors without heavy capex.,Palmetto Provisions; Late Plate; Corridor Kitchens; Second Shift Foods; Kitchen United,Corridor Kitchens; Late Plate,Podcast appearance on ghost kitchen unit economics and where they break.,2025-10-04,https://www.linkedin.com/in/rosasharma
Wei Chen,Tidewater Capital Partners,General Partner,wei.chen@tidewater.vc,https://tidewater.vc,San Francisco,United States,America/Los_Angeles,"seed, series a",Consumer; DTC; Marketplaces,$50k,$250k,We invest in DTC and consumer brands where the founder owns the customer relationship rather than renting it from a platform.,Coral Way Kitchen; Nocturne Hospitality; Corridor Kitchens; Terrace,Nocturne Hospitality; Corridor Kitchens,Blog post on why delivery-first brands beat restaurants that bolt delivery on.,2025-08-23,https://www.linkedin.com/in/weichen
Rosa Lindqvist,Larkspur Capital Partners,Senior Associate,rosa.lindqvist@larkspur.vc,https://larkspur.vc,Fort Lauderdale,United States,America/New_York,Growth,Last Mile Logistics; Marketplaces; Consumer,$1M,$3M,"Consumer and marketplace businesses at seed, especially last-mile logistics and anything that moves physical goods to a doorstep.",Nightcap Brands; Ember Grid; Cartwheel; Second Shift Foods,Ember Grid; Second Shift Foods,Wrote about validator economics and where the fees really go.,2026-05-13,https://www.linkedin.com/in/rosalindqvist
Amara Okafor,Cedar Point Capital Partners,Partner,amara.okafor@cedarpoint.vc,https://cedarpoint.vc,Miami Beach,United States,America/New_York,"seed, series a",Last Mile Logistics; Marketplaces; Consumer,$500k,$2M,We invest in DTC and consumer brands where the founder owns the customer relationship rather than renting it from a platform.,Vice City Eats; Orbital Freight; Ember Grid; Basalt,Orbital Freight; Ember Grid,Wrote about packaging as the real product problem in premium delivery.,2026-07-07,https://www.linkedin.com/in/amaraokafor
Nadia Tanaka,Beacon Ridge Capital,Managing Partner,nadia.tanaka@beaconridge.vc,https://beaconridge.vc,Miami Beach,United States,America/New_York,Seed; Series A,Space; Defense; Advanced Manufacturing,$100k,$500k,We invest in therapeutics and platform biology.,Terrace; Orbital Freight; Ember Grid; Cartwheel,Cartwheel; Ember Grid,Published notes on developer tooling consolidation.,2026-06-12,https://www.linkedin.com/in/nadiatanaka
Marcus Sharma,Two Bridges Ventures,Founding Partner,marcus.sharma@twobridges.vc,https://twobridges.vc,San Francisco,United States,America/Los_Angeles,Growth,Food & Beverage; Restaurant Tech; Consumer,$500k,$2M,"We back consumer food and beverage brands at pre-seed and seed, with a strong preference for operators who have actually run kitchens.",Late Plate; Palmetto Provisions; Brickell Provisions; Nocturne Hospitality,Brickell Provisions; Late Plate,Wrote about why late night is the only daypart still growing for restaurants.,2026-04-20,https://www.linkedin.com/in/marcussharma
Ivan Novak,Pinemark Labs,Principal,ivan.novak@pinemark.vc,https://pinemark.vc,Austin,United States,America/Chicago,Seed; Series A,Crypto; Web3; DeFi,250000,1500000,"Climate infrastructure, with a focus on grid-scale storage.",Loomstack; Pixelforge; Orbital Freight; Ember Grid,Ember Grid; Pixelforge,Posted on why grid interconnection queues are the real climate bottleneck.,2026-04-11,https://www.linkedin.com/in/ivannovak
Jonas Petrov,Ashford Capital,Partner,jonas.petrov@ashford.vc,https://ashford.vc,Boston,United States,America/New_York,Pre-seed/Seed,Restaurant Technology; Vertical SaaS; Hospitality,$100k,$500k,We fund multi-unit and franchise-ready food concepts that can replicate a playbook across corridors without heavy capex.,Vice City Eats; Corridor Kitchens; Late Plate; Nocturne Hospitality,Vice City Eats; Nocturne Hospitality,Posted a breakdown of Miami's nightlife spend and who actually captures it.,2026-04-30,https://www.linkedin.com/in/jonaspetrov
Clara Sharma,Marlow Labs,General Partner,clara.sharma@marlow.vc,https://marlow.vc,Seattle,United States,America/Los_Angeles,Series A; Series B,Climate; Energy Storage; Industrial,$1M,$3M,Enterprise infrastructure and developer tools at seed.,Ember Grid; Ninefold; Cartwheel; Terrace,Terrace; Ember Grid,Posted on why grid interconnection queues are the real climate bottleneck.,2026-02-21,https://www.linkedin.com/in/clarasharma
Rosa Silva,Foundry Row Venture Partners,Venture Partner,rosa.silva@foundryrow.vc,https://foundryrow.vc,Coral Gables,United States,America/New_York,Seed; Series A,Last Mile Logistics; Marketplaces; Consumer,$250k,$1M,"Consumer and marketplace businesses at seed, especially last-mile logistics and anything that moves physical goods to a doorstep.",Loomstack; Ember Grid; Ninefold; Terrace,Terrace; Ember Grid,Blog post on why delivery-first brands beat restaurants that bolt delivery on.,2025-06-16,https://www.linkedin.com/in/rosasilva
Wei Kowalski,Blue Meridian Ventures,Associate,wei.kowalski@bluemeridian.vc,https://bluemeridian.vc,Austin,United States,America/Chicago,Pre-seed/Seed,Last Mile Logistics; Marketplaces; Consumer,$1M,$3M,We invest in DTC and consumer brands where the founder owns the customer relationship rather than renting it from a platform.,Orbital Freight; Ember Grid; Vice City Eats; Ninefold,Vice City Eats; Orbital Freight,Wrote about validator economics and where the fees really go.,2025-05-30,https://www.linkedin.com/in/weikowalski
Samir Rossi,Highgate Labs,General Partner,samir.rossi@highgate.vc,https://highgate.vc,Miami,United States,America/New_York,Early Stage,Food & Beverage; Restaurant Tech; Consumer,$500k,$2M,"We back consumer food and beverage brands at pre-seed and seed, with a strong preference for operators who have actually run kitchens.",Nightcap Brands; Nocturne Hospitality; Vice City Eats; Corridor Kitchens,Nightcap Brands; Nocturne Hospitality,Posted on why multi-unit food concepts should stop signing restaurant leases.,2025-04-03,https://www.linkedin.com/in/samirrossi
Leah Kowalski,Copper Beach Capital,General Partner,leah.kowalski@copperbeach.vc,https://copperbeach.vc,Seattle,United States,America/Los_Angeles,Seed; Series A,Hospitality; Consumer; Franchise,$1M,$3M,"We back consumer food and beverage brands at pre-seed and seed, with a strong preference for operators who have actually run kitchens.",Harborline Hospitality; Sunbelt Foods; Brickell Provisions; Coral Way Kitchen,Harborline Hospitality; Brickell Provisions,Wrote about packaging as the real product problem in premium delivery.,2025-08-22,https://www.linkedin.com/in/leahkowalski
Hugo Baumann,Blue Meridian Capital Partners,Venture Partner,hugo.baumann@bluemeridian.vc,https://bluemeridian.vc,Chicago,United States,America/Chicago,"seed, series a",Restaurant Technology; Vertical SaaS; Hospitality,250000,1500000,"We back consumer food and beverage brands at pre-seed and seed, with a strong preference for operators who have actually run kitchens.",Brickell Provisions; Sunbelt Foods; Harborline Hospitality; Vice City Eats,Harborline Hospitality; Vice City Eats,Posted a breakdown of Miami's nightlife spend and who actually captures it.,2026-05-27,https://www.linkedin.com/in/hugobaumann
Talia Costa,Quarry Labs,Principal,talia.costa@quarry.vc,https://quarry.vc,Miami,United States,America/New_York,Seed; Series A,Biotech; Therapeutics; Life Sciences,$100k,$500k,We invest in therapeutics and platform biology.,Ember Grid; Loomstack; Basalt; Cartwheel,Ember Grid; Basalt,Published notes on developer tooling consolidation.,2026-06-04,https://www.linkedin.com/in/taliacosta
Ana Kaur,Tidewater Venture Partners,Individual Investor,ana.kaur@tidewater.vc,https://tidewater.vc,San Francisco,United States,America/Los_Angeles,Seed; Series A,Consumer Fintech; Loyalty; Payments,$50k,$250k,"Consumer and marketplace businesses at seed, especially last-mile logistics and anything that moves physical goods to a doorstep.",Cartwheel; Late Plate; Bluewire; Palmetto Provisions,Cartwheel; Palmetto Provisions,Posted on why grid interconnection queues are the real climate bottleneck.,2025-06-08,https://www.linkedin.com/in/anakaur
Tomas Fontaine,Blue Meridian Ventures,Principal,tomas.fontaine@bluemeridian.vc,https://bluemeridian.vc,Austin,United States,America/Chicago,Pre-seed/Seed,Last Mile Logistics; Marketplaces; Consumer,$1M,$3M,We invest in DTC and consumer brands where the founder owns the customer relationship rather than renting it from a platform.,Orbital Freight; Ember Grid; Vice City Eats; Ninefold,Ninefold; Orbital Freight,Podcast appearance on ghost kitchen unit economics and where they break.,2025-12-02,https://www.linkedin.com/in/tomasfontaine
Marcus Moreau,Beacon Ridge Capital Partners,GP,marcus.moreau@beaconridge.vc,https://beaconridge.vc,Miami,United States,America/New_York,Growth,Hospitality; Consumer; Franchise,$1M,$3M,"Early-stage consumer brands with real unit economics. We care about average order value, repeat rate and contribution margin before we care about the story.",Harborline Hospitality; Vice City Eats; Coral Way Kitchen; Late Plate,Coral Way Kitchen; Harborline Hospitality,Blog post on why delivery-first brands beat restaurants that bolt delivery on.,2026-05-06,https://www.linkedin.com/in/marcusmoreau
Samir Chen,Copper Beach Partners,Partner,samir.chen@copperbeach.vc,https://copperbeach.vc,Chicago,United States,America/Chicago,Pre-Seed; Seed,Space; Defense; Advanced Manufacturing,250000,1500000,"Hard tech at seed: space, defense and advanced manufacturing.",Loomstack; Basalt; Ember Grid; Ninefold,Ninefold; Loomstack,Wrote about validator economics and where the fees really go.,2026-06-24,https://www.linkedin.com/in/samirchen
Tomas Petrov,Silverline Ventures,Managing Partner,tomas.petrov@silverline.vc,https://silverline.vc,Coral Gables,United States,America/New_York,Early Stage,Food & Beverage; Restaurant Tech; Consumer,250000,1500000,"We back consumer food and beverage brands at pre-seed and seed, with a strong preference for operators who have actually run kitchens.",Brickell Provisions; Sunbelt Foods; Vice City Eats; Corridor Kitchens,Brickell Provisions; Corridor Kitchens,Posted a breakdown of Miami's nightlife spend and who actually captures it.,2025-07-12,https://www.linkedin.com/in/tomaspetrov
Ade Chen,Hollow Creek Partners,Principal,ade.chen@hollowcreek.vc,https://hollowcreek.vc,Seattle,United States,America/Los_Angeles,Pre-seed/Seed,Climate; Energy Storage; Industrial,250000,1500000,"Climate infrastructure, with a focus on grid-scale storage.",Ember Grid; Pixelforge; Cartwheel; Orbital Freight,Ember Grid; Orbital Freight,Published notes on developer tooling consolidation.,2025-08-18,https://www.linkedin.com/in/adechen
Clara Andersen,Northaven Labs,General Partner,clara.andersen@northaven.vc,https://northaven.vc,Fort Lauderdale,United States,America/New_York,Pre-Seed; Seed,Space; Defense; Advanced Manufacturing,$250k,$1M,We invest in crypto protocols and the tooling around them.,Terrace; Basalt; Ember Grid; Ninefold,Ninefold; Basalt,Wrote about validator economics and where the fees really go.,2025-09-08,https://www.linkedin.com/in/claraandersen
Priya Okafor,Ashford Venture Partners,Managing Director,priya.okafor@ashford.vc,https://ashford.vc,San Francisco,United States,America/Los_Angeles,Series A; Series B,Climate; Energy Storage; Industrial,$500k,$2M,"Hard tech at seed: space, defense and advanced manufacturing.",Ninefold; Bluewire; Orbital Freight; Ember Grid,Orbital Freight; Ember Grid,Wrote about validator economics and where the fees really go.,2026-07-12,https://www.linkedin.com/in/priyaokafor
Talia Berger,Grove Lane Labs,Principal,talia.berger@grovelane.vc,https://grovelane.vc,Fort Lauderdale,United States,America/New_York,Seed; Series A,Last Mile Logistics; Marketplaces; Consumer,$100k,$500k,We invest in DTC and consumer brands where the founder owns the customer relationship rather than renting it from a platform.,Late Plate; Coral Way Kitchen; Cartwheel; Vice City Eats,Late Plate; Cartwheel,Published notes on developer tooling consolidation.,2026-02-22,https://www.linkedin.com/in/taliaberger
Felix Kowalski,Tidewater Labs,Managing Partner,felix.kowalski@tidewater.vc,https://tidewater.vc,New York,United States,America/New_York,"seed, series a",Hospitality; Consumer; Franchise,$50k,$250k,"We invest in Miami consumer companies. Nightlife, hospitality and food are the categories this city exports, and we fund founders building in them.",Second Shift Foods; Sunbelt Foods; Late Plate; Nocturne Hospitality,Nocturne Hospitality; Second Shift Foods,Posted on why multi-unit food concepts should stop signing restaurant leases.,2026-04-23,https://www.linkedin.com/in/felixkowalski
Fatima Novak,Longshore Venture Partners,Partner,fatima.novak@longshore.vc,https://longshore.vc,Fort Lauderdale,United States,America/New_York,Series A; Series B,Consumer; DTC; Marketplaces,$100k,$500k,Hospitality real estate and the operating businesses inside it.,Ninefold; Coral Way Kitchen; Late Plate; Palmetto Provisions,Palmetto Provisions; Ninefold,Published notes on developer tooling consolidation.,2026-03-19,https://www.linkedin.com/in/fatimanovak
Peter Moreau,Quarry Ventures,Managing Partner,peter.moreau@quarry.vc,https://quarry.vc,New York,United States,America/New_York,Seed,Consumer; DTC; Marketplaces,$250k,$1M,We invest in DTC and consumer brands where the founder owns the customer relationship rather than renting it from a platform.,Nightcap Brands; Corridor Kitchens; Ember Grid; Second Shift Foods,Nightcap Brands; Corridor Kitchens,Wrote about why late night is the only daypart still growing for restaurants.,2026-04-04,https://www.linkedin.com/in/petermoreau
Hugo Lindqvist,Ironwood Partners,GP,hugo.lindqvist@ironwood.vc,https://ironwood.vc,Miami Beach,United States,America/New_York,Early Stage,Real Estate; Hospitality; PropTech,$100k,$500k,Hospitality real estate and the operating businesses inside it.,Terrace; Late Plate; Corridor Kitchens; Palmetto Provisions,Late Plate; Corridor Kitchens,Posted on why grid interconnection queues are the real climate bottleneck.,2026-07-13,https://www.linkedin.com/in/hugolindqvist
Kenji Brenner,Cedar Point Capital,Founding Partner,kenji.brenner@cedarpoint.vc,https://cedarpoint.vc,Stockholm,Sweden,Europe/Stockholm,Seed,Space; Defense; Advanced Manufacturing,$1M,$3M,"Hard tech at seed: space, defense and advanced manufacturing.",Orbital Freight; Loomstack; Pixelforge; Ember Grid,Orbital Freight; Pixelforge,Posted on why grid interconnection queues are the real climate bottleneck.,2025-08-10,https://www.linkedin.com/in/kenjibrenner
Yara Moreau,Ironwood Ventures,Individual Investor,yara.moreau@ironwood.vc,https://ironwood.vc,Coral Gables,United States,America/New_York,Growth,Consumer; DTC; Marketplaces,$250k,$1M,"Consumer and marketplace businesses at seed, especially last-mile logistics and anything that moves physical goods to a doorstep.",Sunbelt Foods; Palmetto Provisions; Harborline Hospitality; Cartwheel,Harborline Hospitality; Cartwheel,Posted on why multi-unit food concepts should stop signing restaurant leases.,2025-05-01,https://www.linkedin.com/in/yaramoreau
Diego Ramirez,Longshore Ventures,Venture Partner,diego.ramirez@longshore.vc,https://longshore.vc,West Palm Beach,United States,America/New_York,Growth,Biotech; Therapeutics; Life Sciences,$500k,$2M,"Hard tech at seed: space, defense and advanced manufacturing.",Bluewire; Cartwheel; Ember Grid; Pixelforge,Bluewire; Pixelforge,Wrote about validator economics and where the fees really go.,2025-10-07,https://www.linkedin.com/in/diegoramirez
Peter Costa,Solstice Ventures,Analyst,peter.costa@solstice.vc,https://solstice.vc,Austin,United States,America/Chicago,Series A; Series B,Climate; Energy Storage; Industrial,$1M,$3M,"Climate infrastructure, with a focus on grid-scale storage.",Pixelforge; Terrace; Bluewire; Loomstack,Bluewire; Pixelforge,Posted on why grid interconnection queues are the real climate bottleneck.,2026-03-07,https://www.linkedin.com/in/petercosta
Peter Larsen,Hollow Creek Venture Partners,Managing Director,peter.larsen@hollowcreek.vc,https://hollowcreek.vc,Coral Gables,United States,America/New_York,Pre-seed/Seed,Climate; Energy Storage; Industrial,$1M,$3M,"Climate infrastructure, with a focus on grid-scale storage.",Loomstack; Terrace; Orbital Freight; Pixelforge,Loomstack; Pixelforge,Published notes on developer tooling consolidation.,2026-02-11,https://www.linkedin.com/in/peterlarsen
Fatima Vasquez,Lantern Ventures,Founding Partner,fatima.vasquez@lantern.vc,https://lantern.vc,West Palm Beach,United States,America/New_York,Growth,Hospitality; Consumer; Franchise,250000,1500000,We fund multi-unit and franchise-ready food concepts that can replicate a playbook across corridors without heavy capex.,Sunbelt Foods; Nightcap Brands; Coral Way Kitchen; Nocturne Hospitality,Nightcap Brands; Sunbelt Foods,Podcast appearance on ghost kitchen unit economics and where they break.,2025-03-26,https://www.linkedin.com/in/fatimavasquez
Grace Weber,Vantage Hill Labs,Chief of Staff,grace.weber@vantagehill.vc,https://vantagehill.vc,Coral Gables,United States,America/New_York,Series A; Series B,Consumer; DTC; Marketplaces,$50k,$250k,"Consumer and marketplace businesses at seed, especially last-mile logistics and anything that moves physical goods to a doorstep.",Ember Grid; Loomstack; Sunbelt Foods; Basalt,Basalt; Loomstack,Posted on why multi-unit food concepts should stop signing restaurant leases.,2026-03-06,https://www.linkedin.com/in/graceweber
Hugo Moreau,Alder Venture Partners,Partner,hugo.moreau@alder.vc,https://alder.vc,Miami Beach,United States,America/New_York,Series A; Series B,Consumer Brands; CPG; Food,$100k,$500k,"We invest in Miami consumer companies. Nightlife, hospitality and food are the categories this city exports, and we fund founders building in them.",Second Shift Foods; Sunbelt Foods; Corridor Kitchens; Late Plate,Late Plate; Corridor Kitchens,Podcast appearance on ghost kitchen unit economics and where they break.,2026-04-26,https://www.linkedin.com/in/hugomoreau
Hugo Novak,Fifth Harbor Capital,Angel Investor,hugo.novak@fifthharbor.vc,https://fifthharbor.vc,New York,United States,America/New_York,Seed,Consumer; DTC; Marketplaces,$250k,$1M,We invest in DTC and consumer brands where the founder owns the customer relationship rather than renting it from a platform.,Pixelforge; Cartwheel; Terrace; Ember Grid,Pixelforge; Ember Grid,Wrote about validator economics and where the fees really go.,2026-05-18,https://www.linkedin.com/in/hugonovak
Felix Chen,Marlow Venture Partners,Venture Partner,felix.chen@marlow.vc,https://marlow.vc,New York,United States,America/New_York,Seed,Restaurant Technology; Vertical SaaS; Hospitality,$1M,$3M,"Early-stage consumer brands with real unit economics. We care about average order value, repeat rate and contribution margin before we care about the story.",Palmetto Provisions; Nocturne Hospitality; Coral Way Kitchen; Corridor Kitchens,Corridor Kitchens; Coral Way Kitchen,Posted on why multi-unit food concepts should stop signing restaurant leases.,2026-04-14,https://www.linkedin.com/in/felixchen
Rosa Larsen,Windward Capital Partners,Chief of Staff,rosa.larsen@windward.vc,https://windward.vc,Miami Beach,United States,America/New_York,"seed, series a",Last Mile Logistics; Marketplaces; Consumer,250000,1500000,"Consumer and marketplace businesses at seed, especially last-mile logistics and anything that moves physical goods to a doorstep.",Sunbelt Foods; Orbital Freight; Ninefold; Coral Way Kitchen,Orbital Freight; Sunbelt Foods,Podcast appearance on ghost kitchen unit economics and where they break.,2026-06-24,https://www.linkedin.com/in/rosalarsen
Ana Baumann,Cedar Point Ventures,General Partner,ana.baumann@cedarpoint.vc,https://cedarpoint.vc,Fort Lauderdale,United States,America/New_York,"seed, series a",Food & Beverage; Restaurant Tech; Consumer,$100k,$500k,We fund multi-unit and franchise-ready food concepts that can replicate a playbook across corridors without heavy capex.,Corridor Kitchens; Sunbelt Foods; Palmetto Provisions; Late Plate,Late Plate; Corridor Kitchens,Podcast appearance on ghost kitchen unit economics and where they break.,2026-05-09,https://www.linkedin.com/in/anabaumann
Marcus Lindqvist,Tidewater Labs,GP,marcus.lindqvist@tidewater.vc,https://tidewater.vc,New York,United States,America/New_York,"seed, series a",Hospitality; Consumer; Franchise,$50k,$250k,"We invest in Miami consumer companies. Nightlife, hospitality and food are the categories this city exports, and we fund founders building in them.",Second Shift Foods; Sunbelt Foods; Late Plate; Nocturne Hospitality,Late Plate; Nocturne Hospitality,Wrote about why late night is the only daypart still growing for restaurants.,2025-09-30,https://www.linkedin.com/in/marcuslindqvist
Sofia Andersen,Blue Meridian Ventures,GP,sofia.andersen@bluemeridian.vc,https://bluemeridian.vc,Austin,United States,America/Chicago,Pre-seed/Seed,Last Mile Logistics; Marketplaces; Consumer,$1M,$3M,We invest in DTC and consumer brands where the founder owns the customer relationship rather than renting it from a platform.,Orbital Freight; Ember Grid; Vice City Eats; Ninefold,Orbital Freight; Vice City Eats,Podcast appearance on ghost kitchen unit economics and where they break.,2026-06-11,https://www.linkedin.com/in/sofiaandersen
Ana Iqbal,Copper Beach Capital Partners,GP,deals@copperbeach.vc,https://copperbeach.vc,West Palm Beach,United States,America/New_York,Pre-seed/Seed,Crypto; Web3; DeFi,250000,1500000,"Hard tech at seed: space, defense and advanced manufacturing.",Ninefold; Bluewire; Terrace; Cartwheel,Cartwheel; Ninefold,Wrote about validator economics and where the fees really go.,2026-02-25,https://www.linkedin.com/in/anaiqbal
Zoe Costa,Lantern Venture Partners,Partner,zoe.costa@lantern.vc,https://lantern.vc,Seattle,United States,America/Los_Angeles,Pre-seed/Seed,Consumer; DTC; Marketplaces,$250k,$1M,Hospitality real estate and the operating businesses inside it.,Sunbelt Foods; Brickell Provisions; Orbital Freight; Terrace,Sunbelt Foods; Brickell Provisions,Posted on why multi-unit food concepts should stop signing restaurant leases.,2026-02-11,https://www.linkedin.com/in/zoecosta
Ruth Ramirez,Rivermark Labs,Founding Partner,ruth.ramirez@rivermark.vc,https://rivermark.vc,Miami,United States,America/New_York,Early Stage,Consumer Fintech; Loyalty; Payments,$500k,$2M,Hospitality real estate and the operating businesses inside it.,Terrace; Loomstack; Late Plate; Vice City Eats,Terrace; Late Plate,Published notes on developer tooling consolidation.,2025-08-05,https://www.linkedin.com/in/ruthramirez
Ana Farrell,Blue Meridian Partners,Partner,ana.farrell@bluemeridian.vc,https://bluemeridian.vc,Boston,United States,America/New_York,Seed; Series A,Space; Defense; Advanced Manufacturing,$250k,$1M,We invest in therapeutics and platform biology.,Pixelforge; Terrace; Bluewire; Orbital Freight,Terrace; Bluewire,Published notes on developer tooling consolidation.,2025-10-02,https://www.linkedin.com/in/anafarrell
Hana Berger,Northaven Partners,Venture Partner,hana.berger@northaven.vc,https://northaven.vc,Chicago,United States,America/Chicago,Seed,Food & Beverage; Restaurant Tech; Consumer,250000,1500000,"We back consumer food and beverage brands at pre-seed and seed, with a strong preference for operators who have actually run kitchens.",Vice City Eats; Nightcap Brands; Second Shift Foods; Palmetto Provisions,Palmetto Provisions; Vice City Eats,Podcast appearance on ghost kitchen unit economics and where they break.,2026-07-21,https://www.linkedin.com/in/hanaberger
Felix Vasquez,Copper Beach Capital,Venture Partner,felix.vasquez@copperbeach.vc,https://copperbeach.vc,Seattle,United States,America/Los_Angeles,Seed; Series A,Hospitality; Consumer; Franchise,$1M,$3M,"We back consumer food and beverage brands at pre-seed and seed, with a strong preference for operators who have actually run kitchens.",Harborline Hospitality; Sunbelt Foods; Brickell Provisions; Coral Way Kitchen,Harborline Hospitality; Coral Way Kitchen,Blog post on why delivery-first brands beat restaurants that bolt delivery on.,2026-03-01,https://www.linkedin.com/in/felixvasquez
Peter Okafor,Larkspur Venture Partners,Managing Partner,peter.okafor@larkspur.vc,https://larkspur.vc,San Francisco,United States,America/Los_Angeles,Seed; Series A,Climate; Energy Storage; Industrial,$1M,$3M,We invest in therapeutics and platform biology.,Terrace; Basalt; Ember Grid; Loomstack,Terrace; Loomstack,Wrote about validator economics and where the fees really go.,2026-06-27,https://www.linkedin.com/in/peterokafor
Amara Farrell,Cedar Point Partners,Angel,amara.farrell@cedarpoint.vc,https://cedarpoint.vc,Chicago,United States,America/Chicago,Seed; Series A,Ghost Kitchens; Food Delivery; Logistics,250000,1500000,"Our focus is the restaurant and hospitality stack: delivery, ghost kitchens, virtual brands and the logistics underneath them.",Corridor Kitchens; Second Shift Foods; Nightcap Brands; Vice City Eats,Second Shift Foods; Vice City Eats,Podcast appearance on ghost kitchen unit economics and where they break.,2026-04-16,https://www.linkedin.com/in/amarafarrell
Tomas Andersen,Longshore Ventures,Principal,tomas.andersen@longshore.vc,https://longshore.vc,West Palm Beach,United States,America/New_York,Growth,Biotech; Therapeutics; Life Sciences,$500k,$2M,"Hard tech at seed: space, defense and advanced manufacturing.",Bluewire; Cartwheel; Ember Grid; Pixelforge,Bluewire; Cartwheel,Published notes on developer tooling consolidation.,2026-02-15,https://www.linkedin.com/in/tomasandersen
Nadia Kaur,Solstice Labs,Venture Partner,nadia.kaur@solstice.vc,https://solstice.vc,Miami,United States,America/New_York,Seed; Series A,Space; Defense; Advanced Manufacturing,$1M,$3M,We invest in therapeutics and platform biology.,Orbital Freight; Ninefold; Pixelforge; Loomstack,Pixelforge; Orbital Freight,Published notes on developer tooling consolidation.,2025-05-02,https://www.linkedin.com/in/nadiakaur
Mei Rossi,Ashford Partners,Managing Director,mei.rossi@ashford.vc,https://ashford.vc,San Francisco,United States,America/Los_Angeles,Growth,Restaurant Technology; Vertical SaaS; Hospitality,250000,1500000,"We back consumer food and beverage brands at pre-seed and seed, with a strong preference for operators who have actually run kitchens.",Palmetto Provisions; Late Plate; Vice City Eats; Nightcap Brands,Late Plate; Palmetto Provisions,Posted a breakdown of Miami's nightlife spend and who actually captures it.,2026-04-12,https://www.linkedin.com/in/meirossi
Ana Sharma,Grove Lane Capital,GP,ana.sharma@grovelane.vc,https://grovelane.vc,Austin,United States,America/Chicago,Pre-Seed; Seed,Consumer Brands; CPG; Food,$250k,$1M,"We invest in Miami consumer companies. Nightlife, hospitality and food are the categories this city exports, and we fund founders building in them.",Late Plate; Harborline Hospitality; Vice City Eats; Nocturne Hospitality,Nocturne Hospitality; Late Plate,Blog post on why delivery-first brands beat restaurants that bolt delivery on.,2026-03-05,https://www.linkedin.com/in/anasharma
Felix Fontaine,Kestrel Partners,Angel / Operator,felix.fontaine@kestrel.vc,https://kestrel.vc,New York,United States,America/New_York,Seed; Series A,Ghost Kitchens; Food Delivery; Logistics,$50k,$250k,"Our focus is the restaurant and hospitality stack: delivery, ghost kitchens, virtual brands and the logistics underneath them.",Corridor Kitchens; Palmetto Provisions; Vice City Eats; Harborline Hospitality,Corridor Kitchens; Harborline Hospitality,Blog post on why delivery-first brands beat restaurants that bolt delivery on.,2026-06-12,https://www.linkedin.com/in/felixfontaine
Grace Nguyen,Solstice Venture Partners,General Partner,grace.nguyen@solstice.vc,https://solstice.vc,Seattle,United States,America/Los_Angeles,Seed,Enterprise SaaS; Security; DevTools,250000,1500000,"Hard tech at seed: space, defense and advanced manufacturing.",Ember Grid; Ninefold; Basalt; Loomstack,Basalt; Ninefold,Published notes on developer tooling consolidation.,2026-07-21,https://www.linkedin.com/in/gracenguyen
Mateo Brenner,Beacon Ridge Partners,Venture Partner,mateo.brenner@beaconridge.vc,https://beaconridge.vc,Fort Lauderdale,United States,America/New_York,Pre-seed/Seed,Hospitality; Consumer; Franchise,$1M,$3M,We fund multi-unit and franchise-ready food concepts that can replicate a playbook across corridors without heavy capex.,Nocturne Hospitality; Palmetto Provisions; Late Plate; Coral Way Kitchen,Nocturne Hospitality; Late Plate,Blog post on why delivery-first brands beat restaurants that bolt delivery on.,2026-04-11,https://www.linkedin.com/in/mateobrenner
Tomas Berger,Pinemark Capital,Senior Associate,tomas.berger@pinemark.vc,https://pinemark.vc,Miami Beach,United States,America/New_York,Growth,Consumer Fintech; Loyalty; Payments,$500k,$2M,Hospitality real estate and the operating businesses inside it.,Vice City Eats; Corridor Kitchens; Cartwheel; Palmetto Provisions,Corridor Kitchens; Vice City Eats,Posted on why multi-unit food concepts should stop signing restaurant leases.,2025-02-28,https://www.linkedin.com/in/tomasberger
Ana Weber,Grove Lane Capital Partners,Managing Partner,ana.weber@grovelane.vc,https://grovelane.vc,West Palm Beach,United States,America/New_York,Series A; Series B,Ghost Kitchens; Food Delivery; Logistics,$50k,$250k,"We invest in Miami consumer companies. Nightlife, hospitality and food are the categories this city exports, and we fund founders building in them.",Sunbelt Foods; Corridor Kitchens; Vice City Eats; Nocturne Hospitality,Corridor Kitchens; Nocturne Hospitality,Podcast appearance on ghost kitchen unit economics and where they break.,2026-04-29,https://www.linkedin.com/in/anaweber
Priya Rossi,Granite Row Venture Partners,Angel Investor,priya.rossi@graniterow.vc,https://graniterow.vc,Berlin,Germany,Europe/Berlin,"seed, series a",Biotech; Therapeutics; Life Sciences,250000,1500000,"Climate infrastructure, with a focus on grid-scale storage.",Orbital Freight; Ember Grid; Loomstack; Basalt,Ember Grid; Basalt,Posted on why grid interconnection queues are the real climate bottleneck.,2026-07-10,https://www.linkedin.com/in/priyarossi
Ana Alvarez,Vantage Hill Ventures,Individual Investor,ana.alvarez@vantagehill.vc,https://vantagehill.vc,San Francisco,United States,America/Los_Angeles,"seed, series a",Consumer Brands; CPG; Food,$250k,$1M,"We back consumer food and beverage brands at pre-seed and seed, with a strong preference for operators who have actually run kitchens.",Vice City Eats; Harborline Hospitality; Coral Way Kitchen; Second Shift Foods,Second Shift Foods; Harborline Hospitality,Posted a breakdown of Miami's nightlife spend and who actually captures it.,2026-02-11,https://www.linkedin.com/in/anaalvarez
Grace Moreau,Highgate Ventures,Managing Partner,grace.moreau@highgate.vc,https://highgate.vc,Fort Lauderdale,United States,America/New_York,Pre-seed/Seed,Consumer; DTC; Marketplaces,$100k,$500k,Hospitality real estate and the operating businesses inside it.,Nocturne Hospitality; Terrace; Cartwheel; Palmetto Provisions,Palmetto Provisions; Cartwheel,Posted on why multi-unit food concepts should stop signing restaurant leases.,2026-03-18,https://www.linkedin.com/in/gracemoreau
Zoe Lindqvist,Copper Beach Capital Partners,GP,zoe.lindqvist@copperbeach.vc,https://copperbeach.vc,West Palm Beach,United States,America/New_York,Pre-seed/Seed,Crypto; Web3; DeFi,250000,1500000,"Hard tech at seed: space, defense and advanced manufacturing.",Ninefold; Bluewire; Terrace; Cartwheel,Cartwheel; Terrace,Published notes on developer tooling consolidation.,2026-05-03,https://www.linkedin.com/in/zoelindqvist
Elena Haddad,Halcyon Ventures,Individual Investor,elena.haddad@halcyon.vc,https://halcyon.vc,Coral Gables,United States,America/New_York,Seed,Climate; Energy Storage; Industrial,$500k,$2M,"Hard tech at seed: space, defense and advanced manufacturing.",Pixelforge; Ember Grid; Orbital Freight; Ninefold,Ninefold; Orbital Freight,Wrote about validator economics and where the fees really go.,2026-05-07,https://www.linkedin.com/in/elenahaddad
Noah Vasquez,Alder Ventures,Managing Partner,noah.vasquez@alder.vc,https://alder.vc,Austin,United States,America/Chicago,Growth,Hospitality; Consumer; Franchise,$500k,$2M,We fund multi-unit and franchise-ready food concepts that can replicate a playbook across corridors without heavy capex.,Brickell Provisions; Coral Way Kitchen; Second Shift Foods; Late Plate,Late Plate; Brickell Provisions,Posted on why multi-unit food concepts should stop signing restaurant leases.,2025-05-03,https://www.linkedin.com/in/noahvasquez
Priya Petrov,Tidewater Partners,General Partner,priya.petrov@tidewater.vc,https://tidewater.vc,New York,United States,America/New_York,"seed, series a",Enterprise SaaS; Security; DevTools,$50k,$250k,We invest in crypto protocols and the tooling around them.,Pixelforge; Bluewire; Terrace; Ember Grid,Terrace; Pixelforge,Published notes on developer tooling consolidation.,2026-02-14,https://www.linkedin.com/in/priyapetrov
Samir Berger,Grove Lane Ventures,Managing Partner,samir.berger@grovelane.vc,https://grovelane.vc,Austin,United States,America/Chicago,Seed; Series A,Enterprise SaaS; Security; DevTools,$250k,$1M,"Hard tech at seed: space, defense and advanced manufacturing.",Pixelforge; Bluewire; Orbital Freight; Ember Grid; CloudKitchens,Orbital Freight; Pixelforge,Posted on why grid interconnection queues are the real climate bottleneck.,2026-02-12,https://www.linkedin.com/in/samirberger
Mei Iqbal,Longshore Venture Partners,Managing Director,mei.iqbal@longshore.vc,https://longshore.vc,Fort Lauderdale,United States,America/New_York,Series A; Series B,Consumer; DTC; Marketplaces,$100k,$500k,Hospitality real estate and the operating businesses inside it.,Ninefold; Coral Way Kitchen; Late Plate; Palmetto Provisions,Late Plate; Coral Way Kitchen,Posted a breakdown of Miami's nightlife spend and who actually captures it.,2026-04-24,https://www.linkedin.com/in/meiiqbal
Ivan Costa,Longshore Partners,Managing Partner,ivan.costa@longshore.vc,https://longshore.vc,Fort Lauderdale,United States,America/New_York,Seed; Series A,Space; Defense; Advanced Manufacturing,$50k,$250k,Enterprise infrastructure and developer tools at seed.,Ninefold; Terrace; Pixelforge; Ember Grid,Ninefold; Ember Grid,Published notes on developer tooling consolidation.,2026-06-28,https://www.linkedin.com/in/ivancosta
Lucas Berger,Fifth Harbor Ventures,Managing Partner,lucas.berger@fifthharbor.vc,https://fifthharbor.vc,Miami,United States,America/New_York,Early Stage,Space; Defense; Advanced Manufacturing,250000,1500000,"Hard tech at seed: space, defense and advanced manufacturing.",Terrace; Pixelforge; Bluewire; Ember Grid,Ember Grid; Terrace,Published notes on developer tooling consolidation.,2026-07-08,https://www.linkedin.com/in/lucasberger
Arjun Silva,Larkspur Labs,Senior Associate,arjun.silva@larkspur.vc,https://larkspur.vc,Coral Gables,United States,America/New_York,Series A; Series B,Hospitality; Consumer; Franchise,$1M,$3M,We fund multi-unit and franchise-ready food concepts that can replicate a playbook across corridors without heavy capex.,Second Shift Foods; Corridor Kitchens; Vice City Eats; Nightcap Brands,Corridor Kitchens; Vice City Eats,Posted on why multi-unit food concepts should stop signing restaurant leases.,2025-11-08,https://www.linkedin.com/in/arjunsilva
Diego Dubois,Longshore Capital Partners,Associate,diego.dubois@longshore.vc,https://longshore.vc,Fort Lauderdale,United States,America/New_York,Pre-Seed; Seed,Real Estate; Hospitality; PropTech,$50k,$250k,"Consumer and marketplace businesses at seed, especially last-mile logistics and anything that moves physical goods to a doorstep.",Harborline Hospitality; Sunbelt Foods; Ninefold; Coral Way Kitchen,Ninefold; Harborline Hospitality,Wrote about why late night is the only daypart still growing for restaurants.,2025-06-08,https://www.linkedin.com/in/diegodubois
Ana Brenner,Halcyon Capital Partners,Angel / Operator,ana.brenner@halcyon.vc,https://halcyon.vc,Coral Gables,United States,America/New_York,Pre-seed/Seed,Space; Defense; Advanced Manufacturing,$100k,$500k,"Climate infrastructure, with a focus on grid-scale storage.",Ninefold; Terrace; Bluewire; Pixelforge,Ninefold; Pixelforge,Wrote about validator economics and where the fees really go.,2026-05-17,https://www.linkedin.com/in/anabrenner
Grace Okafor,Tidewater Capital Partners,Venture Partner,grace.okafor@tidewater.vc,https://tidewater.vc,San Francisco,United States,America/Los_Angeles,"seed, series a",Consumer; DTC; Marketplaces,$50k,$250k,We invest in DTC and consumer brands where the founder owns the customer relationship rather than renting it from a platform.,Coral Way Kitchen; Nocturne Hospitality; Corridor Kitchens; Terrace,Terrace; Coral Way Kitchen,Wrote about why late night is the only daypart still growing for restaurants.,2026-03-20,https://www.linkedin.com/in/graceokafor
Clara Osei,Blue Meridian Labs,Principal,,https://bluemeridian.vc,New York,United States,America/New_York,"seed, series a",Food & Beverage; Restaurant Tech; Consumer,250000,1500000,"We invest in Miami consumer companies. Nightlife, hospitality and food are the categories this city exports, and we fund founders building in them.",Late Plate; Vice City Eats; Second Shift Foods; Nocturne Hospitality,Vice City Eats; Late Plate,Posted a breakdown of Miami's nightlife spend and who actually captures it.,2026-04-12,https://www.linkedin.com/in/claraosei
Yara Berger,Silverline Capital,Partner,yara.berger@silverline.vc,https://silverline.vc,Austin,United States,America/Chicago,Pre-Seed; Seed,Consumer Fintech; Loyalty; Payments,$50k,$250k,Hospitality real estate and the operating businesses inside it.,Corridor Kitchens; Nocturne Hospitality; Brickell Provisions; Ninefold,Nocturne Hospitality; Corridor Kitchens,Wrote about validator economics and where the fees really go.,2025-08-31,https://www.linkedin.com/in/yaraberger
Noah Ramirez,Ironwood Venture Partners,Head of Platform,noah.ramirez@ironwood.vc,https://ironwood.vc,Toronto,Canada,America/Toronto,Seed; Series A,Enterprise SaaS; Security; DevTools,$500k,$2M,Enterprise infrastructure and developer tools at seed.,Pixelforge; Bluewire; Ember Grid; Loomstack,Ember Grid; Bluewire,Published notes on developer tooling consolidation.,2026-03-19,https://www.linkedin.com/in/noahramirez
Marcus Rossi,Silverline Capital,Individual Investor,marcus.rossi@silverline.vc,https://silverline.vc,Austin,United States,America/Chicago,Pre-Seed; Seed,Consumer Fintech; Loyalty; Payments,$50k,$250k,Hospitality real estate and the operating businesses inside it.,Corridor Kitchens; Nocturne Hospitality; Brickell Provisions; Ninefold,Corridor Kitchens; Ninefold,Wrote about validator economics and where the fees really go.,2026-06-19,https://www.linkedin.com/in/marcusrossi
Ruth Dubois,Alder Venture Partners,Investment Analyst,ruth.dubois@alder.vc,https://alder.vc,Miami Beach,United States,America/New_York,Series A; Series B,Consumer Brands; CPG; Food,$100k,$500k,"We invest in Miami consumer companies. Nightlife, hospitality and food are the categories this city exports, and we fund founders building in them.",Second Shift Foods; Sunbelt Foods; Corridor Kitchens; Late Plate,Corridor Kitchens; Second Shift Foods,Posted a breakdown of Miami's nightlife spend and who actually captures it.,2025-08-21,https://www.linkedin.com/in/ruthdubois
Nils Sharma,Lantern Venture Partners,Founding Partner,nils.sharma@lantern.vc,https://lantern.vc,Seattle,United States,America/Los_Angeles,Pre-seed/Seed,Consumer; DTC; Marketplaces,$250k,$1M,Hospitality real estate and the operating businesses inside it.,Sunbelt Foods; Brickell Provisions; Orbital Freight; Terrace,Orbital Freight; Terrace,Podcast appearance on ghost kitchen unit economics and where they break.,2025-03-21,https://www.linkedin.com/in/nilssharma
Jonas Weber,Rivermark Capital Partners,General Partner,jonas.weber@rivermark.vc,https://rivermark.vc,Miami,United States,America/New_York,Early Stage,Consumer Brands; CPG; Food,$1M,$3M,"We invest in Miami consumer companies. Nightlife, hospitality and food are the categories this city exports, and we fund founders building in them.",Brickell Provisions; Second Shift Foods; Sunbelt Foods; Coral Way Kitchen,Sunbelt Foods; Brickell Provisions,Podcast appearance on ghost kitchen unit economics and where they break.,2026-05-04,https://www.linkedin.com/in/jonasweber
Grace Vasquez,Vantage Hill Capital Partners,Managing Director,,https://vantagehill.vc,New York,United States,America/New_York,Series A; Series B,Food & Beverage; Restaurant Tech; Consumer,$100k,$500k,"We invest in Miami consumer companies. Nightlife, hospitality and food are the categories this city exports, and we fund founders building in them.",Corridor Kitchens; Late Plate; Nocturne Hospitality; Sunbelt Foods,Sunbelt Foods; Nocturne Hospitality,Posted a breakdown of Miami's nightlife spend and who actually captures it.,2026-06-02,https://www.linkedin.com/in/gracevasquez
Iris Rossi,Windward Ventures,Principal,iris.rossi@windward.vc,https://windward.vc,Coral Gables,United States,America/New_York,Pre-seed/Seed,Climate; Energy Storage; Industrial,$50k,$250k,We invest in crypto protocols and the tooling around them.,Basalt; Orbital Freight; Ember Grid; Loomstack; CloudKitchens,Loomstack; Ember Grid,Posted on why grid interconnection queues are the real climate bottleneck.,2026-03-14,https://www.linkedin.com/in/irisrossi
Ana Petrov,Hollow Creek Partners,General Partner,ana.petrov@hollowcreek.vc,https://hollowcreek.vc,Seattle,United States,America/Los_Angeles,Pre-seed/Seed,Climate; Energy Storage; Industrial,250000,1500000,"Climate infrastructure, with a focus on grid-scale storage.",Ember Grid; Pixelforge; Cartwheel; Orbital Freight,Ember Grid; Cartwheel,Posted on why grid interconnection queues are the real climate bottleneck.,2026-06-02,https://www.linkedin.com/in/anapetrov
Talia Osei,Fifth Harbor Capital,Founding Partner,talia.osei@fifthharbor.vc,https://fifthharbor.vc,New York,United States,America/New_York,Seed,Consumer; DTC; Marketplaces,$250k,$1M,We invest in DTC and consumer brands where the founder owns the customer relationship rather than renting it from a platform.,Pixelforge; Cartwheel; Terrace; Ember Grid,Terrace; Pixelforge,Wrote about validator economics and where the fees really go.,2026-05-29,https://www.linkedin.com/in/taliaosei
Iris Baumann,Vantage Hill Capital Partners,Principal,iris.baumann@vantagehill.vc,https://vantagehill.vc,New York,United States,America/New_York,Series A; Series B,Food & Beverage; Restaurant Tech; Consumer,$100k,$500k,"We invest in Miami consumer companies. Nightlife, hospitality and food are the categories this city exports, and we fund founders building in them.",Corridor Kitchens; Late Plate; Nocturne Hospitality; Sunbelt Foods,Sunbelt Foods; Corridor Kitchens,Wrote about why late night is the only daypart still growing for restaurants.,2026-04-05,https://www.linkedin.com/in/irisbaumann
Diego Moreau,Fifth Harbor Venture Partners,Principal,diego.moreau@fifthharbor.vc,https://fifthharbor.vc,Fort Lauderdale,United States,America/New_York,Early Stage,Consumer Fintech; Loyalty; Payments,250000,1500000,Hospitality real estate and the operating businesses inside it.,Loomstack; Vice City Eats; Bluewire; Orbital Freight,Vice City Eats; Loomstack,Wrote about packaging as the real product problem in premium delivery.,2026-07-19,https://www.linkedin.com/in/diegomoreau
Aisha Dubois,Marlow Capital,GP,aisha.dubois@marlow.vc,https://marlow.vc,New York,United States,America/New_York,Seed; Series A,Ghost Kitchens; Food Delivery; Logistics,$500k,$2M,"We invest in Miami consumer companies. Nightlife, hospitality and food are the categories this city exports, and we fund founders building in them.",Coral Way Kitchen; Corridor Kitchens; Sunbelt Foods; Brickell Provisions,Sunbelt Foods; Corridor Kitchens,Blog post on why delivery-first brands beat restaurants that bolt delivery on.,2026-04-07,https://www.linkedin.com/in/aishadubois
Jonas Vasquez,Fifth Harbor Partners,Venture Partner,jonas.vasquez@fifthharbor.vc,https://fifthharbor.vc,Miami Beach,United States,America/New_York,Seed,Restaurant Technology; Vertical SaaS; Hospitality,$100k,$500k,"We back consumer food and beverage brands at pre-seed and seed, with a strong preference for operators who have actually run kitchens.",Sunbelt Foods; Nocturne Hospitality; Late Plate; Coral Way Kitchen,Coral Way Kitchen; Sunbelt Foods,Posted on why multi-unit food concepts should stop signing restaurant leases.,2025-10-26,https://www.linkedin.com/in/jonasvasquez
Rosa Farrell,Highgate Venture Partners,Principal,rosa.farrell@highgate.vc,https://highgate.vc,Miami,United States,America/New_York,Early Stage,Space; Defense; Advanced Manufacturing,$250k,$1M,Enterprise infrastructure and developer tools at seed.,Ember Grid; Loomstack; Cartwheel; Pixelforge,Loomstack; Cartwheel,Wrote about validator economics and where the fees really go.,2026-05-08,https://www.linkedin.com/in/rosafarrell
Ade Fontaine,Beacon Ridge Venture Partners,Managing Partner,info@beaconridge.vc,https://beaconridge.vc,New York,United States,America/New_York,Pre-seed/Seed,Real Estate; Hospitality; PropTech,$500k,$2M,Hospitality real estate and the operating businesses inside it.,Sunbelt Foods; Bluewire; Late Plate; Orbital Freight,Late Plate; Sunbelt Foods,Published notes on developer tooling consolidation.,2026-05-06,https://www.linkedin.com/in/adefontaine
Hana Iqbal,Ashford Venture Partners,Partner,hana.iqbal@ashford.vc,https://ashford.vc,San Francisco,United States,America/Los_Angeles,Series A; Series B,Climate; Energy Storage; Industrial,$500k,$2M,"Hard tech at seed: space, defense and advanced manufacturing.",Ninefold; Bluewire; Orbital Freight; Ember Grid,Orbital Freight; Ninefold,Published notes on developer tooling consolidation.,2026-04-13,https://www.linkedin.com/in/hanaiqbal
Hugo Okafor,Ashford Labs,GP,hugo.okafor@ashford.vc,https://ashford.vc,Fort Lauderdale,United States,America/New_York,Growth,Food & Beverage; Restaurant Tech; Consumer,$100k,$500k,"Early-stage consumer brands with real unit economics. We care about average order value, repeat rate and contribution margin before we care about the story.",Nightcap Brands; Corridor Kitchens; Nocturne Hospitality; Brickell Provisions,Nightcap Brands; Nocturne Hospitality,Blog post on why delivery-first brands beat restaurants that bolt delivery on.,2025-06-04,https://www.linkedin.com/in/hugookafor
Ravi Iqbal,Vantage Hill Labs,Principal,ravi.iqbal@vantagehill.vc,https://vantagehill.vc,Coral Gables,United States,America/New_York,Series A; Series B,Consumer; DTC; Marketplaces,$50k,$250k,"Consumer and marketplace businesses at seed, especially last-mile logistics and anything that moves physical goods to a doorstep.",Ember Grid; Loomstack; Sunbelt Foods; Basalt,Ember Grid; Loomstack,Blog post on why delivery-first brands beat restaurants that bolt delivery on.,2025-12-06,https://www.linkedin.com/in/raviiqbal
Kenji Dubois,Northaven Capital,General Partner,kenji.dubois@northaven.vc,https://northaven.vc,West Palm Beach,United States,America/New_York,Seed,Crypto; Web3; DeFi,$250k,$1M,Enterprise infrastructure and developer tools at seed.,Pixelforge; Terrace; Ember Grid; Basalt,Pixelforge; Ember Grid,Wrote about validator economics and where the fees really go.,2026-05-24,https://www.linkedin.com/in/kenjidubois
Yara Silva,Northaven Capital,Venture Partner,yara.silva@northaven.vc,https://northaven.vc,West Palm Beach,United States,America/New_York,Seed,Crypto; Web3; DeFi,$250k,$1M,Enterprise infrastructure and developer tools at seed.,Pixelforge; Terrace; Ember Grid; Basalt,Pixelforge; Terrace,Published notes on developer tooling consolidation.,2025-08-05,https://www.linkedin.com/in/yarasilva
Nils Weber,Quarry Capital Partners,GP,nils.weber@quarry.vc,https://quarry.vc,San Francisco,United States,America/Los_Angeles,Series A; Series B,Consumer Fintech; Loyalty; Payments,$250k,$1M,We invest in DTC and consumer brands where the founder owns the customer relationship rather than renting it from a platform.,Cartwheel; Pixelforge; Nocturne Hospitality; Nightcap Brands,Cartwheel; Pixelforge,Published notes on developer tooling consolidation.,2026-06-15,https://www.linkedin.com/in/nilsweber
Tomas Larsen,Blue Meridian Venture Partners,Venture Partner,tomas.larsen@bluemeridian.vc,https://bluemeridian.vc,Seattle,United States,America/Los_Angeles,"seed, series a",Consumer Brands; CPG; Food,$100k,$500k,"We invest in Miami consumer companies. Nightlife, hospitality and food are the categories this city exports, and we fund founders building in them.",Vice City Eats; Nocturne Hospitality; Harborline Hospitality; Corridor Kitchens,Corridor Kitchens; Vice City Eats,Wrote about why late night is the only daypart still growing for restaurants.,2026-06-13,https://www.linkedin.com/in/tomaslarsen
Lucas Kaur,Tidewater Partners,Venture Partner,lucas.kaur@tidewater.vc,https://tidewater.vc,New York,United States,America/New_York,"seed, series a",Enterprise SaaS; Security; DevTools,$50k,$250k,We invest in crypto protocols and the tooling around them.,Pixelforge; Bluewire; Terrace; Ember Grid,Bluewire; Ember Grid,Wrote about validator economics and where the fees really go.,2026-07-04,https://www.linkedin.com/in/lucaskaur
Clara Kaur,Ironwood Capital Partners,Venture Partner,clara.kaur@ironwood.vc,https://ironwood.vc,Fort Lauderdale,United States,America/New_York,Pre-Seed; Seed,Climate; Energy Storage; Industrial,$1M,$3M,We invest in therapeutics and platform biology.,Cartwheel; Bluewire; Ninefold; Ember Grid,Ember Grid; Bluewire,Wrote about validator economics and where the fees really go.,2025-06-11,https://www.linkedin.com/in/clarakaur
Talia Rossi,Longshore Partners,Venture Partner,talia.rossi@longshore.vc,https://longshore.vc,Fort Lauderdale,United States,America/New_York,Seed; Series A,Space; Defense; Advanced Manufacturing,$50k,$250k,Enterprise infrastructure and developer tools at seed.,Ninefold; Terrace; Pixelforge; Ember Grid,Terrace; Ninefold,Posted on why grid interconnection queues are the real climate bottleneck.,2026-05-29,https://www.linkedin.com/in/taliarossi
Rosa Iqbal,Fifth Harbor Capital Partners,Founding Partner,rosa.iqbal@fifthharbor.vc,https://fifthharbor.vc,Austin,United States,America/Chicago,Growth,Restaurant Technology; Vertical SaaS; Hospitality,$50k,$250k,We fund multi-unit and franchise-ready food concepts that can replicate a playbook across corridors without heavy capex.,Vice City Eats; Harborline Hospitality; Brickell Provisions; Palmetto Provisions,Vice City Eats; Palmetto Provisions,Posted a breakdown of Miami's nightlife spend and who actually captures it.,2026-04-21,https://www.linkedin.com/in/rosaiqbal
Leah Kaur,Quarry Labs,GP,leah.kaur@quarry.vc,https://quarry.vc,Miami,United States,America/New_York,Seed; Series A,Biotech; Therapeutics; Life Sciences,$100k,$500k,We invest in therapeutics and platform biology.,Ember Grid; Loomstack; Basalt; Cartwheel,Basalt; Cartwheel,Wrote about validator economics and where the fees really go.,2026-02-20,https://www.linkedin.com/in/leahkaur
Rosa Vasquez,Ashford Capital Partners,Angel,rosa.vasquez@ashford.vc,https://ashford.vc,Coral Gables,United States,America/New_York,Seed; Series A,Restaurant Technology; Vertical SaaS; Hospitality,$50k,$250k,"Early-stage consumer brands with real unit economics. We care about average order value, repeat rate and contribution margin before we care about the story.",Nightcap Brands; Palmetto Provisions; Brickell Provisions; Vice City Eats,Nightcap Brands; Palmetto Provisions,Posted on why multi-unit food concepts should stop signing restaurant leases.,2026-02-08,https://www.linkedin.com/in/rosavasquez
Samir Petrov,Silverline Capital Partners,Principal,samir.petrov@silverline.vc,https://silverline.vc,Coral Gables,United States,America/New_York,Series A; Series B,Food & Beverage; Restaurant Tech; Consumer,$250k,$1M,We fund multi-unit and franchise-ready food concepts that can replicate a playbook across corridors without heavy capex.,Brickell Provisions; Nightcap Brands; Sunbelt Foods; Harborline Hospitality,Nightcap Brands; Brickell Provisions,Blog post on why delivery-first brands beat restaurants that bolt delivery on.,2026-06-24,https://www.linkedin.com/in/samirpetrov
Wei Weber,Fifth Harbor Capital Partners,Managing Director,wei.weber@fifthharbor.vc,https://fifthharbor.vc,Austin,United States,America/Chicago,Growth,Restaurant Technology; Vertical SaaS; Hospitality,$50k,$250k,We fund multi-unit and franchise-ready food concepts that can replicate a playbook across corridors without heavy capex.,Vice City Eats; Harborline Hospitality; Brickell Provisions; Palmetto Provisions,Palmetto Provisions; Harborline Hospitality,Podcast appearance on ghost kitchen unit economics and where they break.,2026-03-01,https://www.linkedin.com/in/weiweber
Yara Farrell,Longshore Labs,General Partner,yara.farrell@longshore.vc,https://longshore.vc,Fort Lauderdale,United States,America/New_York,Early Stage,Ghost Kitchens; Food Delivery; Logistics,$500k,$2M,"Early-stage consumer brands with real unit economics. We care about average order value, repeat rate and contribution margin before we care about the story.",Second Shift Foods; Nocturne Hospitality; Sunbelt Foods; Palmetto Provisions,Sunbelt Foods; Nocturne Hospitality,Wrote about packaging as the real product problem in premium delivery.,2026-04-22,https://www.linkedin.com/in/yarafarrell
Sofia Sharma,Compass Rose Ventures,Principal,sofia.sharma@compassrose.vc,https://compassrose.vc,Boston,United States,America/New_York,"seed, series a",Hospitality; Consumer; Franchise,$500k,$2M,"Early-stage consumer brands with real unit economics. We care about average order value, repeat rate and contribution margin before we care about the story.",Nightcap Brands; Palmetto Provisions; Coral Way Kitchen; Second Shift Foods,Nightcap Brands; Second Shift Foods,Wrote about why late night is the only daypart still growing for restaurants.,2025-03-25,https://www.linkedin.com/in/sofiasharma
Ana Lindqvist,Silverline Labs,General Partner,ana.lindqvist@silverline.vc,https://silverline.vc,Chicago,United States,America/Chicago,Early Stage,Space; Defense; Advanced Manufacturing,$1M,$3M,"Climate infrastructure, with a focus on grid-scale storage.",Orbital Freight; Ninefold; Ember Grid; Loomstack,Ninefold; Loomstack,Published notes on developer tooling consolidation.,2026-02-26,https://www.linkedin.com/in/analindqvist
Peter Weber,Tidewater Ventures,Principal,peter.weber@tidewater.vc,https://tidewater.vc,Miami Beach,United States,America/New_York,Seed; Series A,Consumer Brands; CPG; Food,$50k,$250k,"Early-stage consumer brands with real unit economics. We care about average order value, repeat rate and contribution margin before we care about the story.",Harborline Hospitality; Sunbelt Foods; Coral Way Kitchen; Corridor Kitchens,Coral Way Kitchen; Harborline Hospitality,Posted a breakdown of Miami's nightlife spend and who actually captures it.,2026-03-17,https://www.linkedin.com/in/peterweber
Diego Larsen,Foundry Row Capital Partners,GP,diego.larsen@foundryrow.vc,https://foundryrow.vc,New York,United States,America/New_York,Seed; Series A,Hospitality; Consumer; Franchise,250000,1500000,"Our focus is the restaurant and hospitality stack: delivery, ghost kitchens, virtual brands and the logistics underneath them.",Second Shift Foods; Coral Way Kitchen; Corridor Kitchens; Nocturne Hospitality,Coral Way Kitchen; Nocturne Hospitality,Posted on why multi-unit food concepts should stop signing restaurant leases.,2025-10-18,https://www.linkedin.com/in/diegolarsen
Ruth Silva,Halcyon Labs,Managing Director,,https://halcyon.vc,London,United Kingdom,Europe/London,Series A; Series B,Biotech; Therapeutics; Life Sciences,$50k,$250k,We invest in therapeutics and platform biology.,Ember Grid; Ninefold; Loomstack; Pixelforge,Ninefold; Loomstack,Posted on why grid interconnection queues are the real climate bottleneck.,2026-07-08,https://www.linkedin.com/in/ruthsilva
Priya Alvarez,Pinemark Venture Partners,Partner,priya.alvarez@pinemark.vc,https://pinemark.vc,Coral Gables,United States,America/New_York,Early Stage,Restaurant Technology; Vertical SaaS; Hospitality,$100k,$500k,"Our focus is the restaurant and hospitality stack: delivery, ghost kitchens, virtual brands and the logistics underneath them.",Vice City Eats; Nightcap Brands; Second Shift Foods; Coral Way Kitchen,Second Shift Foods; Nightcap Brands,Podcast appearance on ghost kitchen unit economics and where they break.,2026-04-02,https://www.linkedin.com/in/priyaalvarez
Ivan Haddad,Northaven Partners,Managing Director,ivan.haddad@northaven.vc,https://northaven.vc,Chicago,United States,America/Chicago,Seed,Food & Beverage; Restaurant Tech; Consumer,250000,1500000,"We back consumer food and beverage brands at pre-seed and seed, with a strong preference for operators who have actually run kitchens.",Vice City Eats; Nightcap Brands; Second Shift Foods; Palmetto Provisions,Nightcap Brands; Vice City Eats,Wrote about why late night is the only daypart still growing for restaurants.,2025-04-26,https://www.linkedin.com/in/ivanhaddad
Clara Vasquez,Halcyon Partners,Managing Partner,clara.vasquez@halcyon.vc,https://halcyon.vc,Austin,United States,America/Chicago,Series A; Series B,Enterprise SaaS; Security; DevTools,250000,1500000,"Hard tech at seed: space, defense and advanced manufacturing.",Terrace; Ninefold; Cartwheel; Basalt,Terrace; Ninefold,Published notes on developer tooling consolidation.,2026-05-13,https://www.linkedin.com/in/claravasquez
Hana Silva,Grove Lane Labs,Managing Director,hana.silva@grovelane.vc,https://grovelane.vc,Fort Lauderdale,United States,America/New_York,Seed; Series A,Last Mile Logistics; Marketplaces; Consumer,$100k,$500k,We invest in DTC and consumer brands where the founder owns the customer relationship rather than renting it from a platform.,Late Plate; Coral Way Kitchen; Cartwheel; Vice City Eats,Coral Way Kitchen; Vice City Eats,Posted a breakdown of Miami's nightlife spend and who actually captures it.,2026-02-27,https://www.linkedin.com/in/hanasilva
Marcus Fontaine,Beacon Ridge Capital,Principal,marcus.fontaine@beaconridge.vc,https://beaconridge.vc,Miami Beach,United States,America/New_York,Seed; Series A,Space; Defense; Advanced Manufacturing,$100k,$500k,We invest in therapeutics and platform biology.,Terrace; Orbital Freight; Ember Grid; Cartwheel,Terrace; Orbital Freight,Posted on why grid interconnection queues are the real climate bottleneck.,2026-02-24,https://www.linkedin.com/in/marcusfontaine
Ana Nguyen,Ashford Partners,Principal,ana.nguyen@ashford.vc,https://ashford.vc,San Francisco,United States,America/Los_Angeles,Growth,Restaurant Technology; Vertical SaaS; Hospitality,250000,1500000,"We back consumer food and beverage brands at pre-seed and seed, with a strong preference for operators who have actually run kitchens.",Palmetto Provisions; Late Plate; Vice City Eats; Nightcap Brands,Palmetto Provisions; Late Plate,Wrote about packaging as the real product problem in premium delivery.,2026-06-14,https://www.linkedin.com/in/ananguyen
Fatima Nguyen,Copper Beach Venture Partners,GP,fatima.nguyen@copperbeach.vc,https://copperbeach.vc,Miami Beach,United States,America/New_York,Growth,Climate; Energy Storage; Industrial,$50k,$250k,Enterprise infrastructure and developer tools at seed.,Basalt; Ninefold; Pixelforge; Orbital Freight,Pixelforge; Orbital Freight,Published notes on developer tooling consolidation.,2026-06-22,https://www.linkedin.com/in/fatimanguyen
Iris Sharma,Marlow Capital Partners,General Partner,iris.sharma@marlow.vc,https://marlow.vc,Stockholm,Sweden,Europe/Stockholm,"seed, series a",Biotech; Therapeutics; Life Sciences,$100k,$500k,"Hard tech at seed: space, defense and advanced manufacturing.",Bluewire; Pixelforge; Orbital Freight; Ninefold,Ninefold; Pixelforge,Published notes on developer tooling consolidation.,2026-06-09,https://www.linkedin.com/in/irissharma
Elena Sharma,Silverline Partners,Partner,elena.sharma@silverline.vc,https://silverline.vc,Fort Lauderdale,United States,America/New_York,Pre-Seed; Seed,Biotech; Therapeutics; Life Sciences,$100k,$500k,"Hard tech at seed: space, defense and advanced manufacturing.",Pixelforge; Basalt; Terrace; Ninefold,Terrace; Pixelforge,Published notes on developer tooling consolidation.,2026-07-19,https://www.linkedin.com/in/elenasharma
Amara Costa,Kestrel Labs,Founding Partner,amara.costa@kestrel.vc,https://kestrel.vc,New York,United States,America/New_York,Seed; Series A,Food & Beverage; Restaurant Tech; Consumer,$250k,$1M,"Early-stage consumer brands with real unit economics. We care about average order value, repeat rate and contribution margin before we care about the story.",Late Plate; Sunbelt Foods; Coral Way Kitchen; Palmetto Provisions,Sunbelt Foods; Palmetto Provisions,Posted on why multi-unit food concepts should stop signing restaurant leases.,2025-05-16,https://www.linkedin.com/in/amaracosta
Tomas Dubois,Hollow Creek Ventures,Founding Partner,tomas.dubois@hollowcreek.vc,https://hollowcreek.vc,Singapore,Singapore,Asia/Singapore,Series A; Series B,Food & Beverage; Restaurant Tech; Consumer,$50k,$250k,"We back consumer food and beverage brands at pre-seed and seed, with a strong preference for operators who have actually run kitchens.",Corridor Kitchens; Nightcap Brands; Palmetto Provisions; Vice City Eats,Palmetto Provisions; Vice City Eats,Posted on why multi-unit food concepts should stop signing restaurant leases.,2025-06-27,https://www.linkedin.com/in/tomasdubois
NADIA ANDERSEN,"Fifth Harbor Capital Partners, LLC",Partner,nadia.andersen@fifthharbor.vc,https://fifthharbor.vc,Austin,United States,America/Chicago,Growth,Restaurant Technology; Vertical SaaS; Hospitality,$50k,$250k,We fund multi-unit and franchise-ready food concepts that can replicate a playbook across corridors without heavy capex.,Vice City Eats; Harborline Hospitality; Brickell Provisions; Palmetto Provisions,Harborline Hospitality; Vice City Eats,Wrote about why late night is the only daypart still growing for restaurants.,2026-06-18,https://www.linkedin.com/in/nadiaandersen
Samir Larsen,Copper Beach Capital Partners,General Partner,samir.larsen@copperbeach.vc,https://copperbeach.vc,West Palm Beach,United States,America/New_York,Pre-seed/Seed,Crypto; Web3; DeFi,250000,1500000,"Hard tech at seed: space, defense and advanced manufacturing.",Ninefold; Bluewire; Terrace; Cartwheel,Terrace; Ninefold,Published notes on developer tooling consolidation.,2025-07-07,https://www.linkedin.com/in/samirlarsen
Daniel Novak,Marlow Partners,Venture Partner,daniel.novak@marlow.vc,https://marlow.vc,Coral Gables,United States,America/New_York,Series A; Series B,Biotech; Therapeutics; Life Sciences,$500k,$2M,"Hard tech at seed: space, defense and advanced manufacturing.",Terrace; Cartwheel; Basalt; Ember Grid,Basalt; Cartwheel,Posted on why grid interconnection queues are the real climate bottleneck.,2025-03-10,https://www.linkedin.com/in/danielnovak
Tomas Sharma,Copper Beach Labs,GP,tomas.sharma@copperbeach.vc,https://copperbeach.vc,New York,United States,America/New_York,Seed; Series A,Biotech; Therapeutics; Life Sciences,$50k,$250k,We invest in therapeutics and platform biology.,Pixelforge; Orbital Freight; Cartwheel; Bluewire,Cartwheel; Pixelforge,Wrote about validator economics and where the fees really go.,2026-07-11,https://www.linkedin.com/in/tomassharma
Amara Andersen,Tidewater Venture Partners,Venture Partner,amara.andersen@tidewater.vc,https://tidewater.vc,San Francisco,United States,America/Los_Angeles,Seed; Series A,Consumer Fintech; Loyalty; Payments,$50k,$250k,"Consumer and marketplace businesses at seed, especially last-mile logistics and anything that moves physical goods to a doorstep.",Cartwheel; Late Plate; Bluewire; Palmetto Provisions,Palmetto Provisions; Cartwheel,Wrote about why late night is the only daypart still growing for restaurants.,2026-04-01,https://www.linkedin.com/in/amaraandersen
Fatima Silva,Fifth Harbor Ventures,Managing Director,fatima.silva@fifthharbor.vc,https://fifthharbor.vc,Miami,United States,America/New_York,Early Stage,Space; Defense; Advanced Manufacturing,250000,1500000,"Hard tech at seed: space, defense and advanced manufacturing.",Terrace; Pixelforge; Bluewire; Ember Grid,Bluewire; Ember Grid,Wrote about validator economics and where the fees really go.,2026-03-24,https://www.linkedin.com/in/fatimasilva
Nadia Rossi,Granite Row Labs,Managing Partner,nadia.rossi@graniterow.vc,https://graniterow.vc,New York,United States,America/New_York,"seed, series a",Crypto; Web3; DeFi,$500k,$2M,We invest in crypto protocols and the tooling around them.,Terrace; Basalt; Ember Grid; Loomstack,Loomstack; Basalt,Published notes on developer tooling consolidation.,2026-05-03,https://www.linkedin.com/in/nadiarossi
Marcus Weber,Quarry Capital Partners,General Partner,marcus.weber@quarry.vc,https://quarry.vc,San Francisco,United States,America/Los_Angeles,Series A; Series B,Consumer Fintech; Loyalty; Payments,$250k,$1M,We invest in DTC and consumer brands where the founder owns the customer relationship rather than renting it from a platform.,Cartwheel; Pixelforge; Nocturne Hospitality; Nightcap Brands,Nightcap Brands; Cartwheel,Posted on why multi-unit food concepts should stop signing restaurant leases.,2025-05-15,https://www.linkedin.com/in/marcusweber
Hugo Petrov,Marlow Capital Partners,Senior Associate,hugo.petrov@marlow.vc,https://marlow.vc,Stockholm,Sweden,Europe/Stockholm,"seed, series a",Biotech; Therapeutics; Life Sciences,$100k,$500k,"Hard tech at seed: space, defense and advanced manufacturing.",Bluewire; Pixelforge; Orbital Freight; Ninefold,Pixelforge; Bluewire,Posted on why grid interconnection queues are the real climate bottleneck.,2026-05-07,https://www.linkedin.com/in/hugopetrov
Arjun Kaur,Highgate Venture Partners,Venture Partner,arjun.kaur@highgate.vc,https://highgate.vc,Miami,United States,America/New_York,Early Stage,Space; Defense; Advanced Manufacturing,$250k,$1M,Enterprise infrastructure and developer tools at seed.,Ember Grid; Loomstack; Cartwheel; Pixelforge,Cartwheel; Ember Grid,Published notes on developer tooling consolidation.,2026-03-28,https://www.linkedin.com/in/arjunkaur
Mateo Andersen,Northaven Capital Partners,Principal,mateo.andersen@northaven.vc,https://northaven.vc,Stockholm,Sweden,Europe/Stockholm,Series A; Series B,Crypto; Web3; DeFi,$500k,$2M,"Hard tech at seed: space, defense and advanced manufacturing.",Orbital Freight; Terrace; Cartwheel; Loomstack,Cartwheel; Orbital Freight,Wrote about validator economics and where the fees really go.,2026-05-05,https://www.linkedin.com/in/mateoandersen
Kenji Weber,Granite Row Capital Partners,GP,kenji.weber@graniterow.vc,https://graniterow.vc,Coral Gables,United States,America/New_York,Pre-Seed; Seed,Climate; Energy Storage; Industrial,$100k,$500k,"Hard tech at seed: space, defense and advanced manufacturing.",Pixelforge; Orbital Freight; Loomstack; Ninefold,Ninefold; Orbital Freight,Posted on why grid interconnection queues are the real climate bottleneck.,2026-06-26,https://www.linkedin.com/in/kenjiweber
Priya Berger,Granite Row Labs,Partner,priya.berger@graniterow.vc,https://graniterow.vc,New York,United States,America/New_York,"seed, series a",Crypto; Web3; DeFi,$500k,$2M,We invest in crypto protocols and the tooling around them.,Terrace; Basalt; Ember Grid; Loomstack,Loomstack; Ember Grid,Wrote about validator economics and where the fees really go.,2026-06-16,https://www.linkedin.com/in/priyaberger
Leah Berger,Windward Labs,Chief of Staff,leah.berger@windward.vc,https://windward.vc,Seattle,United States,America/Los_Angeles,"seed, series a",Enterprise SaaS; Security; DevTools,$100k,$500k,"Hard tech at seed: space, defense and advanced manufacturing.",Orbital Freight; Basalt; Pixelforge; Ember Grid,Basalt; Orbital Freight,Wrote about validator economics and where the fees really go.,2026-04-10,https://www.linkedin.com/in/leahberger
Hana Fontaine,Alder Ventures,GP,hello@alder.vc,https://alder.vc,Austin,United States,America/Chicago,Growth,Hospitality; Consumer; Franchise,$500k,$2M,We fund multi-unit and franchise-ready food concepts that can replicate a playbook across corridors without heavy capex.,Brickell Provisions; Coral Way Kitchen; Second Shift Foods; Late Plate,Coral Way Kitchen; Second Shift Foods,Wrote about why late night is the only daypart still growing for restaurants.,2026-04-24,https://www.linkedin.com/in/hanafontaine
Elena Larsen,Copper Beach Ventures,Managing Director,elena.larsen@copperbeach.vc,https://copperbeach.vc,San Francisco,United States,America/Los_Angeles,"seed, series a",Real Estate; Hospitality; PropTech,$50k,$250k,Hospitality real estate and the operating businesses inside it.,Ninefold; Second Shift Foods; Coral Way Kitchen; Late Plate; CloudKitchens,Late Plate; Coral Way Kitchen,Wrote about why late night is the only daypart still growing for restaurants.,2026-06-02,https://www.linkedin.com/in/elenalarsen
Nadia Baumann,Solstice Partners,Managing Partner,nadia.baumann@solstice.vc,https://solstice.vc,Chicago,United States,America/Chicago,Early Stage,Consumer; DTC; Marketplaces,$1M,$3M,We invest in DTC and consumer brands where the founder owns the customer relationship rather than renting it from a platform.,Ember Grid; Basalt; Cartwheel; Harborline Hospitality,Basalt; Cartwheel,Wrote about validator economics and where the fees really go.,2026-06-08,https://www.linkedin.com/in/nadiabaumann
Marcus Kowalski,Copper Beach Ventures,Managing Partner,marcus.kowalski@copperbeach.vc,https://copperbeach.vc,San Francisco,United States,America/Los_Angeles,"seed, series a",Real Estate; Hospitality; PropTech,$50k,$250k,Hospitality real estate and the operating businesses inside it.,Ninefold; Second Shift Foods; Coral Way Kitchen; Late Plate; CloudKitchens,CloudKitchens; Coral Way Kitchen,Blog post on why delivery-first brands beat restaurants that bolt delivery on.,2026-03-31,https://www.linkedin.com/in/marcuskowalski
Aisha Chen,Fifth Harbor Partners,Managing Director,aisha.chen@fifthharbor.vc,https://fifthharbor.vc,Miami Beach,United States,America/New_York,Seed,Restaurant Technology; Vertical SaaS; Hospitality,$100k,$500k,"We back consumer food and beverage brands at pre-seed and seed, with a strong preference for operators who have actually run kitchens.",Sunbelt Foods; Nocturne Hospitality; Late Plate; Coral Way Kitchen,Late Plate; Sunbelt Foods,Posted a breakdown of Miami's nightlife spend and who actually captures it.,2026-02-09,https://www.linkedin.com/in/aishachen
Zoe Berger,Northaven Capital Partners,Partner,zoe.berger@northaven.vc,https://northaven.vc,Stockholm,Sweden,Europe/Stockholm,Series A; Series B,Crypto; Web3; DeFi,$500k,$2M,"Hard tech at seed: space, defense and advanced manufacturing.",Orbital Freight; Terrace; Cartwheel; Loomstack,Loomstack; Cartwheel,Posted on why grid interconnection queues are the real climate bottleneck.,2026-03-25,https://www.linkedin.com/in/zoeberger
Hana Rossi,Solstice Ventures,Venture Partner,hana.rossi@solstice.vc,https://solstice.vc,Austin,United States,America/Chicago,Series A; Series B,Climate; Energy Storage; Industrial,$1M,$3M,"Climate infrastructure, with a focus on grid-scale storage.",Pixelforge; Terrace; Bluewire; Loomstack,Terrace; Bluewire,Wrote about validator economics and where the fees really go.,2025-05-22,https://www.linkedin.com/in/hanarossi
Daniel Kaur,Ironwood Capital,GP,daniel.kaur@ironwood.vc,https://ironwood.vc,Boston,United States,America/New_York,"seed, series a",Consumer Fintech; Loyalty; Payments,$100k,$500k,Hospitality real estate and the operating businesses inside it.,Orbital Freight; Harborline Hospitality; Corridor Kitchens; Vice City Eats,Vice City Eats; Orbital Freight,Wrote about why late night is the only daypart still growing for restaurants.,2025-08-08,https://www.linkedin.com/in/danielkaur
Amara Vasquez,Longshore Venture Partners,Managing Partner,,https://longshore.vc,Fort Lauderdale,United States,America/New_York,Series A; Series B,Consumer; DTC; Marketplaces,$100k,$500k,Hospitality real estate and the operating businesses inside it.,Ninefold; Coral Way Kitchen; Late Plate; Palmetto Provisions,Ninefold; Palmetto Provisions,Published notes on developer tooling consolidation.,2026-06-12,https://www.linkedin.com/in/amaravasquez
Iris Silva,Lantern Capital Partners,GP,iris.silva@lantern.vc,https://lantern.vc,Coral Gables,United States,America/New_York,Growth,Ghost Kitchens; Food Delivery; Logistics,$1M,$3M,"Early-stage consumer brands with real unit economics. We care about average order value, repeat rate and contribution margin before we care about the story.",Brickell Provisions; Second Shift Foods; Coral Way Kitchen; Sunbelt Foods,Sunbelt Foods; Second Shift Foods,Wrote about packaging as the real product problem in premium delivery.,2026-03-03,https://www.linkedin.com/in/irissilva
Clara Petrov,Ashford Ventures,Managing Director,clara.petrov@ashford.vc,https://ashford.vc,London,United Kingdom,Europe/London,"seed, series a",Climate; Energy Storage; Industrial,$1M,$3M,We invest in therapeutics and platform biology.,Loomstack; Terrace; Basalt; Ninefold,Loomstack; Basalt,Published notes on developer tooling consolidation.,2025-08-29,https://www.linkedin.com/in/clarapetrov
Arjun Okafor,Hollow Creek Venture Partners,Managing Partner,arjun.okafor@hollowcreek.vc,https://hollowcreek.vc,Coral Gables,United States,America/New_York,Pre-seed/Seed,Climate; Energy Storage; Industrial,$1M,$3M,"Climate infrastructure, with a focus on grid-scale storage.",Loomstack; Terrace; Orbital Freight; Pixelforge,Loomstack; Terrace,Wrote about validator economics and where the fees really go.,2026-06-30,https://www.linkedin.com/in/arjunokafor
Elena Kaur,Cedar Point Venture Partners,GP,elena.kaur@cedarpoint.vc,https://cedarpoint.vc,San Francisco,United States,America/Los_Angeles,Early Stage,Space; Defense; Advanced Manufacturing,$50k,$250k,"Hard tech at seed: space, defense and advanced manufacturing.",Orbital Freight; Ember Grid; Cartwheel; Loomstack,Loomstack; Orbital Freight,Posted on why grid interconnection queues are the real climate bottleneck.,2026-06-13,https://www.linkedin.com/in/elenakaur
Samir Sharma,Grove Lane Venture Partners,Founding Partner,samir.sharma@grovelane.vc,https://grovelane.vc,Chicago,United States,America/Chicago,Growth,Consumer Fintech; Loyalty; Payments,$250k,$1M,We invest in DTC and consumer brands where the founder owns the customer relationship rather than renting it from a platform.,Pixelforge; Harborline Hospitality; Basalt; Corridor Kitchens,Basalt; Pixelforge,Wrote about why late night is the only daypart still growing for restaurants.,2025-03-06,https://www.linkedin.com/in/samirsharma
Ruth Kowalski,Hollow Creek Capital,Founding Partner,ruth.kowalski@hollowcreek.vc,https://hollowcreek.vc,Toronto,Canada,America/Toronto,Seed,Ghost Kitchens; Food Delivery; Logistics,$50k,$250k,We fund multi-unit and franchise-ready food concepts that can replicate a playbook across corridors without heavy capex.,Vice City Eats; Second Shift Foods; Late Plate; Brickell Provisions,Vice City Eats; Brickell Provisions,Blog post on why delivery-first brands beat restaurants that bolt delivery on.,2025-03-11,https://www.linkedin.com/in/ruthkowalski
Lucas Chen,Halcyon Capital,Angel / Operator,lucas.chen@halcyon.vc,https://halcyon.vc,West Palm Beach,United States,America/New_York,Growth,Restaurant Technology; Vertical SaaS; Hospitality,$1M,$3M,"Our focus is the restaurant and hospitality stack: delivery, ghost kitchens, virtual brands and the logistics underneath them.",Vice City Eats; Second Shift Foods; Sunbelt Foods; Brickell Provisions,Vice City Eats; Second Shift Foods,Podcast appearance on ghost kitchen unit economics and where they break.,2026-04-17,https://www.linkedin.com/in/lucaschen
Lucas Alvarez,Ironwood Ventures,Principal,lucas.alvarez@ironwood.vc,https://ironwood.vc,Coral Gables,United States,America/New_York,Growth,Consumer; DTC; Marketplaces,$250k,$1M,"Consumer and marketplace businesses at seed, especially last-mile logistics and anything that moves physical goods to a doorstep.",Sunbelt Foods; Palmetto Provisions; Harborline Hospitality; Cartwheel,Cartwheel; Sunbelt Foods,Wrote about validator economics and where the fees really go.,2025-05-19,https://www.linkedin.com/in/lucasalvarez
Hana Andersen,Halcyon Labs,General Partner,hana.andersen@halcyon.vc,https://halcyon.vc,London,United Kingdom,Europe/London,Series A; Series B,Biotech; Therapeutics; Life Sciences,$50k,$250k,We invest in therapeutics and platform biology.,Ember Grid; Ninefold; Loomstack; Pixelforge,Pixelforge; Ninefold,Published notes on developer tooling consolidation.,2026-03-25,https://www.linkedin.com/in/hanaandersen
MARCUS LINDQVIST,"Tidewater Labs, LLC",GP,marcus.lindqvist@tidewater.vc,https://tidewater.vc,New York,United States,America/New_York,"seed, series a",Hospitality; Consumer; Franchise,$50k,$250k,"We invest in Miami consumer companies. Nightlife, hospitality and food are the categories this city exports, and we fund founders building in them.",Second Shift Foods; Sunbelt Foods; Late Plate; Nocturne Hospitality,Late Plate; Nocturne Hospitality,Wrote about why late night is the only daypart still growing for restaurants.,2025-09-30,https://www.linkedin.com/in/marcuslindqvist
Leah Larsen,Foundry Row Ventures,Partner,leah.larsen@foundryrow.vc,https://foundryrow.vc,Fort Lauderdale,United States,America/New_York,Pre-seed/Seed,Biotech; Therapeutics; Life Sciences,$250k,$1M,We invest in crypto protocols and the tooling around them.,Basalt; Orbital Freight; Ember Grid; Cartwheel; Nextbite,Nextbite; Basalt,Published notes on developer tooling consolidation.,2026-04-18,https://www.linkedin.com/in/leahlarsen
Marcus Okafor,Quarry Venture Partners,Founding Partner,hello@quarry.vc,https://quarry.vc,New York,United States,America/New_York,Pre-Seed; Seed,Enterprise SaaS; Security; DevTools,$1M,$3M,Enterprise infrastructure and developer tools at seed.,Bluewire; Orbital Freight; Basalt; Ninefold,Ninefold; Orbital Freight,Posted on why grid interconnection queues are the real climate bottleneck.,2026-03-13,https://www.linkedin.com/in/marcusokafor
Leah Farrell,Two Bridges Labs,General Partner,leah.farrell@twobridges.vc,https://twobridges.vc,Austin,United States,America/Chicago,Pre-Seed; Seed,Consumer Fintech; Loyalty; Payments,$500k,$2M,Hospitality real estate and the operating businesses inside it.,Coral Way Kitchen; Second Shift Foods; Ember Grid; Loomstack,Second Shift Foods; Ember Grid,Posted on why multi-unit food concepts should stop signing restaurant leases.,2026-04-20,https://www.linkedin.com/in/leahfarrell
Noah Nguyen,Rivermark Labs,Managing Director,noah.nguyen@rivermark.vc,https://rivermark.vc,Miami,United States,America/New_York,Early Stage,Consumer Fintech; Loyalty; Payments,$500k,$2M,Hospitality real estate and the operating businesses inside it.,Terrace; Loomstack; Late Plate; Vice City Eats,Late Plate; Terrace,Wrote about why late night is the only daypart still growing for restaurants.,2025-06-17,https://www.linkedin.com/in/noahnguyen
Fatima Costa,Two Bridges Capital Partners,Managing Partner,fatima.costa@twobridges.vc,https://twobridges.vc,New York,United States,America/New_York,Pre-Seed; Seed,Last Mile Logistics; Marketplaces; Consumer,250000,1500000,"Consumer and marketplace businesses at seed, especially last-mile logistics and anything that moves physical goods to a doorstep.",Ninefold; Bluewire; Ember Grid; Brickell Provisions,Ninefold; Brickell Provisions,Posted on why multi-unit food concepts should stop signing restaurant leases.,2026-03-26,https://www.linkedin.com/in/fatimacosta
Marcus Vasquez,Pinemark Capital Partners,General Partner,marcus.vasquez@pinemark.vc,https://pinemark.vc,San Francisco,United States,America/Los_Angeles,Pre-seed/Seed,Ghost Kitchens; Food Delivery; Logistics,250000,1500000,"Our focus is the restaurant and hospitality stack: delivery, ghost kitchens, virtual brands and the logistics underneath them.",Late Plate; Coral Way Kitchen; Palmetto Provisions; Corridor Kitchens,Coral Way Kitchen; Late Plate,Posted a breakdown of Miami's nightlife spend and who actually captures it.,2025-12-24,https://www.linkedin.com/in/marcusvasquez
Samir Vasquez,Blue Meridian Venture Partners,Managing Director,samir.vasquez@bluemeridian.vc,https://bluemeridian.vc,Seattle,United States,America/Los_Angeles,"seed, series a",Consumer Brands; CPG; Food,$100k,$500k,"We invest in Miami consumer companies. Nightlife, hospitality and food are the categories this city exports, and we fund founders building in them.",Vice City Eats; Nocturne Hospitality; Harborline Hospitality; Corridor Kitchens,Corridor Kitchens; Vice City Eats,Blog post on why delivery-first brands beat restaurants that bolt delivery on.,2025-04-01,https://www.linkedin.com/in/samirvasquez
Lucas Tanaka,Copper Beach Labs,General Partner,lucas.tanaka@copperbeach.vc,https://copperbeach.vc,New York,United States,America/New_York,Seed; Series A,Biotech; Therapeutics; Life Sciences,$50k,$250k,We invest in therapeutics and platform biology.,Pixelforge; Orbital Freight; Cartwheel; Bluewire,Orbital Freight; Pixelforge,Wrote about validator economics and where the fees really go.,2025-05-22,https://www.linkedin.com/in/lucastanaka
Ravi Costa,Northaven Ventures,Partner,submissions@northaven.vc,https://northaven.vc,Miami,United States,America/New_York,Seed; Series A,Food & Beverage; Restaurant Tech; Consumer,$500k,$2M,"We invest in Miami consumer companies. Nightlife, hospitality and food are the categories this city exports, and we fund founders building in them.",Corridor Kitchens; Palmetto Provisions; Brickell Provisions; Late Plate; Kitchen United,Late Plate; Corridor Kitchens,Wrote about packaging as the real product problem in premium delivery.,2025-12-30,https://www.linkedin.com/in/ravicosta
Lucas Okafor,Granite Row Labs,Managing Partner,lucas.okafor@graniterow.vc,https://graniterow.vc,New York,United States,America/New_York,"seed, series a",Crypto; Web3; DeFi,$500k,$2M,We invest in crypto protocols and the tooling around them.,Terrace; Basalt; Ember Grid; Loomstack,Basalt; Loomstack,Published notes on developer tooling consolidation.,2026-02-08,https://www.linkedin.com/in/lucasokafor
Tomas Rossi,Halcyon Partners,Managing Director,tomas.rossi@halcyon.vc,https://halcyon.vc,Austin,United States,America/Chicago,Series A; Series B,Enterprise SaaS; Security; DevTools,250000,1500000,"Hard tech at seed: space, defense and advanced manufacturing.",Terrace; Ninefold; Cartwheel; Basalt,Basalt; Terrace,Posted on why grid interconnection queues are the real climate bottleneck.,2026-05-14,https://www.linkedin.com/in/tomasrossi
Omar Kaur,Halcyon Partners,Principal,omar.kaur@halcyon.vc,https://halcyon.vc,Austin,United States,America/Chicago,Series A; Series B,Enterprise SaaS; Security; DevTools,250000,1500000,"Hard tech at seed: space, defense and advanced manufacturing.",Terrace; Ninefold; Cartwheel; Basalt,Terrace; Basalt,Published notes on developer tooling consolidation.,2025-10-24,https://www.linkedin.com/in/omarkaur
Daniel Larsen,Rivermark Capital,Managing Director,daniel.larsen@rivermark.vc,https://rivermark.vc,Seattle,United States,America/Los_Angeles,Series A; Series B,Enterprise SaaS; Security; DevTools,250000,1500000,Enterprise infrastructure and developer tools at seed.,Bluewire; Terrace; Ninefold; Pixelforge,Pixelforge; Ninefold,Wrote about validator economics and where the fees really go.,2026-02-13,https://www.linkedin.com/in/daniellarsen
WEI SILVA,"Cedar Point Partners, LLC",Founding Partner,wei.silva@cedarpoint.vc,https://cedarpoint.vc,Chicago,United States,America/Chicago,Seed; Series A,Ghost Kitchens; Food Delivery; Logistics,250000,1500000,"Our focus is the restaurant and hospitality stack: delivery, ghost kitchens, virtual brands and the logistics underneath them.",Corridor Kitchens; Second Shift Foods; Nightcap Brands; Vice City Eats,Second Shift Foods; Corridor Kitchens,Posted a breakdown of Miami's nightlife spend and who actually captures it.,2026-06-21,https://www.linkedin.com/in/weisilva
Freya Ramirez,Two Bridges Partners,General Partner,freya.ramirez@twobridges.vc,https://twobridges.vc,Miami Beach,United States,America/New_York,Seed; Series A,Crypto; Web3; DeFi,$50k,$250k,We invest in therapeutics and platform biology.,Ember Grid; Pixelforge; Orbital Freight; Loomstack,Loomstack; Ember Grid,Posted on why grid interconnection queues are the real climate bottleneck.,2026-06-02,https://www.linkedin.com/in/freyaramirez
Ade Larsen,Quarry Capital Partners,Partner,,https://quarry.vc,San Francisco,United States,America/Los_Angeles,Series A; Series B,Consumer Fintech; Loyalty; Payments,$250k,$1M,We invest in DTC and consumer brands where the founder owns the customer relationship rather than renting it from a platform.,Cartwheel; Pixelforge; Nocturne Hospitality; Nightcap Brands,Pixelforge; Cartwheel,Published notes on developer tooling consolidation.,2026-03-22,https://www.linkedin.com/in/adelarsen
Marcus Dubois,Vantage Hill Capital,Managing Director,marcus.dubois@vantagehill.vc,https://vantagehill.vc,Miami Beach,United States,America/New_York,Seed; Series A,Crypto; Web3; DeFi,$1M,$3M,Enterprise infrastructure and developer tools at seed.,Orbital Freight; Bluewire; Basalt; Ninefold,Basalt; Bluewire,Wrote about validator economics and where the fees really go.,2026-07-08,https://www.linkedin.com/in/marcusdubois
Nadia Novak,Halcyon Ventures,GP,nadia.novak@halcyon.vc,https://halcyon.vc,Coral Gables,United States,America/New_York,Seed,Climate; Energy Storage; Industrial,$500k,$2M,"Hard tech at seed: space, defense and advanced manufacturing.",Pixelforge; Ember Grid; Orbital Freight; Ninefold,Orbital Freight; Pixelforge,Wrote about validator economics and where the fees really go.,2026-06-13,https://www.linkedin.com/in/nadianovak
Ivan Fontaine,Pinemark Ventures,Managing Partner,ivan.fontaine@pinemark.vc,https://pinemark.vc,London,United Kingdom,Europe/London,Seed; Series A,Consumer Fintech; Loyalty; Payments,$500k,$2M,"Consumer and marketplace businesses at seed, especially last-mile logistics and anything that moves physical goods to a doorstep.",Bluewire; Late Plate; Coral Way Kitchen; Nightcap Brands,Coral Way Kitchen; Late Plate,Posted a breakdown of Miami's nightlife spend and who actually captures it.,2025-08-04,https://www.linkedin.com/in/ivanfontaine
